run_id,host_start,host_end,pid,program,cpu_seconds,mean_cpu_cores,affinity
evidence-c28-t-l-100-1,1790595494.0371158,1790595495.038187,115980,flyt-shm-worker,0.86,0.8590797411734837,"16,17,18,19"
evidence-c28-t-l-100-1,1790595494.0371158,1790595495.038187,116040,qemu-kvm,0.11,0.10988229247567816,"0,1,2,3,4,5,6,7"
evidence-c28-t-l-100-1,1790595495.038187,1790595496.0392203,115980,flyt-shm-worker,0.87,0.8691019516328866,"16,17,18,19"
evidence-c28-t-l-100-1,1790595495.038187,1790595496.0392203,116040,qemu-kvm,0.09,0.08990709844478137,"0,1,2,3,4,5,6,7"
evidence-c28-t-l-100-1,1790595496.0392203,1790595497.0402505,115980,flyt-shm-worker,0.87,0.8691046425913246,"16,17,18,19"
evidence-c28-t-l-100-1,1790595496.0392203,1790595497.0402505,116040,qemu-kvm,0.11,0.10988679389085712,"0,1,2,3,4,5,6,7"
evidence-c28-t-l-100-1,1790595497.0402505,1790595498.0413017,115980,flyt-shm-worker,0.86,0.8590969280348526,"16,17,18,19"
evidence-c28-t-l-100-1,1790595497.0402505,1790595498.0413017,116040,qemu-kvm,0.1,0.09989499163195961,"0,1,2,3,4,5,6,7"
evidence-c28-t-l-100-1,1790595498.0413017,1790595499.0423684,115980,flyt-shm-worker,0.87,0.8690729731364697,"16,17,18,19"
evidence-c28-t-l-100-1,1790595498.0413017,1790595499.0423684,116040,qemu-kvm,0.09,0.08990410066928997,"0,1,2,3,4,5,6,7"
evidence-c28-t-l-100-1,1790595499.0423684,1790595500.0434265,115980,flyt-shm-worker,0.86,0.8590909943978459,"16,17,18,19"
evidence-c28-t-l-100-1,1790595499.0423684,1790595500.0434265,116040,qemu-kvm,0.12,0.11987316200900174,"0,1,2,3,4,5,6,7"
evidence-c28-t-l-100-1,1790595500.0434265,1790595501.0444636,115980,flyt-shm-worker,0.86,0.8591090001700545,"16,17,18,19"
evidence-c28-t-l-100-1,1790595500.0434265,1790595501.0444636,116040,qemu-kvm,0.1,0.09989639536861099,"0,1,2,3,4,5,6,7"
evidence-c28-t-l-100-1,1790595501.0444636,1790595502.0447187,115980,flyt-shm-worker,0.87,0.8697781127499002,"16,17,18,19"
evidence-c28-t-l-100-1,1790595501.0444636,1790595502.0447187,116040,qemu-kvm,0.09,0.0899770461465414,"0,1,2,3,4,5,6,7"
evidence-c28-t-l-100-1,1790595502.0447187,1790595503.0457554,115980,flyt-shm-worker,0.86,0.859109409400922,"16,17,18,19"
evidence-c28-t-l-100-1,1790595502.0447187,1790595503.0457554,116040,qemu-kvm,0.09,0.08990679865823602,"0,1,2,3,4,5,6,7"
evidence-c28-t-l-100-1,1790595503.0457554,1790595504.046791,115980,flyt-shm-worker,0.87,0.8690998816761967,"16,17,18,19"
evidence-c28-t-l-100-1,1790595503.0457554,1790595504.046791,116040,qemu-kvm,0.12,0.11987584574844093,"0,1,2,3,4,5,6,7"
evidence-c28-t-l-100-1,1790595504.046791,1790595505.0478575,115980,flyt-shm-worker,0.87,0.8690731801188775,"16,17,18,19"
evidence-c28-t-l-100-1,1790595504.046791,1790595505.0478575,116040,qemu-kvm,0.12,0.11987216277501758,"0,1,2,3,4,5,6,7"
evidence-c28-t-l-100-1,1790595505.0478575,1790595506.0489025,115980,flyt-shm-worker,0.87,0.8690918089393184,"16,17,18,19"
evidence-c28-t-l-100-1,1790595505.0478575,1790595506.0489025,116040,qemu-kvm,0.11,0.10988517124520118,"0,1,2,3,4,5,6,7"
evidence-c28-t-l-100-1,1790595506.0489025,1790595507.049945,115980,flyt-shm-worker,0.88,0.8790834636720091,"16,17,18,19"
evidence-c28-t-l-100-1,1790595506.0489025,1790595507.049945,116040,qemu-kvm,0.07,0.06992709370118255,"0,1,2,3,4,5,6,7"
evidence-c28-t-l-100-1,1790595507.049945,1790595508.0507286,115980,flyt-shm-worker,0.87,0.8693189377714355,"16,17,18,19"
evidence-c28-t-l-100-1,1790595507.049945,1790595508.0507286,116040,qemu-kvm,0.09,0.08992954528670022,"0,1,2,3,4,5,6,7"
evidence-c28-t-l-100-1,1790595508.0507286,1790595509.0517633,115980,flyt-shm-worker,0.88,0.8790903729870883,"16,17,18,19"
evidence-c28-t-l-100-1,1790595508.0507286,1790595509.0517633,116040,qemu-kvm,0.08,0.07991730663518984,"0,1,2,3,4,5,6,7"
evidence-c28-t-l-100-1,1790595509.0517633,1790595510.0527265,115980,flyt-shm-worker,0.87,0.8691628127661764,"16,17,18,19"
evidence-c28-t-l-100-1,1790595509.0517633,1790595510.0527265,116040,qemu-kvm,0.12,0.11988452589878294,"0,1,2,3,4,5,6,7"
evidence-c28-t-l-100-1,1790595510.0527265,1790595511.0537658,115980,flyt-shm-worker,0.87,0.8690967767596495,"16,17,18,19"
evidence-c28-t-l-100-1,1790595510.0527265,1790595511.0537658,116040,qemu-kvm,0.08,0.07991694498939306,"0,1,2,3,4,5,6,7"
evidence-c28-t-l-100-1,1790595511.0537658,1790595512.0547984,115980,flyt-shm-worker,0.87,0.8691025726218163,"16,17,18,19"
evidence-c28-t-l-100-1,1790595511.0537658,1790595512.0547984,116040,qemu-kvm,0.09,0.08990716268501549,"0,1,2,3,4,5,6,7"
evidence-c28-t-l-100-1,1790595512.0547984,1790595513.0577025,115980,flyt-shm-worker,0.87,0.8674806828028627,"16,17,18,19"
evidence-c28-t-l-100-1,1790595512.0547984,1790595513.0577025,116040,qemu-kvm,0.09,0.08973938097960649,"0,1,2,3,4,5,6,7"
evidence-c28-t-l-100-1,1790595513.0577025,1790595514.0587423,115980,flyt-shm-worker,0.87,0.8690963627724526,"16,17,18,19"
evidence-c28-t-l-100-1,1790595513.0577025,1790595514.0587423,116040,qemu-kvm,0.11,0.10988574701720666,"0,1,2,3,4,5,6,7"
evidence-c28-t-l-100-1,1790595514.0587423,1790595515.059779,115980,flyt-shm-worker,0.87,0.8690990536962816,"16,17,18,19"
evidence-c28-t-l-100-1,1790595514.0587423,1790595515.059779,116040,qemu-kvm,0.09,0.08990679865823602,"0,1,2,3,4,5,6,7"
evidence-c28-t-l-100-1,1790595515.059779,1790595516.0608144,115980,flyt-shm-worker,0.86,0.8591104324797965,"16,17,18,19"
evidence-c28-t-l-100-1,1790595515.059779,1790595516.0608144,116040,qemu-kvm,0.09,0.08990690572462987,"0,1,2,3,4,5,6,7"
evidence-c28-t-l-100-1,1790595516.0608144,1790595517.061848,115980,flyt-shm-worker,0.87,0.8691017446367739,"16,17,18,19"
evidence-c28-t-l-100-1,1790595516.0608144,1790595517.061848,116040,qemu-kvm,0.1,0.09989675225710046,"0,1,2,3,4,5,6,7"
evidence-c28-t-l-100-1,1790595517.061848,1790595518.0637043,115980,flyt-shm-worker,0.87,0.8683879878822205,"16,17,18,19"
evidence-c28-t-l-100-1,1790595517.061848,1790595518.0637043,116040,qemu-kvm,0.09,0.08983324012574695,"0,1,2,3,4,5,6,7"
evidence-c28-t-l-100-1,1790595518.0637043,1790595519.064753,115980,flyt-shm-worker,0.86,0.8590989741355842,"16,17,18,19"
evidence-c28-t-l-100-1,1790595518.0637043,1790595519.064753,116040,qemu-kvm,0.1,0.09989522955064933,"0,1,2,3,4,5,6,7"
evidence-c28-t-l-100-1,1790595519.064753,1790595520.0657804,115980,flyt-shm-worker,0.88,0.8790968636547355,"16,17,18,19"
evidence-c28-t-l-100-1,1790595519.064753,1790595520.0657804,116040,qemu-kvm,0.08,0.07991789669588505,"0,1,2,3,4,5,6,7"
evidence-c28-t-l-100-1,1790595520.0657804,1790595521.0668168,115980,flyt-shm-worker,0.86,0.859109614016502,"16,17,18,19"
evidence-c28-t-l-100-1,1790595520.0657804,1790595521.0668168,116040,qemu-kvm,0.08,0.07991717339688391,"0,1,2,3,4,5,6,7"
evidence-c28-t-l-100-1,1790595521.0668168,1790595522.0678525,115980,flyt-shm-worker,0.86,0.8591102278638266,"16,17,18,19"
evidence-c28-t-l-100-1,1790595521.0668168,1790595522.0678525,116040,qemu-kvm,0.09,0.08990688431133069,"0,1,2,3,4,5,6,7"
evidence-c28-t-l-100-1,1790595522.0678525,1790595523.070703,115980,flyt-shm-worker,0.88,0.8774986615187839,"16,17,18,19"
evidence-c28-t-l-100-1,1790595522.0678525,1790595523.070703,116040,qemu-kvm,0.1,0.0997157569907709,"0,1,2,3,4,5,6,7"
evidence-c28-t-l-100-1,1790595523.070703,1790595524.071739,115980,flyt-shm-worker,0.86,0.8591100232479543,"16,17,18,19"
evidence-c28-t-l-100-1,1790595523.070703,1790595524.071739,116040,qemu-kvm,0.1,0.09989651433115748,"0,1,2,3,4,5,6,7"
evidence-c28-t-l-100-1,1790595524.071739,1790595525.0727744,115980,flyt-shm-worker,0.87,0.869100088671422,"16,17,18,19"
evidence-c28-t-l-100-1,1790595524.071739,1790595525.0727744,116040,qemu-kvm,0.08,0.07991724953300433,"0,1,2,3,4,5,6,7"
evidence-c28-t-l-100-1,1790595525.0727744,1790595526.0738077,115980,flyt-shm-worker,0.86,0.8591122740279109,"16,17,18,19"
evidence-c28-t-l-100-1,1790595525.0727744,1790595526.0738077,116040,qemu-kvm,0.08,0.07991742083980567,"0,1,2,3,4,5,6,7"
evidence-c28-t-l-100-1,1790595526.0738077,1790595527.074835,115980,flyt-shm-worker,0.87,0.8691071265677499,"16,17,18,19"
evidence-c28-t-l-100-1,1790595526.0738077,1790595527.074835,116040,qemu-kvm,0.09,0.08990763378287067,"0,1,2,3,4,5,6,7"
evidence-c28-t-l-100-1,1790595527.074835,1790595528.0757153,115980,flyt-shm-worker,0.87,0.8692348634920091,"16,17,18,19"
evidence-c28-t-l-100-1,1790595527.074835,1790595528.0757153,116040,qemu-kvm,0.08,0.07992964261995486,"0,1,2,3,4,5,6,7"
evidence-c28-t-l-100-1,1790595528.0757153,1790595529.0767708,115980,flyt-shm-worker,0.87,0.8690827014162136,"16,17,18,19"
evidence-c28-t-l-100-1,1790595528.0757153,1790595529.0767708,116040,qemu-kvm,0.09,0.08990510704305658,"0,1,2,3,4,5,6,7"
evidence-c28-t-l-100-1,1790595529.0767708,1790595530.0777972,115980,flyt-shm-worker,0.87,0.8691079545630469,"16,17,18,19"
evidence-c28-t-l-100-1,1790595529.0767708,1790595530.0777972,116040,qemu-kvm,0.11,0.10988721264590248,"0,1,2,3,4,5,6,7"
evidence-c28-t-l-100-1,1790595530.0777972,1790595531.0788438,115980,flyt-shm-worker,0.87,0.8690903600024198,"16,17,18,19"
evidence-c28-t-l-100-1,1790595530.0777972,1790595531.0788438,116040,qemu-kvm,0.08,0.07991635494275125,"0,1,2,3,4,5,6,7"
evidence-c28-t-l-100-1,1790595531.0788438,1790595532.0798764,115980,flyt-shm-worker,0.87,0.8691025726218163,"16,17,18,19"
evidence-c28-t-l-100-1,1790595531.0788438,1790595532.0798764,116040,qemu-kvm,0.09,0.08990716268501549,"0,1,2,3,4,5,6,7"
evidence-c28-t-l-100-1,1790595532.0798764,1790595533.080802,115980,flyt-shm-worker,0.87,0.8691955239715439,"16,17,18,19"
evidence-c28-t-l-100-1,1790595532.0798764,1790595533.080802,116040,qemu-kvm,0.08,0.07992602519278565,"0,1,2,3,4,5,6,7"
evidence-c28-t-l-100-1,1790595533.080802,1790595534.0818355,115980,flyt-shm-worker,0.88,0.8790914198624841,"16,17,18,19"
evidence-c28-t-l-100-1,1790595533.080802,1790595534.0818355,116040,qemu-kvm,0.09,0.0899070770313904,"0,1,2,3,4,5,6,7"
evidence-c28-t-l-100-1,1790595534.0818355,1790595535.0828817,115980,flyt-shm-worker,0.86,0.8591012248576462,"16,17,18,19"
evidence-c28-t-l-100-1,1790595534.0818355,1790595535.0828817,116040,qemu-kvm,0.09,0.0899059421362653,"0,1,2,3,4,5,6,7"
evidence-c28-t-l-100-1,1790595535.0828817,1790595536.0839276,115980,flyt-shm-worker,0.87,0.8690909809747848,"16,17,18,19"
evidence-c28-t-l-100-1,1790595535.0828817,1790595536.0839276,116040,qemu-kvm,0.11,0.10988506656003026,"0,1,2,3,4,5,6,7"
evidence-c28-t-l-100-1,1790595536.0839276,1790595537.0849576,115980,flyt-shm-worker,0.87,0.8691048495888176,"16,17,18,19"
evidence-c28-t-l-100-1,1790595536.0839276,1790595537.0849576,116040,qemu-kvm,0.08,0.07991768731851197,"0,1,2,3,4,5,6,7"
evidence-c28-t-l-100-1,1790595537.0849576,1790595538.0857103,115980,flyt-shm-worker,0.86,0.859353175645944,"16,17,18,19"
evidence-c28-t-l-100-1,1790595537.0849576,1790595538.0857103,116040,qemu-kvm,0.08,0.07993983029264597,"0,1,2,3,4,5,6,7"
evidence-c28-t-l-100-1,1790595538.0857103,1790595539.0867584,115980,flyt-shm-worker,0.88,0.8790786481529997,"16,17,18,19"
evidence-c28-t-l-100-1,1790595538.0857103,1790595539.0867584,116040,qemu-kvm,0.1,0.09989530092647725,"0,1,2,3,4,5,6,7"
evidence-c28-t-l-100-1,1790595539.0867584,1790595540.0877922,115980,flyt-shm-worker,0.87,0.8691015376407598,"16,17,18,19"
evidence-c28-t-l-100-1,1790595539.0867584,1790595540.0877922,116040,qemu-kvm,0.08,0.07991738277156413,"0,1,2,3,4,5,6,7"
evidence-c28-t-l-100-1,1790595540.0877922,1790595541.088825,115980,flyt-shm-worker,0.86,0.8591126832618974,"16,17,18,19"
evidence-c28-t-l-100-1,1790595540.0877922,1790595541.088825,116040,qemu-kvm,0.09,0.08990714127159391,"0,1,2,3,4,5,6,7"
evidence-c28-t-l-100-1,1790595541.088825,1790595542.0898602,115980,flyt-shm-worker,0.88,0.879089954237628,"16,17,18,19"
evidence-c28-t-l-100-1,1790595541.088825,1790595542.0898602,116040,qemu-kvm,0.08,0.0799172685670571,"0,1,2,3,4,5,6,7"
evidence-c28-t-l-100-1,1790595542.0898602,1790595543.0924585,115980,flyt-shm-worker,0.86,0.8577712652091386,"16,17,18,19"
evidence-c28-t-l-100-1,1790595542.0898602,1790595543.0924585,116040,qemu-kvm,0.13,0.1296630982292884,"0,1,2,3,4,5,6,7"
evidence-c28-t-l-100-1,1790595543.0924585,1790595544.0935156,115980,flyt-shm-worker,0.87,0.8690812525096827,"16,17,18,19"
evidence-c28-t-l-100-1,1790595543.0924585,1790595544.0935156,116040,qemu-kvm,0.09,0.08990495715617407,"0,1,2,3,4,5,6,7"
evidence-c28-t-l-100-1,1790595544.0935156,1790595545.0945864,115980,flyt-shm-worker,0.87,0.8690694544506221,"16,17,18,19"
evidence-c28-t-l-100-1,1790595544.0935156,1790595545.0945864,116040,qemu-kvm,0.1,0.09989304074145082,"0,1,2,3,4,5,6,7"
evidence-c28-t-l-100-1,1790595545.0945864,1790595546.0956182,115980,flyt-shm-worker,0.86,0.85911350173104,"16,17,18,19"
evidence-c28-t-l-100-1,1790595545.0945864,1790595546.0956182,116040,qemu-kvm,0.1,0.09989691880593489,"0,1,2,3,4,5,6,7"
evidence-c28-t-l-100-1,1790595546.0956182,1790595547.0966592,115980,flyt-shm-worker,0.86,0.8591057263371497,"16,17,18,19"
evidence-c28-t-l-100-1,1790595546.0956182,1790595547.0966592,116040,qemu-kvm,0.07,0.06992721028325637,"0,1,2,3,4,5,6,7"
evidence-c28-t-l-100-1,1790595547.0966592,1790595548.0974574,115980,flyt-shm-worker,0.88,0.879298121902435,"16,17,18,19"
evidence-c28-t-l-100-1,1790595547.0966592,1790595548.0974574,116040,qemu-kvm,0.09,0.08992821701274903,"0,1,2,3,4,5,6,7"
evidence-c28-t-l-100-1,1790595548.0974574,1790595549.098468,115980,flyt-shm-worker,0.86,0.8591317130728445,"16,17,18,19"
evidence-c28-t-l-100-1,1790595548.0974574,1790595549.098468,116040,qemu-kvm,0.11,0.10988894004420105,"0,1,2,3,4,5,6,7"
evidence-c28-t-l-100-1,1790595549.098468,1790595550.099503,115980,flyt-shm-worker,0.87,0.8691005026621684,"16,17,18,19"
evidence-c28-t-l-100-1,1790595549.098468,1790595550.099503,116040,qemu-kvm,0.09,0.08990694855125879,"0,1,2,3,4,5,6,7"
evidence-c28-t-l-100-1,1790595550.099503,1790595551.1005883,115980,flyt-shm-worker,0.87,0.8690568288124194,"16,17,18,19"
evidence-c28-t-l-100-1,1790595550.099503,1790595551.1005883,116040,qemu-kvm,0.08,0.07991327161493511,"0,1,2,3,4,5,6,7"
evidence-c28-t-l-100-1,1790595551.1005883,1790595552.101623,115980,flyt-shm-worker,0.88,0.8790903729870883,"16,17,18,19"
evidence-c28-t-l-100-1,1790595551.1005883,1790595552.101623,116040,qemu-kvm,0.09,0.08990696996458857,"0,1,2,3,4,5,6,7"
evidence-c28-t-l-100-1,1790595552.101623,1790595553.1026669,115980,flyt-shm-worker,0.86,0.8591032709788452,"16,17,18,19"
evidence-c28-t-l-100-1,1790595552.101623,1790595553.1026669,116040,qemu-kvm,0.08,0.07991658334686932,"0,1,2,3,4,5,6,7"
evidence-c28-t-l-50-1,1790595637.1827323,1790595638.1837149,121882,flyt-shm-worker,0.86,0.8591558596378404,"16,17,18,19"
evidence-c28-t-l-50-1,1790595637.1827323,1790595638.1837149,121961,qemu-kvm,0.1,0.09990184414393494,"0,1,2,3,4,5,6,7"
evidence-c28-t-l-50-1,1790595638.1837149,1790595639.184763,121882,flyt-shm-worker,0.86,0.8590995879677042,"16,17,18,19"
evidence-c28-t-l-50-1,1790595638.1837149,1790595639.184763,121961,qemu-kvm,0.09,0.08990577083382952,"0,1,2,3,4,5,6,7"
evidence-c28-t-l-50-1,1790595639.184763,1790595640.1857994,121882,flyt-shm-worker,0.88,0.879088907365723,"16,17,18,19"
evidence-c28-t-l-50-1,1790595639.184763,1790595640.1857994,121961,qemu-kvm,0.09,0.08990682007149439,"0,1,2,3,4,5,6,7"
evidence-c28-t-l-50-1,1790595640.1857994,1790595641.186833,121882,flyt-shm-worker,0.87,0.8691017446367739,"16,17,18,19"
evidence-c28-t-l-50-1,1790595640.1857994,1790595641.186833,121961,qemu-kvm,0.1,0.09989675225710046,"0,1,2,3,4,5,6,7"
evidence-c28-t-l-50-1,1790595641.186833,1790595642.1879108,121882,flyt-shm-worker,0.87,0.8690632450745149,"16,17,18,19"
evidence-c28-t-l-50-1,1790595641.186833,1790595642.1879108,121961,qemu-kvm,0.08,0.07991386161604735,"0,1,2,3,4,5,6,7"
evidence-c28-t-l-50-1,1790595642.1879108,1790595643.1889458,121882,flyt-shm-worker,0.87,0.8691005026621684,"16,17,18,19"
evidence-c28-t-l-50-1,1790595642.1879108,1790595643.1889458,121961,qemu-kvm,0.1,0.09989660950139867,"0,1,2,3,4,5,6,7"
evidence-c28-t-l-50-1,1790595643.1889458,1790595644.1899781,121882,flyt-shm-worker,0.87,0.8691027796183235,"16,17,18,19"
evidence-c28-t-l-50-1,1790595643.1889458,1790595644.1899781,121961,qemu-kvm,0.08,0.07991749697639756,"0,1,2,3,4,5,6,7"
evidence-c28-t-l-50-1,1790595644.1899781,1790595645.191008,121882,flyt-shm-worker,0.87,0.8691048495888176,"16,17,18,19"
evidence-c28-t-l-50-1,1790595644.1899781,1790595645.191008,121961,qemu-kvm,0.1,0.09989710914813997,"0,1,2,3,4,5,6,7"
evidence-c28-t-l-50-1,1790595645.191008,1790595646.1920323,121882,flyt-shm-worker,0.87,0.8691098175582337,"16,17,18,19"
evidence-c28-t-l-50-1,1790595645.191008,1790595646.1920323,121961,qemu-kvm,0.08,0.07991814414328585,"0,1,2,3,4,5,6,7"
evidence-c28-t-l-50-1,1790595646.1920323,1790595647.1927722,121882,flyt-shm-worker,0.86,0.8593642312980371,"16,17,18,19"
evidence-c28-t-l-50-1,1790595646.1920323,1790595647.1927722,121961,qemu-kvm,0.09,0.08993346606607365,"0,1,2,3,4,5,6,7"
evidence-c28-t-l-50-1,1790595647.1927722,1790595648.1938043,121882,flyt-shm-worker,0.88,0.8790926761162502,"16,17,18,19"
evidence-c28-t-l-50-1,1790595647.1927722,1790595648.1938043,121961,qemu-kvm,0.16,0.15983503202113641,"0,1,2,3,4,5,6,7"
evidence-c28-t-l-50-1,1790595648.1938043,1790595649.1948364,121882,flyt-shm-worker,0.86,0.8591132971136082,"16,17,18,19"
evidence-c28-t-l-50-1,1790595648.1938043,1790595649.1948364,121961,qemu-kvm,0.08,0.07991751601056821,"0,1,2,3,4,5,6,7"
evidence-c28-t-l-50-1,1790595649.1948364,1790595650.195904,121882,flyt-shm-worker,0.87,0.8690721452078245,"16,17,18,19"
evidence-c28-t-l-50-1,1790595649.1948364,1790595650.195904,121961,qemu-kvm,0.1,0.09989335002388788,"0,1,2,3,4,5,6,7"
evidence-c28-t-l-50-1,1790595650.195904,1790595651.1969573,121882,flyt-shm-worker,0.87,0.869084564303138,"16,17,18,19"
evidence-c28-t-l-50-1,1790595650.195904,1790595651.1969573,121961,qemu-kvm,0.1,0.09989477750610781,"0,1,2,3,4,5,6,7"
evidence-c28-t-l-50-1,1790595651.1969573,1790595652.1980197,121882,flyt-shm-worker,0.88,0.8790660861778239,"16,17,18,19"
evidence-c28-t-l-50-1,1790595651.1969573,1790595652.1980197,121961,qemu-kvm,0.1,0.09989387342929817,"0,1,2,3,4,5,6,7"
evidence-c28-t-l-50-1,1790595652.1980197,1790595653.1990738,121882,flyt-shm-worker,0.86,0.8590944727268397,"16,17,18,19"
evidence-c28-t-l-50-1,1790595652.1980197,1790595653.1990738,121961,qemu-kvm,0.1,0.09989470613102788,"0,1,2,3,4,5,6,7"
evidence-c28-t-l-50-1,1790595653.1990738,1790595654.2001264,121882,flyt-shm-worker,0.87,0.8690851852672208,"16,17,18,19"
evidence-c28-t-l-50-1,1790595653.1990738,1790595654.2001264,121961,qemu-kvm,0.15,0.14984227332193462,"0,1,2,3,4,5,6,7"
evidence-c28-t-l-50-1,1790595654.2001264,1790595655.2012022,121882,flyt-shm-worker,0.87,0.8690651078780304,"16,17,18,19"
evidence-c28-t-l-50-1,1790595654.2001264,1790595655.2012022,121961,qemu-kvm,0.1,0.0998925411354058,"0,1,2,3,4,5,6,7"
evidence-c28-t-l-50-1,1790595655.2012022,1790595656.2022588,121882,flyt-shm-worker,0.86,0.8590922220401568,"16,17,18,19"
evidence-c28-t-l-50-1,1790595655.2012022,1790595656.2022588,121961,qemu-kvm,0.1,0.09989444442327405,"0,1,2,3,4,5,6,7"
evidence-c28-t-l-50-1,1790595656.2022588,1790595657.202766,121882,flyt-shm-worker,0.87,0.869559032425411,"16,17,18,19"
evidence-c28-t-l-50-1,1790595656.2022588,1790595657.202766,121961,qemu-kvm,0.11,0.10994424547907496,"0,1,2,3,4,5,6,7"
evidence-c28-t-l-50-1,1790595657.202766,1790595658.203824,121882,flyt-shm-worker,0.87,0.8690804245652627,"16,17,18,19"
evidence-c28-t-l-50-1,1790595657.202766,1790595658.203824,121961,qemu-kvm,0.1,0.09989430167416813,"0,1,2,3,4,5,6,7"
evidence-c28-t-l-50-1,1790595658.203824,1790595659.204875,121882,flyt-shm-worker,0.87,0.8690866341868649,"16,17,18,19"
evidence-c28-t-l-50-1,1790595658.203824,1790595659.204875,121961,qemu-kvm,0.09,0.08990551388139982,"0,1,2,3,4,5,6,7"
evidence-c28-t-l-50-1,1790595659.204875,1790595660.205946,121882,flyt-shm-worker,0.86,0.8590799457749316,"16,17,18,19"
evidence-c28-t-l-50-1,1790595659.204875,1790595660.205946,121961,qemu-kvm,0.11,0.10988231864563079,"0,1,2,3,4,5,6,7"
evidence-c28-t-l-50-1,1790595660.205946,1790595661.2069736,121882,flyt-shm-worker,0.87,0.8691069195691721,"16,17,18,19"
evidence-c28-t-l-50-1,1790595660.205946,1790595661.2069736,121961,qemu-kvm,0.11,0.10988708178460797,"0,1,2,3,4,5,6,7"
evidence-c28-t-l-50-1,1790595661.2069736,1790595662.2080023,121882,flyt-shm-worker,0.86,0.8591161617665237,"16,17,18,19"
evidence-c28-t-l-50-1,1790595661.2069736,1790595662.2080023,121961,qemu-kvm,0.08,0.07991778248990919,"0,1,2,3,4,5,6,7"
evidence-c28-t-l-50-1,1790595662.2080023,1790595663.2090273,121882,flyt-shm-worker,0.86,0.8591194356789628,"16,17,18,19"
evidence-c28-t-l-50-1,1790595662.2080023,1790595663.2090273,121961,qemu-kvm,0.08,0.07991808703990351,"0,1,2,3,4,5,6,7"
evidence-c28-t-l-50-1,1790595663.2090273,1790595664.2100594,121882,flyt-shm-worker,0.87,0.8691029866149292,"16,17,18,19"
evidence-c28-t-l-50-1,1790595663.2090273,1790595664.2100594,121961,qemu-kvm,0.09,0.08990720551188923,"0,1,2,3,4,5,6,7"
evidence-c28-t-l-50-1,1790595664.2100594,1790595665.2110825,121882,flyt-shm-worker,0.87,0.8691108525590108,"16,17,18,19"
evidence-c28-t-l-50-1,1790595664.2100594,1790595665.2110825,121961,qemu-kvm,0.08,0.0799182393157711,"0,1,2,3,4,5,6,7"
evidence-c28-t-l-50-1,1790595665.2110825,1790595666.211747,121882,flyt-shm-worker,0.87,0.869422292726081,"16,17,18,19"
evidence-c28-t-l-50-1,1790595665.2110825,1790595666.211747,121961,qemu-kvm,0.09,0.0899402371785601,"0,1,2,3,4,5,6,7"
evidence-c28-t-l-50-1,1790595666.211747,1790595667.212802,121882,flyt-shm-worker,0.86,0.8590936542939542,"16,17,18,19"
evidence-c28-t-l-50-1,1790595666.211747,1790595667.212802,121961,qemu-kvm,0.1,0.09989461096441328,"0,1,2,3,4,5,6,7"
evidence-c28-t-l-50-1,1790595667.212802,1790595668.2138705,121882,flyt-shm-worker,0.87,0.8690713172807568,"16,17,18,19"
evidence-c28-t-l-50-1,1790595667.212802,1790595668.2138705,121961,qemu-kvm,0.08,0.0799146038878857,"0,1,2,3,4,5,6,7"
evidence-c28-t-l-50-1,1790595668.2138705,1790595669.214902,121882,flyt-shm-worker,0.88,0.8790933042444797,"16,17,18,19"
evidence-c28-t-l-50-1,1790595668.2138705,1790595669.214902,121961,qemu-kvm,0.09,0.08990726975227634,"0,1,2,3,4,5,6,7"
evidence-c28-t-l-50-1,1790595669.214902,1790595670.215733,121882,flyt-shm-worker,0.88,0.8792692154681392,"16,17,18,19"
evidence-c28-t-l-50-1,1790595669.214902,1790595670.215733,121961,qemu-kvm,0.09,0.08992526067287787,"0,1,2,3,4,5,6,7"
evidence-c28-t-l-50-1,1790595670.215733,1790595671.2167404,121882,flyt-shm-worker,0.87,0.8691245148003027,"16,17,18,19"
evidence-c28-t-l-50-1,1790595670.215733,1790595671.2167404,121961,qemu-kvm,0.07,0.06992955866209333,"0,1,2,3,4,5,6,7"
evidence-c28-t-l-50-1,1790595671.2167404,1790595672.2177126,121882,flyt-shm-worker,0.87,0.8691549458815324,"16,17,18,19"
evidence-c28-t-l-50-1,1790595671.2167404,1790595672.2177126,121961,qemu-kvm,0.09,0.08991258060843439,"0,1,2,3,4,5,6,7"
evidence-c28-t-l-50-1,1790595672.2177126,1790595673.2187433,121882,flyt-shm-worker,0.87,0.869104228596634,"16,17,18,19"
evidence-c28-t-l-50-1,1790595672.2177126,1790595673.2187433,121961,qemu-kvm,0.07,0.06992792643880964,"0,1,2,3,4,5,6,7"
evidence-c28-t-l-50-1,1790595673.2187433,1790595674.219778,121882,flyt-shm-worker,0.87,0.8691007096576895,"16,17,18,19"
evidence-c28-t-l-50-1,1790595673.2187433,1790595674.219778,121961,qemu-kvm,0.1,0.0998966332939873,"0,1,2,3,4,5,6,7"
evidence-c28-t-l-50-1,1790595674.219778,1790595675.2208126,121882,flyt-shm-worker,0.87,0.8691009166533091,"16,17,18,19"
evidence-c28-t-l-50-1,1790595674.219778,1790595675.2208126,121961,qemu-kvm,0.09,0.08990699137792853,"0,1,2,3,4,5,6,7"
evidence-c28-t-l-50-1,1790595675.2208126,1790595676.2217455,121882,flyt-shm-worker,0.87,0.8691891057560864,"16,17,18,19"
evidence-c28-t-l-50-1,1790595675.2208126,1790595676.2217455,121961,qemu-kvm,0.09,0.08991611438856066,"0,1,2,3,4,5,6,7"
evidence-c28-t-l-50-1,1790595676.2217455,1790595677.222774,121882,flyt-shm-worker,0.88,0.879095816766374,"16,17,18,19"
evidence-c28-t-l-50-1,1790595676.2217455,1790595677.222774,121961,qemu-kvm,0.08,0.07991780152421582,"0,1,2,3,4,5,6,7"
evidence-c28-t-l-50-1,1790595677.222774,1790595678.2238061,121882,flyt-shm-worker,0.86,0.8591132971136082,"16,17,18,19"
evidence-c28-t-l-50-1,1790595677.222774,1790595678.2238061,121961,qemu-kvm,0.09,0.08990720551188923,"0,1,2,3,4,5,6,7"
evidence-c28-t-l-50-1,1790595678.2238061,1790595679.2247322,121882,flyt-shm-worker,0.86,0.8592043615007237,"16,17,18,19"
evidence-c28-t-l-50-1,1790595678.2238061,1790595679.2247322,121961,qemu-kvm,0.08,0.07992598711634638,"0,1,2,3,4,5,6,7"
evidence-c28-t-l-50-1,1790595679.2247322,1790595680.2257721,121882,flyt-shm-worker,0.88,0.8790857667649677,"16,17,18,19"
evidence-c28-t-l-50-1,1790595679.2247322,1790595680.2257721,121961,qemu-kvm,0.1,0.09989610985965543,"0,1,2,3,4,5,6,7"
evidence-c28-t-l-50-1,1790595680.2257721,1790595681.226804,121882,flyt-shm-worker,0.86,0.85911350173104,"16,17,18,19"
evidence-c28-t-l-50-1,1790595680.2257721,1790595681.226804,121961,qemu-kvm,0.08,0.07991753504474791,"0,1,2,3,4,5,6,7"
evidence-c28-t-l-50-1,1790595681.226804,1790595682.2277303,121882,flyt-shm-worker,0.88,0.879185648859544,"16,17,18,19"
evidence-c28-t-l-50-1,1790595681.226804,1790595682.2277303,121961,qemu-kvm,0.09,0.0899167140879079,"0,1,2,3,4,5,6,7"
evidence-c28-t-l-50-1,1790595682.2277303,1790595683.2287805,121882,flyt-shm-worker,0.86,0.8590977464739756,"16,17,18,19"
evidence-c28-t-l-50-1,1790595682.2277303,1790595683.2287805,121961,qemu-kvm,0.09,0.08990557811936954,"0,1,2,3,4,5,6,7"
evidence-c28-t-l-50-1,1790595683.2287805,1790595684.229819,121882,flyt-shm-worker,0.87,0.8690973977411841,"16,17,18,19"
evidence-c28-t-l-50-1,1790595683.2287805,1790595684.229819,121961,qemu-kvm,0.1,0.09989625261392922,"0,1,2,3,4,5,6,7"
evidence-c28-t-l-50-1,1790595684.229819,1790595685.2307558,121882,flyt-shm-worker,0.87,0.8691857931658391,"16,17,18,19"
evidence-c28-t-l-50-1,1790595684.229819,1790595685.2307558,121961,qemu-kvm,0.1,0.09990641300756771,"0,1,2,3,4,5,6,7"
evidence-c28-t-l-50-1,1790595685.2307558,1790595686.2318113,121882,flyt-shm-worker,0.87,0.8690827014162136,"16,17,18,19"
evidence-c28-t-l-50-1,1790595685.2307558,1790595686.2318113,121961,qemu-kvm,0.08,0.07991565070493918,"0,1,2,3,4,5,6,7"
evidence-c28-t-l-50-1,1790595686.2318113,1790595687.23285,121882,flyt-shm-worker,0.86,0.8591075678650884,"16,17,18,19"
evidence-c28-t-l-50-1,1790595686.2318113,1790595687.23285,121961,qemu-kvm,0.12,0.11987547458582629,"0,1,2,3,4,5,6,7"
evidence-c28-t-l-50-1,1790595687.23285,1790595688.2338977,121882,flyt-shm-worker,0.88,0.8790790668916888,"16,17,18,19"
evidence-c28-t-l-50-1,1790595687.23285,1790595688.2338977,121961,qemu-kvm,0.09,0.08990581365937726,"0,1,2,3,4,5,6,7"
evidence-c28-t-l-50-1,1790595688.2338977,1790595689.234844,121882,flyt-shm-worker,0.87,0.8691775118006857,"16,17,18,19"
evidence-c28-t-l-50-1,1790595688.2338977,1790595689.234844,121961,qemu-kvm,0.1,0.0999054611265156,"0,1,2,3,4,5,6,7"
evidence-c28-t-l-50-1,1790595689.234844,1790595690.2358367,121882,flyt-shm-worker,0.86,0.859147060308665,"16,17,18,19"
evidence-c28-t-l-50-1,1790595689.234844,1790595690.2358367,121961,qemu-kvm,0.09,0.08991073886951145,"0,1,2,3,4,5,6,7"
evidence-c28-t-l-50-1,1790595690.2358367,1790595691.2369313,121882,flyt-shm-worker,0.87,0.8690487568753208,"16,17,18,19"
evidence-c28-t-l-50-1,1790595690.2358367,1790595691.2369313,121961,qemu-kvm,0.08,0.07991252936784558,"0,1,2,3,4,5,6,7"
evidence-c28-t-l-50-1,1790595691.2369313,1790595692.2377503,121882,flyt-shm-worker,0.86,0.859296264012603,"16,17,18,19"
evidence-c28-t-l-50-1,1790595691.2369313,1790595692.2377503,121961,qemu-kvm,0.09,0.08992635321062124,"0,1,2,3,4,5,6,7"
evidence-c28-t-l-50-1,1790595692.2377503,1790595693.2387576,121882,flyt-shm-worker,0.87,0.8691245148003027,"16,17,18,19"
evidence-c28-t-l-50-1,1790595692.2377503,1790595693.2387576,121961,qemu-kvm,0.1,0.09989936951727618,"0,1,2,3,4,5,6,7"
evidence-c28-t-l-50-1,1790595693.2387576,1790595694.2397156,121882,flyt-shm-worker,0.87,0.8691673673434291,"16,17,18,19"
evidence-c28-t-l-50-1,1790595693.2387576,1790595694.2397156,121961,qemu-kvm,0.09,0.08991386558725128,"0,1,2,3,4,5,6,7"
evidence-c28-t-l-50-1,1790595694.2397156,1790595695.2408164,121882,flyt-shm-worker,0.87,0.869043375667225,"16,17,18,19"
evidence-c28-t-l-50-1,1790595694.2397156,1790595695.2408164,121961,qemu-kvm,0.07,0.06992303022609857,"0,1,2,3,4,5,6,7"
evidence-c28-t-l-50-1,1790595695.2408164,1790595696.2418807,121882,flyt-shm-worker,0.88,0.8790644112749264,"16,17,18,19"
evidence-c28-t-l-50-1,1790595695.2408164,1790595696.2418807,121961,qemu-kvm,0.09,0.0899043147894811,"0,1,2,3,4,5,6,7"
evidence-c28-t-l-25-1,1790595783.3277566,1790595784.3288124,127180,flyt-shm-worker,0.87,0.8690824944292705,"16,17,18,19"
evidence-c28-t-l-25-1,1790595783.3277566,1790595784.3288124,127387,qemu-kvm,0.09,0.0899050856306142,"0,1,2,3,4,5,6,7"
evidence-c28-t-l-25-1,1790595784.3288124,1790595785.3298564,127180,flyt-shm-worker,0.87,0.8690926369054296,"16,17,18,19"
evidence-c28-t-l-25-1,1790595784.3288124,1790595785.3298564,127387,qemu-kvm,0.12,0.11987484646971443,"0,1,2,3,4,5,6,7"
evidence-c28-t-l-25-1,1790595785.3298564,1790595786.330904,127180,flyt-shm-worker,0.86,0.859099997189605,"16,17,18,19"
evidence-c28-t-l-25-1,1790595785.3298564,1790595786.330904,127387,qemu-kvm,0.12,0.11987441821250301,"0,1,2,3,4,5,6,7"
evidence-c28-t-l-25-1,1790595786.330904,1790595787.331772,127180,flyt-shm-worker,0.87,0.8692454236537163,"16,17,18,19"
evidence-c28-t-l-25-1,1790595786.330904,1790595787.331772,127387,qemu-kvm,0.1,0.09991326708663406,"0,1,2,3,4,5,6,7"
evidence-c28-t-l-25-1,1790595787.331772,1790595788.3327456,127180,flyt-shm-worker,0.87,0.8691539107757337,"16,17,18,19"
evidence-c28-t-l-25-1,1790595787.331772,1790595788.3327456,127387,qemu-kvm,0.1,0.09990274836502686,"0,1,2,3,4,5,6,7"
evidence-c28-t-l-25-1,1790595788.3327456,1790595789.333715,127180,flyt-shm-worker,0.86,0.85916711485648,"16,17,18,19"
evidence-c28-t-l-25-1,1790595788.3327456,1790595789.333715,127387,qemu-kvm,0.11,0.10989346817931721,"0,1,2,3,4,5,6,7"
evidence-c28-t-l-25-1,1790595789.333715,1790595790.33472,127180,flyt-shm-worker,0.86,0.8591366241286511,"16,17,18,19"
evidence-c28-t-l-25-1,1790595789.333715,1790595790.33472,127387,qemu-kvm,0.12,0.11987952894818386,"0,1,2,3,4,5,6,7"
evidence-c28-t-l-25-1,1790595790.33472,1790595791.3357286,127180,flyt-shm-worker,0.86,0.8591333500852083,"16,17,18,19"
evidence-c28-t-l-25-1,1790595790.33472,1790595791.3357286,127387,qemu-kvm,0.11,0.10988914942950338,"0,1,2,3,4,5,6,7"
evidence-c28-t-l-25-1,1790595791.3357286,1790595792.3367484,127180,flyt-shm-worker,0.88,0.8791035637992931,"16,17,18,19"
evidence-c28-t-l-25-1,1790595791.3357286,1790595792.3367484,127387,qemu-kvm,0.13,0.1298675719248956,"0,1,2,3,4,5,6,7"
evidence-c28-t-l-25-1,1790595792.3367484,1790595793.337843,127180,flyt-shm-worker,0.86,0.8590596907043401,"16,17,18,19"
evidence-c28-t-l-25-1,1790595792.3367484,1790595793.337843,127387,qemu-kvm,0.15,0.14983599256471047,"0,1,2,3,4,5,6,7"
evidence-c28-t-l-25-1,1790595793.337843,1790595794.338714,127180,flyt-shm-worker,0.87,0.8692429388867013,"16,17,18,19"
evidence-c28-t-l-25-1,1790595793.337843,1790595794.338714,127387,qemu-kvm,0.1,0.09991298148123004,"0,1,2,3,4,5,6,7"
evidence-c28-t-l-25-1,1790595794.338714,1790595795.33979,127180,flyt-shm-worker,0.86,0.8590754445655896,"16,17,18,19"
evidence-c28-t-l-25-1,1790595794.338714,1790595795.33979,127387,qemu-kvm,0.12,0.11987099226496599,"0,1,2,3,4,5,6,7"
evidence-c28-t-l-25-1,1790595795.33979,1790595796.3407176,127180,flyt-shm-worker,0.86,0.8592031335378975,"16,17,18,19"
evidence-c28-t-l-25-1,1790595795.33979,1790595796.3407176,127387,qemu-kvm,0.1,0.09990734110905786,"0,1,2,3,4,5,6,7"
evidence-c28-t-l-25-1,1790595796.3407176,1790595797.3417275,127180,flyt-shm-worker,0.88,0.8791121485087673,"16,17,18,19"
evidence-c28-t-l-25-1,1790595796.3407176,1790595797.3417275,127387,qemu-kvm,0.11,0.10988901856359591,"0,1,2,3,4,5,6,7"
evidence-c28-t-l-25-1,1790595797.3417275,1790595798.342824,127180,flyt-shm-worker,0.86,0.8590580539726685,"16,17,18,19"
evidence-c28-t-l-25-1,1790595797.3417275,1790595798.342824,127387,qemu-kvm,0.13,0.129857612809822,"0,1,2,3,4,5,6,7"
evidence-c28-t-l-25-1,1790595798.342824,1790595799.3437202,127180,flyt-shm-worker,0.86,0.8592299448579023,"16,17,18,19"
evidence-c28-t-l-25-1,1790595798.342824,1790595799.3437202,127387,qemu-kvm,0.09,0.08991941283396652,"0,1,2,3,4,5,6,7"
evidence-c28-t-l-25-1,1790595799.3437202,1790595800.344764,127180,flyt-shm-worker,0.86,0.8591032709788452,"16,17,18,19"
evidence-c28-t-l-25-1,1790595799.3437202,1790595800.344764,127387,qemu-kvm,0.13,0.12986444793866267,"0,1,2,3,4,5,6,7"
evidence-c28-t-l-25-1,1790595800.344764,1790595801.3457096,127180,flyt-shm-worker,0.88,0.8791686861492949,"16,17,18,19"
evidence-c28-t-l-25-1,1790595800.344764,1790595801.3457096,127387,qemu-kvm,0.07,0.06993387276187574,"0,1,2,3,4,5,6,7"
evidence-c28-t-l-25-1,1790595801.3457096,1790595802.3467119,127180,flyt-shm-worker,0.86,0.8591388750479932,"16,17,18,19"
evidence-c28-t-l-25-1,1790595801.3457096,1790595802.3467119,127387,qemu-kvm,0.09,0.08990988227246441,"0,1,2,3,4,5,6,7"
evidence-c28-t-l-25-1,1790595802.3467119,1790595803.3477097,127180,flyt-shm-worker,0.88,0.8791228272838156,"16,17,18,19"
evidence-c28-t-l-25-1,1790595802.3467119,1790595803.3477097,127387,qemu-kvm,0.09,0.0899102891540266,"0,1,2,3,4,5,6,7"
evidence-c28-t-l-25-1,1790595803.3477097,1790595804.3487103,127180,flyt-shm-worker,0.87,0.8691303110324375,"16,17,18,19"
evidence-c28-t-l-25-1,1790595803.3477097,1790595804.3487103,127387,qemu-kvm,0.08,0.07992002860068391,"0,1,2,3,4,5,6,7"
evidence-c28-t-l-25-1,1790595804.3487103,1790595805.3497145,127180,flyt-shm-worker,0.87,0.869127205898465,"16,17,18,19"
evidence-c28-t-l-25-1,1790595804.3487103,1790595805.3497145,127387,qemu-kvm,0.1,0.09989967883890404,"0,1,2,3,4,5,6,7"
evidence-c28-t-l-25-1,1790595805.3497145,1790595806.3507245,127180,flyt-shm-worker,0.87,0.8691222377302587,"16,17,18,19"
evidence-c28-t-l-25-1,1790595805.3497145,1790595806.3507245,127387,qemu-kvm,0.09,0.08990919700657847,"0,1,2,3,4,5,6,7"
evidence-c28-t-l-25-1,1790595806.3507245,1790595807.3517652,127180,flyt-shm-worker,0.87,0.8690955347992423,"16,17,18,19"
evidence-c28-t-l-25-1,1790595806.3507245,1790595807.3517652,127387,qemu-kvm,0.09,0.08990643463440437,"0,1,2,3,4,5,6,7"
evidence-c28-t-l-25-1,1790595807.3517652,1790595808.3527899,127180,flyt-shm-worker,0.87,0.8691094035586131,"16,17,18,19"
evidence-c28-t-l-25-1,1790595807.3517652,1790595808.3527899,127387,qemu-kvm,0.08,0.07991810607435523,"0,1,2,3,4,5,6,7"
evidence-c28-t-l-25-1,1790595808.3527899,1790595809.3538082,127180,flyt-shm-worker,0.87,0.8691149925867705,"16,17,18,19"
evidence-c28-t-l-25-1,1790595808.3527899,1790595809.3538082,127387,qemu-kvm,0.09,0.08990844750897625,"0,1,2,3,4,5,6,7"
evidence-c28-t-l-25-1,1790595809.3538082,1790595810.3547215,127180,flyt-shm-worker,0.87,0.8692060831774109,"16,17,18,19"
evidence-c28-t-l-25-1,1790595809.3538082,1790595810.3547215,127387,qemu-kvm,0.08,0.07992699615424469,"0,1,2,3,4,5,6,7"
evidence-c28-t-l-25-1,1790595810.3547215,1790595811.3558168,127180,flyt-shm-worker,0.86,0.8590590769292323,"16,17,18,19"
evidence-c28-t-l-25-1,1790595810.3547215,1790595811.3558168,127387,qemu-kvm,0.1,0.09989059034060842,"0,1,2,3,4,5,6,7"
evidence-c28-t-l-25-1,1790595811.3558168,1790595812.3567293,127180,flyt-shm-worker,0.88,0.8791977953999054,"16,17,18,19"
evidence-c28-t-l-25-1,1790595811.3558168,1790595812.3567293,127387,qemu-kvm,0.09,0.08991795634771758,"0,1,2,3,4,5,6,7"
evidence-c28-t-l-25-1,1790595812.3567293,1790595813.3577578,127180,flyt-shm-worker,0.88,0.879095816766374,"16,17,18,19"
evidence-c28-t-l-25-1,1790595812.3567293,1790595813.3577578,127387,qemu-kvm,0.08,0.07991780152421582,"0,1,2,3,4,5,6,7"
evidence-c28-t-l-25-1,1790595813.3577578,1790595814.358712,127180,flyt-shm-worker,0.85,0.8491897446255704,"16,17,18,19"
evidence-c28-t-l-25-1,1790595813.3577578,1790595814.358712,127387,qemu-kvm,0.08,0.07992374067064192,"0,1,2,3,4,5,6,7"
evidence-c28-t-l-25-1,1790595814.358712,1790595815.3598747,127180,flyt-shm-worker,0.87,0.8689895672513283,"16,17,18,19"
evidence-c28-t-l-25-1,1790595814.358712,1790595815.3598747,127387,qemu-kvm,0.1,0.09988385830475038,"0,1,2,3,4,5,6,7"
evidence-c28-t-l-25-1,1790595815.3598747,1790595816.3608284,127180,flyt-shm-worker,0.87,0.8691710938512314,"16,17,18,19"
evidence-c28-t-l-25-1,1790595815.3598747,1790595816.3608284,127387,qemu-kvm,0.08,0.07992377874494082,"0,1,2,3,4,5,6,7"
evidence-c28-t-l-25-1,1790595816.3608284,1790595817.3617458,127180,flyt-shm-worker,0.87,0.8692025634136162,"16,17,18,19"
evidence-c28-t-l-25-1,1790595816.3608284,1790595817.3617458,127387,qemu-kvm,0.08,0.0799266724978038,"0,1,2,3,4,5,6,7"
evidence-c28-t-l-25-1,1790595817.3617458,1790595818.3627312,127180,flyt-shm-worker,0.87,0.8691435598533455,"16,17,18,19"
evidence-c28-t-l-25-1,1790595817.3617458,1790595818.3627312,127387,qemu-kvm,0.11,0.10989171446421608,"0,1,2,3,4,5,6,7"
evidence-c28-t-l-25-1,1790595818.3627312,1790595819.3637626,127180,flyt-shm-worker,0.86,0.859113910966196,"16,17,18,19"
evidence-c28-t-l-25-1,1790595818.3627312,1790595819.3637626,127387,qemu-kvm,0.09,0.08990726975227634,"0,1,2,3,4,5,6,7"
evidence-c28-t-l-25-1,1790595819.3637626,1790595820.3660924,127180,flyt-shm-worker,0.87,0.8679777625333129,"16,17,18,19"
evidence-c28-t-l-25-1,1790595819.3637626,1790595820.3660924,127387,qemu-kvm,0.08,0.07981404712950003,"0,1,2,3,4,5,6,7"
evidence-c28-t-l-25-1,1790595820.3660924,1790595821.3667097,127180,flyt-shm-worker,0.87,0.8694633101201293,"16,17,18,19"
evidence-c28-t-l-25-1,1790595820.3660924,1790595821.3667097,127387,qemu-kvm,0.09,0.08994448035725476,"0,1,2,3,4,5,6,7"
evidence-c28-t-l-25-1,1790595821.3667097,1790595822.3677294,127180,flyt-shm-worker,0.88,0.8791035637992931,"16,17,18,19"
evidence-c28-t-l-25-1,1790595821.3667097,1790595822.3677294,127387,qemu-kvm,0.09,0.0899083190249277,"0,1,2,3,4,5,6,7"
evidence-c28-t-l-25-1,1790595822.3677294,1790595823.3687608,127180,flyt-shm-worker,0.86,0.859113910966196,"16,17,18,19"
evidence-c28-t-l-25-1,1790595822.3677294,1790595823.3687608,127387,qemu-kvm,0.09,0.08990726975227634,"0,1,2,3,4,5,6,7"
evidence-c28-t-l-25-1,1790595823.3687608,1790595824.3697429,127180,flyt-shm-worker,0.87,0.8691464580867626,"16,17,18,19"
evidence-c28-t-l-25-1,1790595823.3687608,1790595824.3697429,127387,qemu-kvm,0.1,0.09990189173411064,"0,1,2,3,4,5,6,7"
evidence-c28-t-l-25-1,1790595824.3697429,1790595825.3707318,127180,flyt-shm-worker,0.88,0.8791305747928045,"16,17,18,19"
evidence-c28-t-l-25-1,1790595824.3697429,1790595825.3707318,127387,qemu-kvm,0.11,0.10989132184910057,"0,1,2,3,4,5,6,7"
evidence-c28-t-l-25-1,1790595825.3707318,1790595826.3717077,127180,flyt-shm-worker,0.87,0.8691518405715324,"16,17,18,19"
evidence-c28-t-l-25-1,1790595825.3707318,1790595826.3717077,127387,qemu-kvm,0.08,0.07992200832841678,"0,1,2,3,4,5,6,7"
evidence-c28-t-l-25-1,1790595826.3717077,1790595827.3727052,127180,flyt-shm-worker,0.86,0.8591429676588334,"16,17,18,19"
evidence-c28-t-l-25-1,1790595826.3717077,1790595827.3727052,127387,qemu-kvm,0.09,0.08991031056894767,"0,1,2,3,4,5,6,7"
evidence-c28-t-l-25-1,1790595827.3727052,1790595828.3737452,127180,flyt-shm-worker,0.87,0.8690961557790022,"16,17,18,19"
evidence-c28-t-l-25-1,1790595827.3727052,1790595828.3737452,127387,qemu-kvm,0.09,0.08990649887368987,"0,1,2,3,4,5,6,7"
evidence-c28-t-l-25-1,1790595828.3737452,1790595829.3767009,127180,flyt-shm-worker,0.87,0.8674361405766656,"16,17,18,19"
evidence-c28-t-l-25-1,1790595828.3737452,1790595829.3767009,127387,qemu-kvm,0.08,0.07976424281164742,"0,1,2,3,4,5,6,7"
evidence-c28-t-l-25-1,1790595829.3767009,1790595830.377704,127180,flyt-shm-worker,0.86,0.8591382611597301,"16,17,18,19"
evidence-c28-t-l-25-1,1790595829.3767009,1790595830.377704,127387,qemu-kvm,0.09,0.08990981802834386,"0,1,2,3,4,5,6,7"
evidence-c28-t-l-25-1,1790595830.377704,1790595831.3787098,127180,flyt-shm-worker,0.86,0.859135805615451,"16,17,18,19"
evidence-c28-t-l-25-1,1790595830.377704,1790595831.3787098,127387,qemu-kvm,0.1,0.0998995122808664,"0,1,2,3,4,5,6,7"
evidence-c28-t-l-25-1,1790595831.3787098,1790595832.3808455,127180,flyt-shm-worker,0.87,0.8681458543388444,"16,17,18,19"
evidence-c28-t-l-25-1,1790595831.3787098,1790595832.3808455,127387,qemu-kvm,0.09,0.08980819182815632,"0,1,2,3,4,5,6,7"
evidence-c28-t-l-25-1,1790595832.3808455,1790595833.381882,127180,flyt-shm-worker,0.88,0.879088907365723,"16,17,18,19"
evidence-c28-t-l-25-1,1790595832.3808455,1790595833.381882,127387,qemu-kvm,0.08,0.07991717339688391,"0,1,2,3,4,5,6,7"
evidence-c28-t-l-25-1,1790595833.381882,1790595834.3829117,127180,flyt-shm-worker,0.86,0.8591153432923128,"16,17,18,19"
evidence-c28-t-l-25-1,1790595833.381882,1790595834.3829117,127387,qemu-kvm,0.08,0.07991770635277327,"0,1,2,3,4,5,6,7"
evidence-c28-t-l-25-1,1790595834.3829117,1790595835.3839138,127180,flyt-shm-worker,0.86,0.8591390796776092,"16,17,18,19"
evidence-c28-t-l-25-1,1790595834.3829117,1790595835.3839138,127387,qemu-kvm,0.09,0.08990990368719166,"0,1,2,3,4,5,6,7"
evidence-c28-t-l-25-1,1790595835.3839138,1790595836.3849456,127180,flyt-shm-worker,0.88,0.879092885492227,"16,17,18,19"
evidence-c28-t-l-25-1,1790595835.3839138,1790595836.3849456,127387,qemu-kvm,0.09,0.0899072269253414,"0,1,2,3,4,5,6,7"
evidence-c28-t-l-25-1,1790595836.3849456,1790595837.3859506,127180,flyt-shm-worker,0.86,0.8591366241286511,"16,17,18,19"
evidence-c28-t-l-25-1,1790595836.3849456,1790595837.3859506,127387,qemu-kvm,0.11,0.10988956820250188,"0,1,2,3,4,5,6,7"
evidence-c28-t-l-25-1,1790595837.3859506,1790595838.386977,127180,flyt-shm-worker,0.88,0.8790977011672199,"16,17,18,19"
evidence-c28-t-l-25-1,1790595837.3859506,1790595838.386977,127387,qemu-kvm,0.08,0.07991797283338363,"0,1,2,3,4,5,6,7"
evidence-c28-t-l-25-1,1790595838.386977,1790595839.3879874,127180,flyt-shm-worker,0.87,0.8691218237188052,"16,17,18,19"
evidence-c28-t-l-25-1,1790595838.386977,1790595839.3879874,127387,qemu-kvm,0.09,0.08990915417780744,"0,1,2,3,4,5,6,7"
evidence-c28-t-l-25-1,1790595839.3879874,1790595840.3890228,127180,flyt-shm-worker,0.86,0.8591104324797965,"16,17,18,19"
evidence-c28-t-l-25-1,1790595839.3879874,1790595840.3890228,127387,qemu-kvm,0.08,0.07991724953300433,"0,1,2,3,4,5,6,7"
evidence-c28-t-l-25-1,1790595840.3890228,1790595841.3900633,127180,flyt-shm-worker,0.87,0.869095741792397,"16,17,18,19"
evidence-c28-t-l-25-1,1790595840.3890228,1790595841.3900633,127387,qemu-kvm,0.08,0.07991684981999053,"0,1,2,3,4,5,6,7"
evidence-c28-t-l-25-1,1790595841.3900633,1790595842.3911233,127180,flyt-shm-worker,0.87,0.8690787686811551,"16,17,18,19"
evidence-c28-t-l-25-1,1790595841.3900633,1790595842.3911233,127387,qemu-kvm,0.09,0.08990470020839535,"0,1,2,3,4,5,6,7"
evidence-c28-t-s-100-1,1790595925.473845,1790595926.4747226,132917,flyt-shm-worker,0.09,0.08992108356747344,"16,17,18,19"
evidence-c28-t-s-100-1,1790595925.473845,1790595926.4747226,132980,qemu-kvm,0.24,0.23978955617992917,"0,1,2,3,4,5,6,7"
evidence-c28-t-s-100-1,1790595926.4747226,1790595927.4757776,132917,flyt-shm-worker,0.11,0.10988407206085461,"16,17,18,19"
evidence-c28-t-s-100-1,1790595926.4747226,1790595927.4757776,132980,qemu-kvm,0.21,0.20977868302526786,"0,1,2,3,4,5,6,7"
evidence-c28-t-s-100-1,1790595927.4757776,1790595928.476833,132917,flyt-shm-worker,0.09,0.08990510704305658,"16,17,18,19"
evidence-c28-t-s-100-1,1790595927.4757776,1790595928.476833,132980,qemu-kvm,0.22,0.21976803943858275,"0,1,2,3,4,5,6,7"
evidence-c28-t-s-100-1,1790595928.476833,1790595929.4778867,132917,flyt-shm-worker,0.1,0.09989475371440316,"16,17,18,19"
evidence-c28-t-s-100-1,1790595928.476833,1790595929.4778867,132980,qemu-kvm,0.21,0.20977898280024665,"0,1,2,3,4,5,6,7"
evidence-c28-t-s-100-1,1790595929.4778867,1790595930.4787617,132917,flyt-shm-worker,0.09,0.08992131918873246,"16,17,18,19"
evidence-c28-t-s-100-1,1790595929.4778867,1790595930.4787617,132980,qemu-kvm,0.22,0.2198076691280127,"0,1,2,3,4,5,6,7"
evidence-c28-t-s-100-1,1790595930.4787617,1790595931.479811,132917,flyt-shm-worker,0.1,0.09989518196682073,"16,17,18,19"
evidence-c28-t-s-100-1,1790595930.4787617,1790595931.479811,132980,qemu-kvm,0.24,0.23974843672036972,"0,1,2,3,4,5,6,7"
evidence-c28-t-s-100-1,1790595931.479811,1790595932.4808652,132917,flyt-shm-worker,0.1,0.09989468233935724,"16,17,18,19"
evidence-c28-t-s-100-1,1790595931.479811,1790595932.4808652,132980,qemu-kvm,0.23,0.22975776938052161,"0,1,2,3,4,5,6,7"
evidence-c28-t-s-100-1,1790595932.4808652,1790595933.4813204,132917,flyt-shm-worker,0.11,0.10994995725908098,"16,17,18,19"
evidence-c28-t-s-100-1,1790595932.4808652,1790595933.4813204,132980,qemu-kvm,0.25,0.24988626649791132,"0,1,2,3,4,5,6,7"
evidence-c28-t-s-100-1,1790595933.4813204,1790595934.4823885,132917,flyt-shm-worker,0.09,0.08990397219766484,"16,17,18,19"
evidence-c28-t-s-100-1,1790595933.4813204,1790595934.4823885,132980,qemu-kvm,0.23,0.2297545956162546,"0,1,2,3,4,5,6,7"
evidence-c28-t-s-100-1,1790595934.4823885,1790595935.4834058,132917,flyt-shm-worker,0.11,0.10988820720192656,"16,17,18,19"
evidence-c28-t-s-100-1,1790595934.4823885,1790595935.4834058,132980,qemu-kvm,0.28,0.2797154365139949,"0,1,2,3,4,5,6,7"
evidence-c28-t-s-100-1,1790595935.4834058,1790595936.4844534,132917,flyt-shm-worker,0.1,0.09989534851041919,"16,17,18,19"
evidence-c28-t-s-100-1,1790595935.4834058,1790595936.4844534,132980,qemu-kvm,0.23,0.22975930157396413,"0,1,2,3,4,5,6,7"
evidence-c28-t-s-100-1,1790595936.4844534,1790595937.4855063,132917,flyt-shm-worker,0.1,0.09989482508955111,"16,17,18,19"
evidence-c28-t-s-100-1,1790595936.4844534,1790595937.4855063,132980,qemu-kvm,0.24,0.23974758021492262,"0,1,2,3,4,5,6,7"
evidence-c28-t-s-100-1,1790595937.4855063,1790595938.4865606,132917,flyt-shm-worker,0.1,0.09989468233935724,"16,17,18,19"
evidence-c28-t-s-100-1,1790595937.4855063,1790595938.4865606,132980,qemu-kvm,0.22,0.21976830114658588,"0,1,2,3,4,5,6,7"
evidence-c28-t-s-100-1,1790595938.4865606,1790595939.48761,132917,flyt-shm-worker,0.1,0.09989515817492342,"16,17,18,19"
evidence-c28-t-s-100-1,1790595938.4865606,1790595939.48761,132980,qemu-kvm,0.25,0.24973789543730854,"0,1,2,3,4,5,6,7"
evidence-c28-t-s-100-1,1790595939.48761,1790595940.4886513,132917,flyt-shm-worker,0.12,0.11987518907768673,"16,17,18,19"
evidence-c28-t-s-100-1,1790595939.48761,1790595940.4886513,132980,qemu-kvm,0.23,0.22976077906556625,"0,1,2,3,4,5,6,7"
evidence-c28-t-s-100-1,1790595940.4886513,1790595941.4897444,132917,flyt-shm-worker,0.09,0.08990172400365906,"16,17,18,19"
evidence-c28-t-s-100-1,1790595940.4886513,1790595941.4897444,132980,qemu-kvm,0.22,0.21975976978672215,"0,1,2,3,4,5,6,7"
evidence-c28-t-s-100-1,1790595941.4897444,1790595942.4908023,132917,flyt-shm-worker,0.1,0.09989432546565745,"16,17,18,19"
evidence-c28-t-s-100-1,1790595941.4897444,1790595942.4908023,132980,qemu-kvm,0.25,0.2497358136641436,"0,1,2,3,4,5,6,7"
evidence-c28-t-s-100-1,1790595942.4908023,1790595943.4918602,132917,flyt-shm-worker,0.09,0.08990489291909169,"16,17,18,19"
evidence-c28-t-s-100-1,1790595942.4908023,1790595943.4918602,132980,qemu-kvm,0.22,0.21976751602444639,"0,1,2,3,4,5,6,7"
evidence-c28-t-s-100-1,1790595943.4918602,1790595944.4929633,132917,flyt-shm-worker,0.1,0.09988980528615499,"16,17,18,19"
evidence-c28-t-s-100-1,1790595943.4918602,1790595944.4929633,132980,qemu-kvm,0.22,0.21975757162954096,"0,1,2,3,4,5,6,7"
evidence-c28-t-s-100-1,1790595944.4929633,1790595945.4940047,132917,flyt-shm-worker,0.09,0.08990637039521067,"16,17,18,19"
evidence-c28-t-s-100-1,1790595944.4929633,1790595945.4940047,132980,qemu-kvm,0.21,0.20978153092215823,"0,1,2,3,4,5,6,7"
evidence-c28-t-s-100-1,1790595945.4940047,1790595946.4950447,132917,flyt-shm-worker,0.11,0.10988572084562097,"16,17,18,19"
evidence-c28-t-s-100-1,1790595945.4940047,1790595946.4950447,132980,qemu-kvm,0.25,0.24974027464913856,"0,1,2,3,4,5,6,7"
evidence-c28-t-s-100-1,1790595946.4950447,1790595947.496178,132917,flyt-shm-worker,0.09,0.0898981271271145,"16,17,18,19"
evidence-c28-t-s-100-1,1790595946.4950447,1790595947.496178,132980,qemu-kvm,0.23,0.22973965821373704,"0,1,2,3,4,5,6,7"
evidence-c28-t-s-100-1,1790595947.496178,1790595948.4967704,132917,flyt-shm-worker,0.1,0.09994078806439877,"16,17,18,19"
evidence-c28-t-s-100-1,1790595947.496178,1790595948.4967704,132980,qemu-kvm,0.23,0.22986381254811716,"0,1,2,3,4,5,6,7"
evidence-c28-t-s-100-1,1790595948.4967704,1790595949.4978223,132917,flyt-shm-worker,0.09,0.08990542823091631,"16,17,18,19"
evidence-c28-t-s-100-1,1790595948.4967704,1790595949.4978223,132980,qemu-kvm,0.22,0.2197688245644621,"0,1,2,3,4,5,6,7"
evidence-c28-t-s-100-1,1790595949.4978223,1790595950.4988568,132917,flyt-shm-worker,0.11,0.10988632279524599,"16,17,18,19"
evidence-c28-t-s-100-1,1790595949.4978223,1790595950.4988568,132980,qemu-kvm,0.21,0.20978297988183325,"0,1,2,3,4,5,6,7"
evidence-c28-t-s-100-1,1790595950.4988568,1790595951.4999034,132917,flyt-shm-worker,0.09,0.08990589931059514,"16,17,18,19"
evidence-c28-t-s-100-1,1790595950.4988568,1790595951.4999034,132980,qemu-kvm,0.21,0.20978043172472202,"0,1,2,3,4,5,6,7"
evidence-c28-t-s-100-1,1790595951.4999034,1790595952.5009549,132917,flyt-shm-worker,0.1,0.09989496784015296,"16,17,18,19"
evidence-c28-t-s-100-1,1790595951.4999034,1790595952.5009549,132980,qemu-kvm,0.23,0.22975842603235183,"0,1,2,3,4,5,6,7"
evidence-c28-t-s-100-1,1790595952.5009549,1790595953.502048,132917,flyt-shm-worker,0.1,0.09989080444851008,"16,17,18,19"
evidence-c28-t-s-100-1,1790595952.5009549,1790595953.502048,132980,qemu-kvm,0.22,0.21975976978672215,"0,1,2,3,4,5,6,7"
evidence-c28-t-s-100-1,1790595953.502048,1790595954.5031154,132917,flyt-shm-worker,0.1,0.09989337381492391,"16,17,18,19"
evidence-c28-t-s-100-1,1790595953.502048,1790595954.5031154,132980,qemu-kvm,0.22,0.2197654223928326,"0,1,2,3,4,5,6,7"
evidence-c28-t-s-100-1,1790595954.5031154,1790595955.5038853,132917,flyt-shm-worker,0.08,0.079938459090137,"16,17,18,19"
evidence-c28-t-s-100-1,1790595954.5031154,1790595955.5038853,132980,qemu-kvm,0.19,0.18985384033907535,"0,1,2,3,4,5,6,7"
evidence-c28-t-s-100-1,1790595955.5038853,1790595956.5049505,132917,flyt-shm-worker,0.1,0.09989358793475807,"16,17,18,19"
evidence-c28-t-s-100-1,1790595955.5038853,1790595956.5049505,132980,qemu-kvm,0.21,0.20977653466299193,"0,1,2,3,4,5,6,7"
evidence-c28-t-s-100-1,1790595956.5049505,1790595957.5059938,132917,flyt-shm-worker,0.1,0.0998957767679366,"16,17,18,19"
evidence-c28-t-s-100-1,1790595956.5049505,1790595957.5059938,132980,qemu-kvm,0.21,0.20978113121266684,"0,1,2,3,4,5,6,7"
evidence-c28-t-s-100-1,1790595957.5059938,1790595958.5070262,132917,flyt-shm-worker,0.09,0.08990718409844725,"16,17,18,19"
evidence-c28-t-s-100-1,1790595957.5059938,1790595958.5070262,132980,qemu-kvm,0.22,0.2197731166850933,"0,1,2,3,4,5,6,7"
evidence-c28-t-s-100-1,1790595958.5070262,1790595959.5080757,132917,flyt-shm-worker,0.09,0.08990564235743108,"16,17,18,19"
evidence-c28-t-s-100-1,1790595958.5070262,1790595959.5080757,132980,qemu-kvm,0.24,0.23974837961981618,"0,1,2,3,4,5,6,7"
evidence-c28-t-s-100-1,1790595959.5080757,1790595960.5089316,132917,flyt-shm-worker,0.11,0.10990592902059938,"16,17,18,19"
evidence-c28-t-s-100-1,1790595959.5080757,1790595960.5089316,132980,qemu-kvm,0.21,0.209820409948417,"0,1,2,3,4,5,6,7"
evidence-c28-t-s-100-1,1790595960.5089316,1790595961.5099778,132917,flyt-shm-worker,0.09,0.0899059421362653,"16,17,18,19"
evidence-c28-t-s-100-1,1790595960.5089316,1790595961.5099778,132980,qemu-kvm,0.22,0.21977008077753737,"0,1,2,3,4,5,6,7"
evidence-c28-t-s-100-1,1790595961.5099778,1790595962.510483,132917,flyt-shm-worker,0.09,0.08995455415242934,"16,17,18,19"
evidence-c28-t-s-100-1,1790595961.5099778,1790595962.510483,132980,qemu-kvm,0.21,0.2098939596890018,"0,1,2,3,4,5,6,7"
evidence-c28-t-s-100-1,1790595962.510483,1790595963.511566,132917,flyt-shm-worker,0.11,0.10988101016326866,"16,17,18,19"
evidence-c28-t-s-100-1,1790595962.510483,1790595963.511566,132980,qemu-kvm,0.22,0.21976202032653733,"0,1,2,3,4,5,6,7"
evidence-c28-t-s-100-1,1790595963.511566,1790595964.512625,132917,flyt-shm-worker,0.09,0.08990478585749173,"16,17,18,19"
evidence-c28-t-s-100-1,1790595963.511566,1790595964.512625,132980,qemu-kvm,0.22,0.21976725431831315,"0,1,2,3,4,5,6,7"
evidence-c28-t-s-100-1,1790595964.512625,1790595965.5136676,132917,flyt-shm-worker,0.1,0.0998958481445465,"16,17,18,19"
evidence-c28-t-s-100-1,1790595964.512625,1790595965.5136676,132980,qemu-kvm,0.24,0.23975003554691154,"0,1,2,3,4,5,6,7"
evidence-c28-t-s-100-1,1790595965.5136676,1790595966.5147264,132917,flyt-shm-worker,0.09,0.08990480726979133,"16,17,18,19"
evidence-c28-t-s-100-1,1790595965.5136676,1790595966.5147264,132980,qemu-kvm,0.22,0.21976730665948993,"0,1,2,3,4,5,6,7"
evidence-c28-t-s-100-1,1790595966.5147264,1790595967.5157773,132917,flyt-shm-worker,0.09,0.08990551388139982,"16,17,18,19"
evidence-c28-t-s-100-1,1790595966.5147264,1790595967.5157773,132980,qemu-kvm,0.21,0.2097795323899329,"0,1,2,3,4,5,6,7"
evidence-c28-t-s-100-1,1790595967.5157773,1790595968.516831,132917,flyt-shm-worker,0.1,0.09989475371440316,"16,17,18,19"
evidence-c28-t-s-100-1,1790595967.5157773,1790595968.516831,132980,qemu-kvm,0.22,0.21976845817168697,"0,1,2,3,4,5,6,7"
evidence-c28-t-s-100-1,1790595968.516831,1790595969.5177453,132917,flyt-shm-worker,0.09,0.08991778499949621,"16,17,18,19"
evidence-c28-t-s-100-1,1790595968.516831,1790595969.5177453,132980,qemu-kvm,0.21,0.20980816499882446,"0,1,2,3,4,5,6,7"
evidence-c28-t-s-100-1,1790595969.5177453,1790595970.518801,132917,flyt-shm-worker,0.1,0.09989453958957133,"16,17,18,19"
evidence-c28-t-s-100-1,1790595969.5177453,1790595970.518801,132980,qemu-kvm,0.22,0.21976798709705692,"0,1,2,3,4,5,6,7"
evidence-c28-t-s-100-1,1790595970.518801,1790595971.5198395,132917,flyt-shm-worker,0.09,0.08990662735253628,"16,17,18,19"
evidence-c28-t-s-100-1,1790595970.518801,1790595971.5198395,132980,qemu-kvm,0.21,0.20978213048925132,"0,1,2,3,4,5,6,7"
evidence-c28-t-s-100-1,1790595971.5198395,1790595972.5208979,132917,flyt-shm-worker,0.09,0.08990485009442112,"16,17,18,19"
evidence-c28-t-s-100-1,1790595971.5198395,1790595972.5208979,132980,qemu-kvm,0.23,0.2297568391301873,"0,1,2,3,4,5,6,7"
evidence-c28-t-s-100-1,1790595972.5208979,1790595973.52195,132917,flyt-shm-worker,0.11,0.10988438611128114,"16,17,18,19"
evidence-c28-t-s-100-1,1790595972.5208979,1790595973.52195,132980,qemu-kvm,0.22,0.21976877222256228,"0,1,2,3,4,5,6,7"
evidence-c28-t-s-100-1,1790595973.52195,1790595974.5225573,132917,flyt-shm-worker,0.09,0.08994538047693378,"16,17,18,19"
evidence-c28-t-s-100-1,1790595973.52195,1790595974.5225573,132980,qemu-kvm,0.2,0.19987862328207506,"0,1,2,3,4,5,6,7"
evidence-c28-t-s-100-1,1790595974.5225573,1790595975.5236058,132917,flyt-shm-worker,0.1,0.09989525334258065,"16,17,18,19"
evidence-c28-t-s-100-1,1790595974.5225573,1790595975.5236058,132980,qemu-kvm,0.21,0.20978003201941933,"0,1,2,3,4,5,6,7"
evidence-c28-t-s-100-1,1790595975.5236058,1790595976.5246549,132917,flyt-shm-worker,0.09,0.08990568518285642,"16,17,18,19"
evidence-c28-t-s-100-1,1790595975.5236058,1790595976.5246549,132980,qemu-kvm,0.22,0.21976945266920458,"0,1,2,3,4,5,6,7"
evidence-c28-t-s-100-1,1790595976.5246549,1790595977.5257497,132917,flyt-shm-worker,0.1,0.09989063792006281,"16,17,18,19"
evidence-c28-t-s-100-1,1790595976.5246549,1790595977.5257497,132980,qemu-kvm,0.21,0.20977033963213187,"0,1,2,3,4,5,6,7"
evidence-c28-t-s-100-1,1790595977.5257497,1790595978.526797,132917,flyt-shm-worker,0.1,0.09989537230240715,"16,17,18,19"
evidence-c28-t-s-100-1,1790595977.5257497,1790595978.526797,132980,qemu-kvm,0.24,0.23974889352577716,"0,1,2,3,4,5,6,7"
evidence-c28-t-s-100-1,1790595978.526797,1790595979.5278459,132917,flyt-shm-worker,0.09,0.08990570659558439,"16,17,18,19"
evidence-c28-t-s-100-1,1790595978.526797,1790595979.5278459,132980,qemu-kvm,0.21,0.20977998205636358,"0,1,2,3,4,5,6,7"
evidence-c28-t-s-100-1,1790595979.5278459,1790595980.5288825,132917,flyt-shm-worker,0.09,0.08990679865823602,"16,17,18,19"
evidence-c28-t-s-100-1,1790595979.5278459,1790595980.5288825,132980,qemu-kvm,0.21,0.20978253020255072,"0,1,2,3,4,5,6,7"
evidence-c28-t-s-100-1,1790595980.5288825,1790595981.52994,132917,flyt-shm-worker,0.08,0.07991549843893607,"16,17,18,19"
evidence-c28-t-s-100-1,1790595980.5288825,1790595981.52994,132980,qemu-kvm,0.21,0.2097781834022072,"0,1,2,3,4,5,6,7"
evidence-c28-t-s-100-1,1790595981.52994,1790595982.530974,132917,flyt-shm-worker,0.1,0.0998967046718212,"16,17,18,19"
evidence-c28-t-s-100-1,1790595981.52994,1790595982.530974,132980,qemu-kvm,0.21,0.2097830798108245,"0,1,2,3,4,5,6,7"
evidence-c28-t-s-100-1,1790595982.530974,1790595983.5320222,132917,flyt-shm-worker,0.11,0.1098848048479756,"16,17,18,19"
evidence-c28-t-s-100-1,1790595982.530974,1790595983.5320222,132980,qemu-kvm,0.22,0.2197696096959512,"0,1,2,3,4,5,6,7"
evidence-c28-t-s-100-1,1790595983.5320222,1790595984.5330873,132917,flyt-shm-worker,0.09,0.08990425055331668,"16,17,18,19"
evidence-c28-t-s-100-1,1790595983.5320222,1790595984.5330873,132980,qemu-kvm,0.21,0.20977658462440557,"0,1,2,3,4,5,6,7"
evidence-c28-t-s-50-1,1790596066.615054,1790596067.6161137,138307,flyt-shm-worker,0.1,0.09989413513406017,"16,17,18,19"
evidence-c28-t-s-50-1,1790596066.615054,1790596067.6161137,138460,qemu-kvm,0.96,0.9589836972869776,"0,1,2,3,4,5,6,7"
evidence-c28-t-s-50-1,1790596067.6161137,1790596068.6171663,138307,flyt-shm-worker,0.1,0.09989484888128976,"16,17,18,19"
evidence-c28-t-s-50-1,1790596067.6161137,1790596068.6171663,138460,qemu-kvm,0.48,0.47949527463019076,"0,1,2,3,4,5,6,7"
evidence-c28-t-s-50-1,1790596068.6171663,1790596069.6182141,138307,flyt-shm-worker,0.1,0.09989532471844255,"16,17,18,19"
evidence-c28-t-s-50-1,1790596068.6171663,1790596069.6182141,138460,qemu-kvm,0.22,0.2197697143805736,"0,1,2,3,4,5,6,7"
evidence-c28-t-s-50-1,1790596069.6182141,1790596070.6191278,138307,flyt-shm-worker,0.11,0.10989959353389218,"16,17,18,19"
evidence-c28-t-s-50-1,1790596069.6182141,1790596070.6191278,138460,qemu-kvm,0.21,0.20980831492833962,"0,1,2,3,4,5,6,7"
evidence-c28-t-s-50-1,1790596070.6191278,1790596071.6201892,138307,flyt-shm-worker,0.1,0.09989396859450753,"16,17,18,19"
evidence-c28-t-s-50-1,1790596070.6191278,1790596071.6201892,138460,qemu-kvm,0.2,0.19978793718901505,"0,1,2,3,4,5,6,7"
evidence-c28-t-s-50-1,1790596071.6201892,1790596072.6212344,138307,flyt-shm-worker,0.1,0.09989558643080887,"16,17,18,19"
evidence-c28-t-s-50-1,1790596071.6201892,1790596072.6212344,138460,qemu-kvm,0.24,0.23974940743394127,"0,1,2,3,4,5,6,7"
evidence-c28-t-s-50-1,1790596072.6212344,1790596073.6223252,138307,flyt-shm-worker,0.09,0.08990193811252956,"16,17,18,19"
evidence-c28-t-s-50-1,1790596072.6212344,1790596073.6223252,138460,qemu-kvm,0.23,0.22974939739868666,"0,1,2,3,4,5,6,7"
evidence-c28-t-s-50-1,1790596073.6223252,1790596074.623421,138307,flyt-shm-worker,0.09,0.08990148848507942,"16,17,18,19"
evidence-c28-t-s-50-1,1790596073.6223252,1790596074.623421,138460,qemu-kvm,0.2,0.19978108552239873,"0,1,2,3,4,5,6,7"
evidence-c28-t-s-50-1,1790596074.623421,1790596075.6244779,138307,flyt-shm-worker,0.11,0.10988386269490087,"16,17,18,19"
evidence-c28-t-s-50-1,1790596074.623421,1790596075.6244779,138460,qemu-kvm,0.27,0.2697149357056658,"0,1,2,3,4,5,6,7"
evidence-c28-t-s-50-1,1790596075.6244779,1790596076.6247458,138307,flyt-shm-worker,0.09,0.0899758880381215,"16,17,18,19"
evidence-c28-t-s-50-1,1790596075.6244779,1790596076.6247458,138460,qemu-kvm,0.22,0.21994105964874144,"0,1,2,3,4,5,6,7"
evidence-c28-t-s-50-1,1790596076.6247458,1790596077.6258016,138307,flyt-shm-worker,0.11,0.10988399354852846,"16,17,18,19"
evidence-c28-t-s-50-1,1790596076.6247458,1790596077.6258016,138460,qemu-kvm,0.22,0.21976798709705692,"0,1,2,3,4,5,6,7"
evidence-c28-t-s-50-1,1790596077.6258016,1790596078.6267705,138307,flyt-shm-worker,0.09,0.08991288043353989,"16,17,18,19"
evidence-c28-t-s-50-1,1790596077.6258016,1790596078.6267705,138460,qemu-kvm,0.21,0.20979672101159308,"0,1,2,3,4,5,6,7"
evidence-c28-t-s-50-1,1790596078.6267705,1790596079.627859,138307,flyt-shm-worker,0.11,0.10988038210280385,"16,17,18,19"
evidence-c28-t-s-50-1,1790596078.6267705,1790596079.627859,138460,qemu-kvm,0.21,0.20977163855989825,"0,1,2,3,4,5,6,7"
evidence-c28-t-s-50-1,1790596079.627859,1790596080.6289582,138307,flyt-shm-worker,0.1,0.09989020970660509,"16,17,18,19"
evidence-c28-t-s-50-1,1790596079.627859,1790596080.6289582,138460,qemu-kvm,0.21,0.2097694403838707,"0,1,2,3,4,5,6,7"
evidence-c28-t-s-50-1,1790596080.6289582,1790596081.6300337,138307,flyt-shm-worker,0.09,0.08990330843345086,"16,17,18,19"
evidence-c28-t-s-50-1,1790596080.6289582,1790596081.6300337,138460,qemu-kvm,0.22,0.21976364283732433,"0,1,2,3,4,5,6,7"
evidence-c28-t-s-50-1,1790596081.6300337,1790596082.631097,138307,flyt-shm-worker,0.1,0.09989377826427016,"16,17,18,19"
evidence-c28-t-s-50-1,1790596081.6300337,1790596082.631097,138460,qemu-kvm,0.23,0.22975569000782137,"0,1,2,3,4,5,6,7"
evidence-c28-t-s-50-1,1790596082.631097,1790596083.632238,138307,flyt-shm-worker,0.1,0.09988604671156054,"16,17,18,19"
evidence-c28-t-s-50-1,1790596082.631097,1790596083.632238,138460,qemu-kvm,0.21,0.2097606980942771,"0,1,2,3,4,5,6,7"
evidence-c28-t-s-50-1,1790596083.632238,1790596084.632809,138307,flyt-shm-worker,0.1,0.09994293133722482,"16,17,18,19"
evidence-c28-t-s-50-1,1790596083.632238,1790596084.632809,138460,qemu-kvm,0.22,0.21987444894189456,"0,1,2,3,4,5,6,7"
evidence-c28-t-s-50-1,1790596084.632809,1790596085.6338787,138307,flyt-shm-worker,0.1,0.09989313590507364,"16,17,18,19"
evidence-c28-t-s-50-1,1790596084.632809,1790596085.6338787,138460,qemu-kvm,0.24,0.2397435261721767,"0,1,2,3,4,5,6,7"
evidence-c28-t-s-50-1,1790596085.6338787,1790596086.634937,138307,flyt-shm-worker,0.11,0.10988370567095915,"16,17,18,19"
evidence-c28-t-s-50-1,1790596085.6338787,1790596086.634937,138460,qemu-kvm,0.22,0.2197674113419183,"0,1,2,3,4,5,6,7"
evidence-c28-t-s-50-1,1790596086.634937,1790596087.6360002,138307,flyt-shm-worker,0.09,0.08990442184995914,"16,17,18,19"
evidence-c28-t-s-50-1,1790596086.634937,1790596087.6360002,138460,qemu-kvm,0.21,0.20977698431657132,"0,1,2,3,4,5,6,7"
evidence-c28-t-s-50-1,1790596087.6360002,1790596088.6370718,138307,flyt-shm-worker,0.11,0.10988224013581026,"16,17,18,19"
evidence-c28-t-s-50-1,1790596087.6360002,1790596088.6370718,138460,qemu-kvm,0.24,0.2397430693872224,"0,1,2,3,4,5,6,7"
evidence-c28-t-s-50-1,1790596088.6370718,1790596089.6381547,138307,flyt-shm-worker,0.11,0.10988101016326866,"16,17,18,19"
evidence-c28-t-s-50-1,1790596088.6370718,1790596089.6381547,138460,qemu-kvm,0.21,0.209772837584422,"0,1,2,3,4,5,6,7"
evidence-c28-t-s-50-1,1790596089.6381547,1790596090.6391227,138307,flyt-shm-worker,0.09,0.08991296609822302,"16,17,18,19"
evidence-c28-t-s-50-1,1790596089.6381547,1790596090.6391227,138460,qemu-kvm,0.22,0.21978725046232295,"0,1,2,3,4,5,6,7"
evidence-c28-t-s-50-1,1790596090.6391227,1790596091.6397538,138307,flyt-shm-worker,0.11,0.10993062344544885,"16,17,18,19"
evidence-c28-t-s-50-1,1790596090.6391227,1790596091.6397538,138460,qemu-kvm,0.21,0.20986755385040234,"0,1,2,3,4,5,6,7"
evidence-c28-t-s-50-1,1790596091.6397538,1790596092.6407363,138307,flyt-shm-worker,0.09,0.08991165972954143,"16,17,18,19"
evidence-c28-t-s-50-1,1790596091.6397538,1790596092.6407363,138460,qemu-kvm,0.2,0.19980368828786987,"0,1,2,3,4,5,6,7"
evidence-c28-t-s-50-1,1790596092.6407363,1790596093.6417358,138307,flyt-shm-worker,0.11,0.10989017019427909,"16,17,18,19"
evidence-c28-t-s-50-1,1790596092.6407363,1790596093.6417358,138460,qemu-kvm,0.21,0.209790324916351,"0,1,2,3,4,5,6,7"
evidence-c28-t-s-50-1,1790596093.6417358,1790596094.6427886,138307,flyt-shm-worker,0.1,0.09989482508955111,"16,17,18,19"
evidence-c28-t-s-50-1,1790596093.6417358,1790596094.6427886,138460,qemu-kvm,0.2,0.19978965017910222,"0,1,2,3,4,5,6,7"
evidence-c28-t-s-50-1,1790596094.6427886,1790596095.6438746,138307,flyt-shm-worker,0.11,0.10988066996295899,"16,17,18,19"
evidence-c28-t-s-50-1,1790596094.6427886,1790596095.6438746,138460,qemu-kvm,0.23,0.22975049174073242,"0,1,2,3,4,5,6,7"
evidence-c28-t-s-50-1,1790596095.6438746,1790596096.6449761,138307,flyt-shm-worker,0.09,0.08990097463064346,"16,17,18,19"
evidence-c28-t-s-50-1,1790596095.6438746,1790596096.6449761,138460,qemu-kvm,0.2,0.19977994362365217,"0,1,2,3,4,5,6,7"
evidence-c28-t-s-50-1,1790596096.6449761,1790596097.6460485,138307,flyt-shm-worker,0.1,0.09989287420554721,"16,17,18,19"
evidence-c28-t-s-50-1,1790596096.6449761,1790596097.6460485,138460,qemu-kvm,0.2,0.19978574841109442,"0,1,2,3,4,5,6,7"
evidence-c28-t-s-50-1,1790596097.6460485,1790596098.6471035,138307,flyt-shm-worker,0.1,0.09989461096441328,"16,17,18,19"
evidence-c28-t-s-50-1,1790596097.6460485,1790596098.6471035,138460,qemu-kvm,0.2,0.19978922192882656,"0,1,2,3,4,5,6,7"
evidence-c28-t-s-50-1,1790596098.6471035,1790596099.6481588,138307,flyt-shm-worker,0.11,0.10988404589006676,"16,17,18,19"
evidence-c28-t-s-50-1,1790596098.6471035,1790596099.6481588,138460,qemu-kvm,0.19,0.18979971562829712,"0,1,2,3,4,5,6,7"
evidence-c28-t-s-50-1,1790596099.6481588,1790596100.6492186,138307,flyt-shm-worker,0.1,0.09989413513406017,"16,17,18,19"
evidence-c28-t-s-50-1,1790596099.6481588,1790596100.6492186,138460,qemu-kvm,0.2,0.19978827026812035,"0,1,2,3,4,5,6,7"
evidence-c28-t-s-50-1,1790596100.6492186,1790596101.6497507,138307,flyt-shm-worker,0.1,0.09994681327647374,"16,17,18,19"
evidence-c28-t-s-50-1,1790596100.6492186,1790596101.6497507,138460,qemu-kvm,0.22,0.21988298920824223,"0,1,2,3,4,5,6,7"
evidence-c28-t-s-50-1,1790596101.6497507,1790596102.6508079,138307,flyt-shm-worker,0.09,0.08990495715617407,"16,17,18,19"
evidence-c28-t-s-50-1,1790596101.6497507,1790596102.6508079,138460,qemu-kvm,0.2,0.19978879368038682,"0,1,2,3,4,5,6,7"
evidence-c28-t-s-50-1,1790596102.6508079,1790596103.6519647,138307,flyt-shm-worker,0.11,0.10987289826812817,"16,17,18,19"
evidence-c28-t-s-50-1,1790596102.6508079,1790596103.6519647,138460,qemu-kvm,0.21,0.20975735123915376,"0,1,2,3,4,5,6,7"
evidence-c28-t-s-50-1,1790596103.6519647,1790596104.653045,138307,flyt-shm-worker,0.1,0.09989208911519505,"16,17,18,19"
evidence-c28-t-s-50-1,1790596103.6519647,1790596104.653045,138460,qemu-kvm,0.2,0.1997841782303901,"0,1,2,3,4,5,6,7"
evidence-c28-t-s-50-1,1790596104.653045,1790596105.6541317,138307,flyt-shm-worker,0.09,0.08990230209994994,"16,17,18,19"
evidence-c28-t-s-50-1,1790596104.653045,1790596105.6541317,138460,qemu-kvm,0.23,0.22975032758876096,"0,1,2,3,4,5,6,7"
evidence-c28-t-s-50-1,1790596105.6541317,1790596106.6551874,138307,flyt-shm-worker,0.1,0.09989453958957133,"16,17,18,19"
evidence-c28-t-s-50-1,1790596105.6541317,1790596106.6551874,138460,qemu-kvm,0.21,0.20977853313809977,"0,1,2,3,4,5,6,7"
evidence-c28-t-s-50-1,1790596106.6551874,1790596107.6562424,138307,flyt-shm-worker,0.1,0.09989461096441328,"16,17,18,19"
evidence-c28-t-s-50-1,1790596106.6551874,1790596107.6562424,138460,qemu-kvm,0.2,0.19978922192882656,"0,1,2,3,4,5,6,7"
evidence-c28-t-s-50-1,1790596107.6562424,1790596108.657293,138307,flyt-shm-worker,0.1,0.09989503921560688,"16,17,18,19"
evidence-c28-t-s-50-1,1790596107.6562424,1790596108.657293,138460,qemu-kvm,0.22,0.21976908627433514,"0,1,2,3,4,5,6,7"
evidence-c28-t-s-50-1,1790596108.657293,1790596109.658351,138307,flyt-shm-worker,0.1,0.09989432546565745,"16,17,18,19"
evidence-c28-t-s-50-1,1790596108.657293,1790596109.658351,138460,qemu-kvm,0.2,0.1997886509313149,"0,1,2,3,4,5,6,7"
evidence-c28-t-s-50-1,1790596109.658351,1790596110.6594527,138307,flyt-shm-worker,0.11,0.10987894282465155,"16,17,18,19"
evidence-c28-t-s-50-1,1790596109.658351,1790596110.6594527,138460,qemu-kvm,0.2,0.19977989604482102,"0,1,2,3,4,5,6,7"
evidence-c28-t-s-50-1,1790596110.6594527,1790596111.660508,138307,flyt-shm-worker,0.1,0.09989458717278797,"16,17,18,19"
evidence-c28-t-s-50-1,1790596110.6594527,1790596111.660508,138460,qemu-kvm,0.22,0.2197680917801335,"0,1,2,3,4,5,6,7"
evidence-c28-t-s-50-1,1790596111.660508,1790596112.6607344,138307,flyt-shm-worker,0.1,0.09997735536394221,"16,17,18,19"
evidence-c28-t-s-50-1,1790596111.660508,1790596112.6607344,138460,qemu-kvm,0.2,0.19995471072788443,"0,1,2,3,4,5,6,7"
evidence-c28-t-s-50-1,1790596112.6607344,1790596113.6617918,138307,flyt-shm-worker,0.11,0.1098838103535371,"16,17,18,19"
evidence-c28-t-s-50-1,1790596112.6607344,1790596113.6617918,138460,qemu-kvm,0.2,0.19978874609734018,"0,1,2,3,4,5,6,7"
evidence-c28-t-s-50-1,1790596113.6617918,1790596114.662851,138307,flyt-shm-worker,0.1,0.0998941827168915,"16,17,18,19"
evidence-c28-t-s-50-1,1790596113.6617918,1790596114.662851,138460,qemu-kvm,0.23,0.22975662024885043,"0,1,2,3,4,5,6,7"
evidence-c28-t-s-50-1,1790596114.662851,1790596115.6637366,138307,flyt-shm-worker,0.1,0.09991152967900567,"16,17,18,19"
evidence-c28-t-s-50-1,1790596114.662851,1790596115.6637366,138460,qemu-kvm,0.2,0.19982305935801134,"0,1,2,3,4,5,6,7"
evidence-c28-t-s-50-1,1790596115.6637366,1790596116.6648333,138307,flyt-shm-worker,0.11,0.10987949236276895,"16,17,18,19"
evidence-c28-t-s-50-1,1790596115.6637366,1790596116.6648333,138460,qemu-kvm,0.21,0.20976993996528617,"0,1,2,3,4,5,6,7"
evidence-c28-t-s-50-1,1790596116.6648333,1790596117.665962,138307,flyt-shm-worker,0.1,0.09988725989143228,"16,17,18,19"
evidence-c28-t-s-50-1,1790596116.6648333,1790596117.665962,138460,qemu-kvm,0.2,0.19977451978286456,"0,1,2,3,4,5,6,7"
evidence-c28-t-s-50-1,1790596117.665962,1790596118.6670198,138307,flyt-shm-worker,0.07,0.06992602782596022,"16,17,18,19"
evidence-c28-t-s-50-1,1790596117.665962,1790596118.6670198,138460,qemu-kvm,0.21,0.20977808347788063,"0,1,2,3,4,5,6,7"
evidence-c28-t-s-50-1,1790596118.6670198,1790596119.6678603,138307,flyt-shm-worker,0.11,0.10990763082536235,"16,17,18,19"
evidence-c28-t-s-50-1,1790596118.6670198,1790596119.6678603,138460,qemu-kvm,0.2,0.19983205604611337,"0,1,2,3,4,5,6,7"
evidence-c28-t-s-50-1,1790596119.6678603,1790596120.6687582,138307,flyt-shm-worker,0.09,0.08991926289937995,"16,17,18,19"
evidence-c28-t-s-50-1,1790596119.6678603,1790596120.6687582,138460,qemu-kvm,0.22,0.21980264264292879,"0,1,2,3,4,5,6,7"
evidence-c28-t-s-50-1,1790596120.6687582,1790596121.669811,138307,flyt-shm-worker,0.1,0.09989482508955111,"16,17,18,19"
evidence-c28-t-s-50-1,1790596120.6687582,1790596121.669811,138460,qemu-kvm,0.22,0.21976861519701243,"0,1,2,3,4,5,6,7"
evidence-c28-t-s-50-1,1790596121.669811,1790596122.6708772,138307,flyt-shm-worker,0.09,0.0899041434932466,"16,17,18,19"
evidence-c28-t-s-50-1,1790596121.669811,1790596122.6708772,138460,qemu-kvm,0.21,0.2097763348175754,"0,1,2,3,4,5,6,7"
evidence-c28-t-s-50-1,1790596122.6708772,1790596123.671903,138307,flyt-shm-worker,0.1,0.09989753742075347,"16,17,18,19"
evidence-c28-t-s-50-1,1790596122.6708772,1790596123.671903,138460,qemu-kvm,0.21,0.20978482858358224,"0,1,2,3,4,5,6,7"
evidence-c28-t-s-50-1,1790596123.671903,1790596124.6729653,138307,flyt-shm-worker,0.09,0.08990448608636835,"16,17,18,19"
evidence-c28-t-s-50-1,1790596123.671903,1790596124.6729653,138460,qemu-kvm,0.21,0.20977713420152616,"0,1,2,3,4,5,6,7"
evidence-c28-t-s-50-1,1790596124.6729653,1790596125.6740236,138307,flyt-shm-worker,0.1,0.09989427788269013,"16,17,18,19"
evidence-c28-t-s-50-1,1790596124.6729653,1790596125.6740236,138460,qemu-kvm,0.21,0.20977798355364927,"0,1,2,3,4,5,6,7"
evidence-c28-t-s-25-1,1790596209.7587485,1790596210.7598085,144984,flyt-shm-worker,0.09,0.08990470020839535,"16,17,18,19"
evidence-c28-t-s-25-1,1790596209.7587485,1790596210.7598085,145346,qemu-kvm,0.65,0.6493117237272998,"0,1,2,3,4,5,6,7"
evidence-c28-t-s-25-1,1790596210.7598085,1790596211.760857,144984,flyt-shm-worker,0.11,0.1098847786768387,"16,17,18,19"
evidence-c28-t-s-25-1,1790596210.7598085,1790596211.760857,145346,qemu-kvm,0.96,0.9589944320887741,"0,1,2,3,4,5,6,7"
evidence-c28-t-s-25-1,1790596211.760857,1790596212.7619624,144984,flyt-shm-worker,0.09,0.08990063206428289,"16,17,18,19"
evidence-c28-t-s-25-1,1790596211.760857,1790596212.7619624,145346,qemu-kvm,0.25,0.24972397795634135,"0,1,2,3,4,5,6,7"
evidence-c28-t-s-25-1,1790596212.7619624,1790596213.763012,144984,flyt-shm-worker,0.11,0.10988467399241576,"16,17,18,19"
evidence-c28-t-s-25-1,1790596212.7619624,1790596213.763012,145346,qemu-kvm,0.21,0.20977983216733917,"0,1,2,3,4,5,6,7"
evidence-c28-t-s-25-1,1790596213.763012,1790596214.7640698,144984,flyt-shm-worker,0.1,0.09989432546565745,"16,17,18,19"
evidence-c28-t-s-25-1,1790596213.763012,1790596214.7640698,145346,qemu-kvm,0.25,0.2497358136641436,"0,1,2,3,4,5,6,7"
evidence-c28-t-s-25-1,1790596214.7640698,1790596215.7651215,144984,flyt-shm-worker,0.1,0.09989494404835766,"16,17,18,19"
evidence-c28-t-s-25-1,1790596214.7640698,1790596215.7651215,145346,qemu-kvm,0.24,0.23974786571605836,"0,1,2,3,4,5,6,7"
evidence-c28-t-s-25-1,1790596215.7651215,1790596216.7657347,144984,flyt-shm-worker,0.1,0.0999387163213781,"16,17,18,19"
evidence-c28-t-s-25-1,1790596215.7651215,1790596216.7657347,145346,qemu-kvm,0.23,0.2298590475391696,"0,1,2,3,4,5,6,7"
evidence-c28-t-s-25-1,1790596216.7657347,1790596217.7667868,144984,flyt-shm-worker,0.11,0.10988438611128114,"16,17,18,19"
evidence-c28-t-s-25-1,1790596216.7657347,1790596217.7667868,145346,qemu-kvm,0.22,0.21976877222256228,"0,1,2,3,4,5,6,7"
evidence-c28-t-s-25-1,1790596217.7667868,1790596218.7678366,144984,flyt-shm-worker,0.1,0.09989513438303745,"16,17,18,19"
evidence-c28-t-s-25-1,1790596217.7667868,1790596218.7678366,145346,qemu-kvm,0.22,0.21976929564268238,"0,1,2,3,4,5,6,7"
evidence-c28-t-s-25-1,1790596218.7678366,1790596219.768885,144984,flyt-shm-worker,0.1,0.09989527713452327,"16,17,18,19"
evidence-c28-t-s-25-1,1790596218.7678366,1790596219.768885,145346,qemu-kvm,0.28,0.2797067759766652,"0,1,2,3,4,5,6,7"
evidence-c28-t-s-25-1,1790596219.768885,1790596220.7699592,144984,flyt-shm-worker,0.11,0.10988195226742815,"16,17,18,19"
evidence-c28-t-s-25-1,1790596219.768885,1790596220.7699592,145346,qemu-kvm,0.22,0.2197639045348563,"0,1,2,3,4,5,6,7"
evidence-c28-t-s-25-1,1790596220.7699592,1790596221.7710133,144984,flyt-shm-worker,0.1,0.09989470613102788,"16,17,18,19"
evidence-c28-t-s-25-1,1790596220.7699592,1790596221.7710133,145346,qemu-kvm,0.22,0.21976835348826132,"0,1,2,3,4,5,6,7"
evidence-c28-t-s-25-1,1790596221.7710133,1790596222.7717462,144984,flyt-shm-worker,0.1,0.09992676380349828,"16,17,18,19"
evidence-c28-t-s-25-1,1790596221.7710133,1790596222.7717462,145346,qemu-kvm,0.22,0.21983888036769622,"0,1,2,3,4,5,6,7"
evidence-c28-t-s-25-1,1790596222.7717462,1790596223.7727945,144984,flyt-shm-worker,0.1,0.09989527713452327,"16,17,18,19"
evidence-c28-t-s-25-1,1790596222.7717462,1790596223.7727945,145346,qemu-kvm,0.25,0.2497381928363082,"0,1,2,3,4,5,6,7"
evidence-c28-t-s-25-1,1790596223.7727945,1790596224.7738686,144984,flyt-shm-worker,0.09,0.08990343690317897,"16,17,18,19"
evidence-c28-t-s-25-1,1790596223.7727945,1790596224.7738686,145346,qemu-kvm,0.28,0.2796995814765568,"0,1,2,3,4,5,6,7"
evidence-c28-t-s-25-1,1790596224.7738686,1790596225.7749245,144984,flyt-shm-worker,0.1,0.09989451579798002,"16,17,18,19"
evidence-c28-t-s-25-1,1790596224.7738686,1790596225.7749245,145346,qemu-kvm,0.22,0.21976793475555603,"0,1,2,3,4,5,6,7"
evidence-c28-t-s-25-1,1790596225.7749245,1790596226.7760415,144984,flyt-shm-worker,0.11,0.10987726807572014,"16,17,18,19"
evidence-c28-t-s-25-1,1790596225.7749245,1790596226.7760415,145346,qemu-kvm,0.21,0.20976569359910205,"0,1,2,3,4,5,6,7"
evidence-c28-t-s-25-1,1790596226.7760415,1790596227.7771063,144984,flyt-shm-worker,0.1,0.0998936355170681,"16,17,18,19"
evidence-c28-t-s-25-1,1790596226.7760415,1790596227.7771063,145346,qemu-kvm,0.23,0.22975536168925662,"0,1,2,3,4,5,6,7"
evidence-c28-t-s-25-1,1790596227.7771063,1790596228.7781537,144984,flyt-shm-worker,0.1,0.09989537230240715,"16,17,18,19"
evidence-c28-t-s-25-1,1790596227.7771063,1790596228.7781537,145346,qemu-kvm,0.21,0.209780281835055,"0,1,2,3,4,5,6,7"
evidence-c28-t-s-25-1,1790596228.7781537,1790596229.7792048,144984,flyt-shm-worker,0.1,0.09989499163195961,"16,17,18,19"
evidence-c28-t-s-25-1,1790596228.7781537,1790596229.7792048,145346,qemu-kvm,0.24,0.23974797991670305,"0,1,2,3,4,5,6,7"
evidence-c28-t-s-25-1,1790596229.7792048,1790596230.780262,144984,flyt-shm-worker,0.1,0.09989439684019341,"16,17,18,19"
evidence-c28-t-s-25-1,1790596229.7792048,1790596230.780262,145346,qemu-kvm,0.22,0.2197676730484255,"0,1,2,3,4,5,6,7"
evidence-c28-t-s-25-1,1790596230.780262,1790596231.7813563,144984,flyt-shm-worker,0.11,0.10987975404951876,"16,17,18,19"
evidence-c28-t-s-25-1,1790596230.780262,1790596231.7813563,145346,qemu-kvm,0.21,0.20977043954908126,"0,1,2,3,4,5,6,7"
evidence-c28-t-s-25-1,1790596231.7813563,1790596232.7824063,144984,flyt-shm-worker,0.1,0.09989511059116281,"16,17,18,19"
evidence-c28-t-s-25-1,1790596231.7813563,1790596232.7824063,145346,qemu-kvm,0.22,0.21976924330055816,"0,1,2,3,4,5,6,7"
evidence-c28-t-s-25-1,1790596232.7824063,1790596233.7827396,144984,flyt-shm-worker,0.08,0.07997334415075237,"16,17,18,19"
evidence-c28-t-s-25-1,1790596232.7824063,1790596233.7827396,145346,qemu-kvm,0.2,0.19993336037688092,"0,1,2,3,4,5,6,7"
evidence-c28-t-s-25-1,1790596233.7827396,1790596234.7838175,144984,flyt-shm-worker,0.1,0.0998923270200592,"16,17,18,19"
evidence-c28-t-s-25-1,1790596233.7827396,1790596234.7838175,145346,qemu-kvm,0.21,0.20977388674212427,"0,1,2,3,4,5,6,7"
evidence-c28-t-s-25-1,1790596234.7838175,1790596235.7849233,144984,flyt-shm-worker,0.1,0.09988954360407933,"16,17,18,19"
evidence-c28-t-s-25-1,1790596234.7838175,1790596235.7849233,145346,qemu-kvm,0.21,0.20976804156856654,"0,1,2,3,4,5,6,7"
evidence-c28-t-s-25-1,1790596235.7849233,1790596236.7859735,144984,flyt-shm-worker,0.1,0.09989508679929951,"16,17,18,19"
evidence-c28-t-s-25-1,1790596235.7849233,1790596236.7859735,145346,qemu-kvm,0.22,0.2197691909584589,"0,1,2,3,4,5,6,7"
evidence-c28-t-s-25-1,1790596236.7859735,1790596237.7870293,144984,flyt-shm-worker,0.09,0.0899050856306142,"16,17,18,19"
evidence-c28-t-s-25-1,1790596236.7859735,1790596237.7870293,145346,qemu-kvm,0.21,0.20977853313809977,"0,1,2,3,4,5,6,7"
evidence-c28-t-s-25-1,1790596237.7870293,1790596238.7880807,144984,flyt-shm-worker,0.1,0.09989496784015296,"16,17,18,19"
evidence-c28-t-s-25-1,1790596237.7870293,1790596238.7880807,145346,qemu-kvm,0.2,0.19978993568030592,"0,1,2,3,4,5,6,7"
evidence-c28-t-s-25-1,1790596238.7880807,1790596239.788749,144984,flyt-shm-worker,0.1,0.09993321590324002,"16,17,18,19"
evidence-c28-t-s-25-1,1790596238.7880807,1790596239.788749,145346,qemu-kvm,0.21,0.20985975339680402,"0,1,2,3,4,5,6,7"
evidence-c28-t-s-25-1,1790596239.788749,1790596240.789809,144984,flyt-shm-worker,0.11,0.10988352247692766,"16,17,18,19"
evidence-c28-t-s-25-1,1790596239.788749,1790596240.789809,145346,qemu-kvm,0.2,0.19978822268532304,"0,1,2,3,4,5,6,7"
evidence-c28-t-s-25-1,1790596240.789809,1790596241.7908585,144984,flyt-shm-worker,0.1,0.09989515817492342,"16,17,18,19"
evidence-c28-t-s-25-1,1790596240.789809,1790596241.7908585,145346,qemu-kvm,0.22,0.21976934798483153,"0,1,2,3,4,5,6,7"
evidence-c28-t-s-25-1,1790596241.7908585,1790596242.7919235,144984,flyt-shm-worker,0.1,0.09989361172590742,"16,17,18,19"
evidence-c28-t-s-25-1,1790596241.7908585,1790596242.7919235,145346,qemu-kvm,0.24,0.2397446681421778,"0,1,2,3,4,5,6,7"
evidence-c28-t-s-25-1,1790596242.7919235,1790596243.7929754,144984,flyt-shm-worker,0.1,0.09989492025657368,"16,17,18,19"
evidence-c28-t-s-25-1,1790596242.7919235,1790596243.7929754,145346,qemu-kvm,0.2,0.19978984051314735,"0,1,2,3,4,5,6,7"
evidence-c28-t-s-25-1,1790596243.7929754,1790596244.793208,144984,flyt-shm-worker,0.09,0.08997908363186334,"16,17,18,19"
evidence-c28-t-s-25-1,1790596243.7929754,1790596244.793208,145346,qemu-kvm,0.21,0.20995119514101446,"0,1,2,3,4,5,6,7"
evidence-c28-t-s-25-1,1790596244.793208,1790596245.7942562,144984,flyt-shm-worker,0.1,0.09989527713452327,"16,17,18,19"
evidence-c28-t-s-25-1,1790596244.793208,1790596245.7942562,145346,qemu-kvm,0.21,0.20978008198249887,"0,1,2,3,4,5,6,7"
evidence-c28-t-s-25-1,1790596245.7942562,1790596246.7953084,144984,flyt-shm-worker,0.09,0.08990540681832093,"16,17,18,19"
evidence-c28-t-s-25-1,1790596245.7942562,1790596246.7953084,145346,qemu-kvm,0.2,0.19978979292960208,"0,1,2,3,4,5,6,7"
evidence-c28-t-s-25-1,1790596246.7953084,1790596247.7963574,144984,flyt-shm-worker,0.11,0.10988472633460229,"16,17,18,19"
evidence-c28-t-s-25-1,1790596246.7953084,1790596247.7963574,145346,qemu-kvm,0.21,0.20977993209333165,"0,1,2,3,4,5,6,7"
evidence-c28-t-s-25-1,1790596247.7963574,1790596248.7974195,144984,flyt-shm-worker,0.1,0.09989389722058352,"16,17,18,19"
evidence-c28-t-s-25-1,1790596247.7963574,1790596248.7974195,145346,qemu-kvm,0.2,0.19978779444116704,"0,1,2,3,4,5,6,7"
evidence-c28-t-s-25-1,1790596248.7974195,1790596249.7978745,144984,flyt-shm-worker,0.1,0.09995453041934012,"16,17,18,19"
evidence-c28-t-s-25-1,1790596248.7974195,1790596249.7978745,145346,qemu-kvm,0.24,0.23989087300641626,"0,1,2,3,4,5,6,7"
evidence-c28-t-s-25-1,1790596249.7978745,1790596250.798916,144984,flyt-shm-worker,0.1,0.09989594331351835,"16,17,18,19"
evidence-c28-t-s-25-1,1790596249.7978745,1790596250.798916,145346,qemu-kvm,0.24,0.239750263952444,"0,1,2,3,4,5,6,7"
evidence-c28-t-s-25-1,1790596250.798916,1790596251.7999654,144984,flyt-shm-worker,0.1,0.09989518196682073,"16,17,18,19"
evidence-c28-t-s-25-1,1790596250.798916,1790596251.7999654,145346,qemu-kvm,0.22,0.2197694003270056,"0,1,2,3,4,5,6,7"
evidence-c28-t-s-25-1,1790596251.7999654,1790596252.801013,144984,flyt-shm-worker,0.11,0.1098848833614611,"16,17,18,19"
evidence-c28-t-s-25-1,1790596251.7999654,1790596252.801013,145346,qemu-kvm,0.21,0.20978023187188027,"0,1,2,3,4,5,6,7"
evidence-c28-t-s-25-1,1790596252.801013,1790596253.802059,144984,flyt-shm-worker,0.11,0.10988506656003026,"16,17,18,19"
evidence-c28-t-s-25-1,1790596252.801013,1790596253.802059,145346,qemu-kvm,0.2,0.19979103010914592,"0,1,2,3,4,5,6,7"
evidence-c28-t-s-25-1,1790596253.802059,1790596254.8030927,144984,flyt-shm-worker,0.09,0.08990705561800964,"16,17,18,19"
evidence-c28-t-s-25-1,1790596253.802059,1790596254.8030927,145346,qemu-kvm,0.21,0.20978312977535582,"0,1,2,3,4,5,6,7"
evidence-c28-t-s-25-1,1790596254.8030927,1790596255.8041437,144984,flyt-shm-worker,0.1,0.09989501542377759,"16,17,18,19"
evidence-c28-t-s-25-1,1790596254.8030927,1790596255.8041437,145346,qemu-kvm,0.22,0.21976903393231068,"0,1,2,3,4,5,6,7"
evidence-c28-t-s-25-1,1790596255.8041437,1790596256.8051968,144984,flyt-shm-worker,0.1,0.0998948012978238,"16,17,18,19"
evidence-c28-t-s-25-1,1790596255.8041437,1790596256.8051968,145346,qemu-kvm,0.22,0.21976856285521235,"0,1,2,3,4,5,6,7"
evidence-c28-t-s-25-1,1790596256.8051968,1790596257.80625,144984,flyt-shm-worker,0.09,0.08990529975549702,"16,17,18,19"
evidence-c28-t-s-25-1,1790596256.8051968,1790596257.80625,145346,qemu-kvm,0.19,0.18980007726160483,"0,1,2,3,4,5,6,7"
evidence-c28-t-s-25-1,1790596257.80625,1790596258.807293,144984,flyt-shm-worker,0.09,0.08990624191709866,"16,17,18,19"
evidence-c28-t-s-25-1,1790596257.80625,1790596258.807293,145346,qemu-kvm,0.22,0.21977081357513006,"0,1,2,3,4,5,6,7"
evidence-c28-t-s-25-1,1790596258.807293,1790596259.8076494,144984,flyt-shm-worker,0.1,0.09996436912254376,"16,17,18,19"
evidence-c28-t-s-25-1,1790596258.807293,1790596259.8076494,145346,qemu-kvm,0.22,0.2199216120695963,"0,1,2,3,4,5,6,7"
evidence-c28-t-s-25-1,1790596259.8076494,1790596260.8087351,144984,flyt-shm-worker,0.1,0.09989154193830799,"16,17,18,19"
evidence-c28-t-s-25-1,1790596259.8076494,1790596260.8087351,145346,qemu-kvm,0.22,0.21976139226427757,"0,1,2,3,4,5,6,7"
evidence-c28-t-s-25-1,1790596260.8087351,1790596261.8097532,144984,flyt-shm-worker,0.1,0.09989829880335561,"16,17,18,19"
evidence-c28-t-s-25-1,1790596260.8087351,1790596261.8097532,145346,qemu-kvm,0.21,0.2097864274870468,"0,1,2,3,4,5,6,7"
evidence-c28-t-s-25-1,1790596261.8097532,1790596262.8108087,144984,flyt-shm-worker,0.09,0.08990510704305658,"16,17,18,19"
evidence-c28-t-s-25-1,1790596261.8097532,1790596262.8108087,145346,qemu-kvm,0.24,0.23974695211481753,"0,1,2,3,4,5,6,7"
evidence-c28-t-s-25-1,1790596262.8108087,1790596263.8118567,144984,flyt-shm-worker,0.1,0.09989530092647725,"16,17,18,19"
evidence-c28-t-s-25-1,1790596262.8108087,1790596263.8118567,145346,qemu-kvm,0.21,0.20978013194560222,"0,1,2,3,4,5,6,7"
evidence-c28-t-s-25-1,1790596263.8118567,1790596264.812901,144984,flyt-shm-worker,0.1,0.09989568159928207,"16,17,18,19"
evidence-c28-t-s-25-1,1790596263.8118567,1790596264.812901,145346,qemu-kvm,0.2,0.19979136319856414,"0,1,2,3,4,5,6,7"
evidence-c28-t-s-25-1,1790596264.812901,1790596265.8137696,144984,flyt-shm-worker,0.1,0.09991321948562,"16,17,18,19"
evidence-c28-t-s-25-1,1790596264.812901,1790596265.8137696,145346,qemu-kvm,0.19,0.189835117022678,"0,1,2,3,4,5,6,7"
evidence-c28-t-s-25-1,1790596265.8137696,1790596266.814825,144984,flyt-shm-worker,0.1,0.09989456338117399,"16,17,18,19"
evidence-c28-t-s-25-1,1790596265.8137696,1790596266.814825,145346,qemu-kvm,0.22,0.21976803943858275,"0,1,2,3,4,5,6,7"
evidence-c28-t-s-25-1,1790596266.814825,1790596267.8158588,144984,flyt-shm-worker,0.1,0.09989672846445516,"16,17,18,19"
evidence-c28-t-s-25-1,1790596266.814825,1790596267.8158588,145346,qemu-kvm,0.2,0.19979345692891032,"0,1,2,3,4,5,6,7"
evidence-c28-t-s-25-1,1790596267.8158588,1790596268.8169122,144984,flyt-shm-worker,0.09,0.08990529975549702,"16,17,18,19"
evidence-c28-t-s-25-1,1790596267.8158588,1790596268.8169122,145346,qemu-kvm,0.23,0.22975798826404797,"0,1,2,3,4,5,6,7"
evidence-c28-t-l-25-2,1790596350.8994622,1790596351.9005249,151414,flyt-shm-worker,0.86,0.8590871068870078,"16,17,18,19"
evidence-c28-t-l-25-2,1790596350.8994622,1790596351.9005249,151680,qemu-kvm,0.65,0.6493100226471571,"0,1,2,3,4,5,6,7"
evidence-c28-t-l-25-2,1790596351.9005249,1790596352.9015906,151414,flyt-shm-worker,0.87,0.8690738010666923,"16,17,18,19"
evidence-c28-t-l-25-2,1790596351.9005249,1790596352.9015906,151680,qemu-kvm,0.74,0.7392121986084509,"0,1,2,3,4,5,6,7"
evidence-c28-t-l-25-2,1790596352.9015906,1790596353.90265,151414,flyt-shm-worker,0.87,0.8690791826515905,"16,17,18,19"
evidence-c28-t-l-25-2,1790596352.9015906,1790596353.90265,151680,qemu-kvm,0.13,0.1298624066031112,"0,1,2,3,4,5,6,7"
evidence-c28-t-l-25-2,1790596353.90265,1790596354.9037576,151414,flyt-shm-worker,0.87,0.8690375805945726,"16,17,18,19"
evidence-c28-t-l-25-2,1790596353.90265,1790596354.9037576,151680,qemu-kvm,0.1,0.09988937707983593,"0,1,2,3,4,5,6,7"
evidence-c28-t-l-25-2,1790596354.9037576,1790596355.904831,151414,flyt-shm-worker,0.87,0.8690671776690803,"16,17,18,19"
evidence-c28-t-l-25-2,1790596354.9037576,1790596355.904831,151680,qemu-kvm,0.08,0.07991422323393842,"0,1,2,3,4,5,6,7"
evidence-c28-t-l-25-2,1790596355.904831,1790596356.9058697,151414,flyt-shm-worker,0.87,0.8690971907472406,"16,17,18,19"
evidence-c28-t-l-25-2,1790596355.904831,1790596356.9058697,151680,qemu-kvm,0.11,0.1098858517036741,"0,1,2,3,4,5,6,7"
evidence-c28-t-l-25-2,1790596356.9058697,1790596357.9069421,151414,flyt-shm-worker,0.86,0.8590787181677059,"16,17,18,19"
evidence-c28-t-l-25-2,1790596356.9058697,1790596357.9069421,151680,qemu-kvm,0.1,0.09989287420554721,"0,1,2,3,4,5,6,7"
evidence-c28-t-l-25-2,1790596357.9069421,1790596358.907979,151414,flyt-shm-worker,0.87,0.8690988467015492,"16,17,18,19"
evidence-c28-t-l-25-2,1790596357.9069421,1790596358.907979,151680,qemu-kvm,0.09,0.08990677724498786,"0,1,2,3,4,5,6,7"
evidence-c28-t-l-25-2,1790596358.907979,1790596359.9088204,151414,flyt-shm-worker,0.87,0.8692686154975674,"16,17,18,19"
evidence-c28-t-l-25-2,1790596358.907979,1790596359.9088204,151680,qemu-kvm,0.1,0.09991593281581236,"0,1,2,3,4,5,6,7"
evidence-c28-t-l-25-2,1790596359.9088204,1790596360.9100037,151414,flyt-shm-worker,0.87,0.8689717705494793,"16,17,18,19"
evidence-c28-t-l-25-2,1790596359.9088204,1790596360.9100037,151680,qemu-kvm,0.14,0.1398345377895714,"0,1,2,3,4,5,6,7"
evidence-c28-t-l-25-2,1790596360.9100037,1790596361.9110584,151414,flyt-shm-worker,0.86,0.8590938589020294,"16,17,18,19"
evidence-c28-t-l-25-2,1790596360.9100037,1790596361.9110584,151680,qemu-kvm,0.09,0.08990517128044494,"0,1,2,3,4,5,6,7"
evidence-c28-t-l-25-2,1790596361.9110584,1790596362.9121208,151414,flyt-shm-worker,0.89,0.8890554735207538,"16,17,18,19"
evidence-c28-t-l-25-2,1790596361.9110584,1790596362.9121208,151680,qemu-kvm,0.1,0.09989387342929817,"0,1,2,3,4,5,6,7"
evidence-c28-t-l-25-2,1790596362.9121208,1790596363.913152,151414,flyt-shm-worker,0.86,0.8591141155839204,"16,17,18,19"
evidence-c28-t-l-25-2,1790596362.9121208,1790596363.913152,151680,qemu-kvm,0.09,0.0899072911657591,"0,1,2,3,4,5,6,7"
evidence-c28-t-l-25-2,1790596363.913152,1790596364.9141905,151414,flyt-shm-worker,0.87,0.8690973977411841,"16,17,18,19"
evidence-c28-t-l-25-2,1790596363.913152,1790596364.9141905,151680,qemu-kvm,0.08,0.07991700209114337,"0,1,2,3,4,5,6,7"
evidence-c28-t-l-25-2,1790596364.9141905,1790596365.9152222,151414,flyt-shm-worker,0.86,0.8591137063485693,"16,17,18,19"
evidence-c28-t-l-25-2,1790596364.9141905,1790596365.9152222,151680,qemu-kvm,0.09,0.08990724833880376,"0,1,2,3,4,5,6,7"
evidence-c28-t-l-25-2,1790596365.9152222,1790596366.9162626,151414,flyt-shm-worker,0.87,0.869095741792397,"16,17,18,19"
evidence-c28-t-l-25-2,1790596365.9152222,1790596366.9162626,151680,qemu-kvm,0.12,0.1198752747299858,"0,1,2,3,4,5,6,7"
evidence-c28-t-l-25-2,1790596366.9162626,1790596367.9172804,151414,flyt-shm-worker,0.87,0.8691154065917158,"16,17,18,19"
evidence-c28-t-l-25-2,1790596366.9162626,1790596367.9172804,151680,qemu-kvm,0.12,0.11987798711609873,"0,1,2,3,4,5,6,7"
evidence-c28-t-l-25-2,1790596367.9172804,1790596368.918342,151414,flyt-shm-worker,0.87,0.8690773197877372,"16,17,18,19"
evidence-c28-t-l-25-2,1790596367.9172804,1790596368.918342,151680,qemu-kvm,0.09,0.08990455032286936,"0,1,2,3,4,5,6,7"
evidence-c28-t-l-25-2,1790596368.918342,1790596369.9193747,151414,flyt-shm-worker,0.86,0.8591128878790368,"16,17,18,19"
evidence-c28-t-l-25-2,1790596368.918342,1790596369.9193747,151680,qemu-kvm,0.1,0.09989684742779499,"0,1,2,3,4,5,6,7"
evidence-c28-t-l-25-2,1790596369.9193747,1790596370.9204338,151414,flyt-shm-worker,0.88,0.8790690172732526,"16,17,18,19"
evidence-c28-t-l-25-2,1790596369.9193747,1790596370.9204338,151680,qemu-kvm,0.09,0.08990478585749173,"0,1,2,3,4,5,6,7"
evidence-c28-t-l-25-2,1790596370.9204338,1790596371.9214694,151414,flyt-shm-worker,0.85,0.8491205740514566,"16,17,18,19"
evidence-c28-t-l-25-2,1790596370.9204338,1790596371.9214694,151680,qemu-kvm,0.1,0.09989653812370078,"0,1,2,3,4,5,6,7"
evidence-c28-t-l-25-2,1790596371.9214694,1790596372.9225042,151414,flyt-shm-worker,0.86,0.8591110463282907,"16,17,18,19"
evidence-c28-t-l-25-2,1790596371.9214694,1790596372.9225042,151680,qemu-kvm,0.09,0.08990696996458857,"0,1,2,3,4,5,6,7"
evidence-c28-t-l-25-2,1790596372.9225042,1790596373.9235244,151414,flyt-shm-worker,0.87,0.8691133365709336,"16,17,18,19"
evidence-c28-t-l-25-2,1790596372.9225042,1790596373.9235244,151680,qemu-kvm,0.11,0.10988789312965827,"0,1,2,3,4,5,6,7"
evidence-c28-t-l-25-2,1790596373.9235244,1790596374.9245615,151414,flyt-shm-worker,0.87,0.8690986397069156,"16,17,18,19"
evidence-c28-t-l-25-2,1790596373.9235244,1790596374.9245615,151680,qemu-kvm,0.08,0.07991711629488879,"0,1,2,3,4,5,6,7"
evidence-c28-t-l-25-2,1790596374.9245615,1790596375.9256494,151414,flyt-shm-worker,0.87,0.86905455209703,"16,17,18,19"
evidence-c28-t-l-25-2,1790596374.9245615,1790596375.9256494,151680,qemu-kvm,0.1,0.09989132782724483,"0,1,2,3,4,5,6,7"
evidence-c28-t-l-25-2,1790596375.9256494,1790596376.9267497,151414,flyt-shm-worker,0.86,0.8590547805280359,"16,17,18,19"
evidence-c28-t-l-25-2,1790596375.9256494,1790596376.9267497,151680,qemu-kvm,0.1,0.09989009075907394,"0,1,2,3,4,5,6,7"
evidence-c28-t-l-25-2,1790596376.9267497,1790596377.9279025,151414,flyt-shm-worker,0.87,0.8689982589287947,"16,17,18,19"
evidence-c28-t-l-25-2,1790596376.9267497,1790596377.9279025,151680,qemu-kvm,0.1,0.09988485734813733,"0,1,2,3,4,5,6,7"
evidence-c28-t-l-25-2,1790596377.9279025,1790596378.9289355,151414,flyt-shm-worker,0.85,0.8491227986606129,"16,17,18,19"
evidence-c28-t-l-25-2,1790596377.9279025,1790596378.9289355,151680,qemu-kvm,0.12,0.11987615981091006,"0,1,2,3,4,5,6,7"
evidence-c28-t-l-25-2,1790596378.9289355,1790596379.9300604,151414,flyt-shm-worker,0.86,0.8590337083254148,"16,17,18,19"
evidence-c28-t-l-25-2,1790596378.9289355,1790596379.9300604,151680,qemu-kvm,0.1,0.09988764050295522,"0,1,2,3,4,5,6,7"
evidence-c28-t-l-25-2,1790596379.9300604,1790596380.9310915,151414,flyt-shm-worker,0.87,0.8691038146023381,"16,17,18,19"
evidence-c28-t-l-25-2,1790596379.9300604,1790596380.9310915,151680,qemu-kvm,0.1,0.09989699018417679,"0,1,2,3,4,5,6,7"
evidence-c28-t-l-25-2,1790596380.9310915,1790596381.9318311,151414,flyt-shm-worker,0.88,0.8793496554776926,"16,17,18,19"
evidence-c28-t-l-25-2,1790596380.9310915,1790596381.9318311,151680,qemu-kvm,0.09,0.08993348749203675,"0,1,2,3,4,5,6,7"
evidence-c28-t-l-25-2,1790596381.9318311,1790596382.9329035,151414,flyt-shm-worker,0.86,0.8590787181677059,"16,17,18,19"
evidence-c28-t-l-25-2,1790596381.9318311,1790596382.9329035,151680,qemu-kvm,0.08,0.07991429936443777,"0,1,2,3,4,5,6,7"
evidence-c28-t-l-25-2,1790596382.9329035,1790596383.9339962,151414,flyt-shm-worker,0.88,0.879039497847882,"16,17,18,19"
evidence-c28-t-l-25-2,1790596382.9329035,1790596383.9339962,151680,qemu-kvm,0.09,0.08990176682535157,"0,1,2,3,4,5,6,7"
evidence-c28-t-l-25-2,1790596383.9339962,1790596384.9350262,151414,flyt-shm-worker,0.86,0.8591151386740037,"16,17,18,19"
evidence-c28-t-l-25-2,1790596383.9339962,1790596384.9350262,151680,qemu-kvm,0.09,0.08990739823332597,"0,1,2,3,4,5,6,7"
evidence-c28-t-l-25-2,1790596384.9350262,1790596385.936059,151414,flyt-shm-worker,0.87,0.8691023656254079,"16,17,18,19"
evidence-c28-t-l-25-2,1790596384.9350262,1790596385.936059,151680,qemu-kvm,0.1,0.09989682363510435,"0,1,2,3,4,5,6,7"
evidence-c28-t-l-25-2,1790596385.936059,1790596386.9362454,151414,flyt-shm-worker,0.87,0.8698378245404266,"16,17,18,19"
evidence-c28-t-l-25-2,1790596385.936059,1790596386.9362454,151680,qemu-kvm,0.1,0.09998135914257777,"0,1,2,3,4,5,6,7"
evidence-c28-t-l-25-2,1790596386.9362454,1790596387.9372964,151414,flyt-shm-worker,0.87,0.8690866341868649,"16,17,18,19"
evidence-c28-t-l-25-2,1790596386.9362454,1790596387.9372964,151680,qemu-kvm,0.08,0.07991601233902207,"0,1,2,3,4,5,6,7"
evidence-c28-t-l-25-2,1790596387.9372964,1790596388.938336,151414,flyt-shm-worker,0.87,0.8690965697660018,"16,17,18,19"
evidence-c28-t-l-25-2,1790596387.9372964,1790596388.938336,151680,qemu-kvm,0.08,0.07991692595549442,"0,1,2,3,4,5,6,7"
evidence-c28-t-l-25-2,1790596388.938336,1790596389.9387183,151414,flyt-shm-worker,0.86,0.8596712416001495,"16,17,18,19"
evidence-c28-t-l-25-2,1790596388.938336,1790596389.9387183,151680,qemu-kvm,0.1,0.09996177227908716,"0,1,2,3,4,5,6,7"
evidence-c28-t-l-25-2,1790596389.9387183,1790596390.939767,151414,flyt-shm-worker,0.88,0.8790782294147096,"16,17,18,19"
evidence-c28-t-l-25-2,1790596389.9387183,1790596390.939767,151680,qemu-kvm,0.08,0.0799162026740645,"0,1,2,3,4,5,6,7"
evidence-c28-t-l-25-2,1790596390.939767,1790596391.940804,151414,flyt-shm-worker,0.86,0.8591090001700545,"16,17,18,19"
evidence-c28-t-l-25-2,1790596390.939767,1790596391.940804,151680,qemu-kvm,0.09,0.08990675583174988,"0,1,2,3,4,5,6,7"
evidence-c28-t-l-25-2,1790596391.940804,1790596392.9417195,151414,flyt-shm-worker,0.87,0.8692042197694981,"16,17,18,19"
evidence-c28-t-l-25-2,1790596391.940804,1790596392.9417195,151680,qemu-kvm,0.11,0.10989938410878712,"0,1,2,3,4,5,6,7"
evidence-c28-t-l-25-2,1790596392.9417195,1790596393.9427593,151414,flyt-shm-worker,0.87,0.8690963627724526,"16,17,18,19"
evidence-c28-t-l-25-2,1790596392.9417195,1790596393.9427593,151680,qemu-kvm,0.08,0.07991690692160484,"0,1,2,3,4,5,6,7"
evidence-c28-t-l-25-2,1790596393.9427593,1790596394.9437876,151414,flyt-shm-worker,0.86,0.859116571004214,"16,17,18,19"
evidence-c28-t-l-25-2,1790596393.9427593,1790596394.9437876,151680,qemu-kvm,0.1,0.09989727569816442,"0,1,2,3,4,5,6,7"
evidence-c28-t-l-25-2,1790596394.9437876,1790596395.9448206,151414,flyt-shm-worker,0.88,0.8790918386133405,"16,17,18,19"
evidence-c28-t-l-25-2,1790596394.9437876,1790596395.9448206,151680,qemu-kvm,0.08,0.07991743987394004,"0,1,2,3,4,5,6,7"
evidence-c28-t-l-25-2,1790596395.9448206,1790596396.945856,151414,flyt-shm-worker,0.86,0.8591104324797965,"16,17,18,19"
evidence-c28-t-l-25-2,1790596395.9448206,1790596396.945856,151680,qemu-kvm,0.09,0.08990690572462987,"0,1,2,3,4,5,6,7"
evidence-c28-t-l-25-2,1790596396.945856,1790596397.9469235,151414,flyt-shm-worker,0.87,0.8690723521898379,"16,17,18,19"
evidence-c28-t-l-25-2,1790596396.945856,1790596397.9469235,151680,qemu-kvm,0.09,0.0899040364334315,"0,1,2,3,4,5,6,7"
evidence-c28-t-l-25-2,1790596397.9469235,1790596398.9479556,151414,flyt-shm-worker,0.87,0.8691029866149292,"16,17,18,19"
evidence-c28-t-l-25-2,1790596397.9469235,1790596398.9479556,151680,qemu-kvm,0.09,0.08990720551188923,"0,1,2,3,4,5,6,7"
evidence-c28-t-l-25-2,1790596398.9479556,1790596399.9489925,151414,flyt-shm-worker,0.86,0.8591092047854395,"16,17,18,19"
evidence-c28-t-l-25-2,1790596398.9479556,1790596399.9489925,151680,qemu-kvm,0.1,0.09989641916109762,"0,1,2,3,4,5,6,7"
evidence-c28-t-l-25-2,1790596399.9489925,1790596400.950028,151414,flyt-shm-worker,0.87,0.869100088671422,"16,17,18,19"
evidence-c28-t-l-25-2,1790596399.9489925,1790596400.950028,151680,qemu-kvm,0.08,0.07991724953300433,"0,1,2,3,4,5,6,7"
evidence-c28-t-l-25-2,1790596400.950028,1790596401.9510648,151414,flyt-shm-worker,0.87,0.8690988467015492,"16,17,18,19"
evidence-c28-t-l-25-2,1790596400.950028,1790596401.9510648,151680,qemu-kvm,0.09,0.08990677724498786,"0,1,2,3,4,5,6,7"
evidence-c28-t-l-25-2,1790596401.9510648,1790596402.9521024,151414,flyt-shm-worker,0.87,0.869098225717944,"16,17,18,19"
evidence-c28-t-l-25-2,1790596401.9510648,1790596402.9521024,151680,qemu-kvm,0.08,0.07991707822693739,"0,1,2,3,4,5,6,7"
evidence-c28-t-l-25-2,1790596402.9521024,1790596403.9531329,151414,flyt-shm-worker,0.86,0.859114729437678,"16,17,18,19"
evidence-c28-t-l-25-2,1790596402.9521024,1790596403.9531329,151680,qemu-kvm,0.09,0.08990735540626862,"0,1,2,3,4,5,6,7"
evidence-c28-t-l-25-2,1790596403.9531329,1790596404.9542596,151414,flyt-shm-worker,0.87,0.8690208167124313,"16,17,18,19"
evidence-c28-t-l-25-2,1790596403.9531329,1790596404.9542596,151680,qemu-kvm,0.09,0.08989870517714806,"0,1,2,3,4,5,6,7"
evidence-c28-t-l-25-2,1790596404.9542596,1790596405.9553363,151414,flyt-shm-worker,0.87,0.869064279964371,"16,17,18,19"
evidence-c28-t-l-25-2,1790596404.9542596,1790596405.9553363,151680,qemu-kvm,0.1,0.0998924459729162,"0,1,2,3,4,5,6,7"
evidence-c28-t-l-25-2,1790596405.9553363,1790596406.956409,151414,flyt-shm-worker,0.86,0.8590785135668427,"16,17,18,19"
evidence-c28-t-l-25-2,1790596405.9553363,1790596406.956409,151680,qemu-kvm,0.08,0.07991428033179933,"0,1,2,3,4,5,6,7"
evidence-c28-t-l-25-2,1790596406.956409,1790596407.957456,151414,flyt-shm-worker,0.88,0.8790794856307768,"16,17,18,19"
evidence-c28-t-l-25-2,1790596406.956409,1790596407.957456,151680,qemu-kvm,0.09,0.08990585648496581,"0,1,2,3,4,5,6,7"
evidence-c28-t-l-25-2,1790596407.957456,1790596408.9584742,151414,flyt-shm-worker,0.86,0.8591253697088583,"16,17,18,19"
evidence-c28-t-l-25-2,1790596407.957456,1790596408.9584742,151680,qemu-kvm,0.08,0.0799186390426845,"0,1,2,3,4,5,6,7"
evidence-c28-t-l-25-2,1790596408.9584742,1790596409.9595363,151414,flyt-shm-worker,0.87,0.8690769058190765,"16,17,18,19"
evidence-c28-t-l-25-2,1790596408.9584742,1790596409.9595363,151680,qemu-kvm,0.1,0.09989389722058352,"0,1,2,3,4,5,6,7"
evidence-c28-t-l-50-2,1790596493.0417302,1790596494.0428092,157083,flyt-shm-worker,0.87,0.8690622101871236,"16,17,18,19"
evidence-c28-t-l-50-2,1790596493.0417302,1790596494.0428092,157243,qemu-kvm,0.16,0.15982753290797674,"0,1,2,3,4,5,6,7"
evidence-c28-t-l-50-2,1790596494.0428092,1790596495.0438888,157083,flyt-shm-worker,0.86,0.8590725801842036,"16,17,18,19"
evidence-c28-t-l-50-2,1790596494.0428092,1790596495.0438888,157243,qemu-kvm,0.89,0.8890402283301642,"0,1,2,3,4,5,6,7"
evidence-c28-t-l-50-2,1790596495.0438888,1790596496.0450134,157083,flyt-shm-worker,0.88,0.879011445763191,"16,17,18,19"
evidence-c28-t-l-50-2,1790596495.0438888,1790596496.0450134,157243,qemu-kvm,0.4,0.3995506571650868,"0,1,2,3,4,5,6,7"
evidence-c28-t-l-50-2,1790596496.0450134,1790596497.0460699,157083,flyt-shm-worker,0.86,0.8590924266475498,"16,17,18,19"
evidence-c28-t-l-50-2,1790596496.0450134,1790596497.0460699,157243,qemu-kvm,0.11,0.1098839150363145,"0,1,2,3,4,5,6,7"
evidence-c28-t-l-50-2,1790596497.0460699,1790596498.0471053,157083,flyt-shm-worker,0.87,0.869100088671422,"16,17,18,19"
evidence-c28-t-l-50-2,1790596497.0460699,1790596498.0471053,157243,qemu-kvm,0.1,0.09989656191625541,"0,1,2,3,4,5,6,7"
evidence-c28-t-l-50-2,1790596498.0471053,1790596499.0481527,157083,flyt-shm-worker,0.86,0.8591002018007015,"16,17,18,19"
evidence-c28-t-l-50-2,1790596498.0471053,1790596499.0481527,157243,qemu-kvm,0.1,0.09989537230240715,"0,1,2,3,4,5,6,7"
evidence-c28-t-l-50-2,1790596499.0481527,1790596500.0492084,157083,flyt-shm-worker,0.87,0.8690824944292705,"16,17,18,19"
evidence-c28-t-l-50-2,1790596499.0481527,1790596500.0492084,157243,qemu-kvm,0.11,0.10988399354852846,"0,1,2,3,4,5,6,7"
evidence-c28-t-l-50-2,1790596500.0492084,1790596501.050259,157083,flyt-shm-worker,0.87,0.86908684117578,"16,17,18,19"
evidence-c28-t-l-50-2,1790596500.0492084,1790596501.050259,157243,qemu-kvm,0.12,0.11987404705872826,"0,1,2,3,4,5,6,7"
evidence-c28-t-l-50-2,1790596501.050259,1790596502.051332,157083,flyt-shm-worker,0.87,0.8690675916284732,"16,17,18,19"
evidence-c28-t-l-50-2,1790596501.050259,1790596502.051332,157243,qemu-kvm,0.11,0.10988210928635869,"0,1,2,3,4,5,6,7"
evidence-c28-t-l-50-2,1790596502.051332,1790596503.051765,157083,flyt-shm-worker,0.86,0.8596278085469433,"16,17,18,19"
evidence-c28-t-l-50-2,1790596502.051332,1790596503.051765,157243,qemu-kvm,0.15,0.14993508288609478,"0,1,2,3,4,5,6,7"
evidence-c28-t-l-50-2,1790596503.051765,1790596504.0528312,157083,flyt-shm-worker,0.86,0.8590840378243564,"16,17,18,19"
evidence-c28-t-l-50-2,1790596503.051765,1790596504.0528312,157243,qemu-kvm,0.1,0.09989349277027401,"0,1,2,3,4,5,6,7"
evidence-c28-t-l-50-2,1790596504.0528312,1790596505.0538754,157083,flyt-shm-worker,0.88,0.8790819980736821,"16,17,18,19"
evidence-c28-t-l-50-2,1790596504.0528312,1790596505.0538754,157243,qemu-kvm,0.1,0.09989568159928207,"0,1,2,3,4,5,6,7"
evidence-c28-t-l-50-2,1790596505.0538754,1790596506.0549405,157083,flyt-shm-worker,0.86,0.8590850608428038,"16,17,18,19"
evidence-c28-t-l-50-2,1790596505.0538754,1790596506.0549405,157243,qemu-kvm,0.1,0.09989361172590742,"0,1,2,3,4,5,6,7"
evidence-c28-t-l-50-2,1790596506.0549405,1790596507.055979,157083,flyt-shm-worker,0.88,0.879087023002577,"16,17,18,19"
evidence-c28-t-l-50-2,1790596506.0549405,1790596507.055979,157243,qemu-kvm,0.13,0.12986512839810796,"0,1,2,3,4,5,6,7"
evidence-c28-t-l-50-2,1790596507.055979,1790596508.0567791,157083,flyt-shm-worker,0.86,0.8593124359762344,"16,17,18,19"
evidence-c28-t-l-50-2,1790596507.055979,1790596508.0567791,157243,qemu-kvm,0.09,0.08992804562541987,"0,1,2,3,4,5,6,7"
evidence-c28-t-l-50-2,1790596508.0567791,1790596509.0578167,157083,flyt-shm-worker,0.87,0.869098225717944,"16,17,18,19"
evidence-c28-t-l-50-2,1790596508.0567791,1790596509.0578167,157243,qemu-kvm,0.1,0.09989634778367174,"0,1,2,3,4,5,6,7"
evidence-c28-t-l-50-2,1790596509.0578167,1790596510.058849,157083,flyt-shm-worker,0.88,0.8790924667403732,"16,17,18,19"
evidence-c28-t-l-50-2,1790596509.0578167,1790596510.058849,157243,qemu-kvm,0.11,0.10988655834254665,"0,1,2,3,4,5,6,7"
evidence-c28-t-l-50-2,1790596510.058849,1790596511.0597227,157083,flyt-shm-worker,0.86,0.8592493892283124,"16,17,18,19"
evidence-c28-t-l-50-2,1790596510.058849,1790596511.0597227,157243,qemu-kvm,0.09,0.08992144770993966,"0,1,2,3,4,5,6,7"
evidence-c28-t-l-50-2,1790596511.0597227,1790596512.0607495,157083,flyt-shm-worker,0.86,0.8591177987196241,"16,17,18,19"
evidence-c28-t-l-50-2,1790596511.0597227,1790596512.0607495,157243,qemu-kvm,0.09,0.08990767661019322,"0,1,2,3,4,5,6,7"
evidence-c28-t-l-50-2,1790596512.0607495,1790596513.0617874,157083,flyt-shm-worker,0.88,0.879087651122728,"16,17,18,19"
evidence-c28-t-l-50-2,1790596512.0607495,1790596513.0617874,157243,qemu-kvm,0.09,0.08990669159209719,"0,1,2,3,4,5,6,7"
evidence-c28-t-l-50-2,1790596513.0617874,1790596514.062821,157083,flyt-shm-worker,0.87,0.8691017446367739,"16,17,18,19"
evidence-c28-t-l-50-2,1790596513.0617874,1790596514.062821,157243,qemu-kvm,0.11,0.10988642748281051,"0,1,2,3,4,5,6,7"
evidence-c28-t-l-50-2,1790596514.062821,1790596515.0639002,157083,flyt-shm-worker,0.86,0.8590727847822406,"16,17,18,19"
evidence-c28-t-l-50-2,1790596514.062821,1790596515.0639002,157243,qemu-kvm,0.08,0.07991374742160377,"0,1,2,3,4,5,6,7"
evidence-c28-t-l-50-2,1790596515.0639002,1790596516.064951,157083,flyt-shm-worker,0.87,0.86908684117578,"16,17,18,19"
evidence-c28-t-l-50-2,1790596515.0639002,1790596516.064951,157243,qemu-kvm,0.09,0.0899055352940462,"0,1,2,3,4,5,6,7"
evidence-c28-t-l-50-2,1790596516.064951,1790596517.066006,157083,flyt-shm-worker,0.87,0.8690831153903955,"16,17,18,19"
evidence-c28-t-l-50-2,1790596516.064951,1790596517.066006,157243,qemu-kvm,0.09,0.08990514986797195,"0,1,2,3,4,5,6,7"
evidence-c28-t-l-50-2,1790596517.066006,1790596518.0670536,157083,flyt-shm-worker,0.88,0.8790790668916888,"16,17,18,19"
evidence-c28-t-l-50-2,1790596517.066006,1790596518.0670536,157243,qemu-kvm,0.08,0.07991627880833535,"0,1,2,3,4,5,6,7"
evidence-c28-t-l-50-2,1790596518.0670536,1790596519.0680902,157083,flyt-shm-worker,0.87,0.8690990536962816,"16,17,18,19"
evidence-c28-t-l-50-2,1790596518.0670536,1790596519.0680902,157243,qemu-kvm,0.09,0.08990679865823602,"0,1,2,3,4,5,6,7"
evidence-c28-t-l-50-2,1790596519.0680902,1790596520.069122,157083,flyt-shm-worker,0.86,0.85911350173104,"16,17,18,19"
evidence-c28-t-l-50-2,1790596519.0680902,1790596520.069122,157243,qemu-kvm,0.1,0.09989691880593489,"0,1,2,3,4,5,6,7"
evidence-c28-t-l-50-2,1790596520.069122,1790596521.0701494,157083,flyt-shm-worker,0.87,0.8691071265677499,"16,17,18,19"
evidence-c28-t-l-50-2,1790596520.069122,1790596521.0701494,157243,qemu-kvm,0.09,0.08990763378287067,"0,1,2,3,4,5,6,7"
evidence-c28-t-l-50-2,1790596521.0701494,1790596522.071178,157083,flyt-shm-worker,0.87,0.8691060915758471,"16,17,18,19"
evidence-c28-t-l-50-2,1790596521.0701494,1790596522.071178,157243,qemu-kvm,0.09,0.0899075267147428,"0,1,2,3,4,5,6,7"
evidence-c28-t-l-50-2,1790596522.071178,1790596523.0717378,157083,flyt-shm-worker,0.86,0.8595188354907674,"16,17,18,19"
evidence-c28-t-l-50-2,1790596522.071178,1790596523.0717378,157243,qemu-kvm,0.09,0.08994964557461518,"0,1,2,3,4,5,6,7"
evidence-c28-t-l-50-2,1790596523.0717378,1790596524.0727754,157083,flyt-shm-worker,0.88,0.8790878604963112,"16,17,18,19"
evidence-c28-t-l-50-2,1790596523.0717378,1790596524.0727754,157243,qemu-kvm,0.08,0.07991707822693739,"0,1,2,3,4,5,6,7"
evidence-c28-t-l-50-2,1790596524.0727754,1790596525.0738401,157083,flyt-shm-worker,0.87,0.8690746289984924,"16,17,18,19"
evidence-c28-t-l-50-2,1790596524.0727754,1790596525.0738401,157243,qemu-kvm,0.09,0.08990427196536128,"0,1,2,3,4,5,6,7"
evidence-c28-t-l-50-2,1790596525.0738401,1790596526.074896,157083,flyt-shm-worker,0.87,0.8690822874424261,"16,17,18,19"
evidence-c28-t-l-50-2,1790596525.0738401,1790596526.074896,157243,qemu-kvm,0.1,0.09989451579798002,"0,1,2,3,4,5,6,7"
evidence-c28-t-l-50-2,1790596526.074896,1790596527.075747,157083,flyt-shm-worker,0.86,0.8592688344787943,"16,17,18,19"
evidence-c28-t-l-50-2,1790596526.074896,1790596527.075747,157243,qemu-kvm,0.12,0.11989797690401782,"0,1,2,3,4,5,6,7"
evidence-c28-t-l-50-2,1790596527.075747,1790596528.0767708,157083,flyt-shm-worker,0.87,0.8691102315582487,"16,17,18,19"
evidence-c28-t-l-50-2,1790596527.075747,1790596528.0767708,157243,qemu-kvm,0.09,0.08990795498878434,"0,1,2,3,4,5,6,7"
evidence-c28-t-l-50-2,1790596528.0767708,1790596529.0777917,157083,flyt-shm-worker,0.86,0.8591229142382697,"16,17,18,19"
evidence-c28-t-l-50-2,1790596528.0767708,1790596529.0777917,157243,qemu-kvm,0.08,0.07991841062681579,"0,1,2,3,4,5,6,7"
evidence-c28-t-l-50-2,1790596529.0777917,1790596530.0788136,157083,flyt-shm-worker,0.88,0.8791016793733134,"16,17,18,19"
evidence-c28-t-l-50-2,1790596529.0777917,1790596530.0788136,157243,qemu-kvm,0.1,0.0998979181106038,"0,1,2,3,4,5,6,7"
evidence-c28-t-l-50-2,1790596530.0788136,1790596531.0798266,157083,flyt-shm-worker,0.86,0.8591296668161627,"16,17,18,19"
evidence-c28-t-l-50-2,1790596530.0788136,1790596531.0798266,157243,qemu-kvm,0.08,0.07991903877359652,"0,1,2,3,4,5,6,7"
evidence-c28-t-l-50-2,1790596531.0798266,1790596532.0808585,157083,flyt-shm-worker,0.88,0.879092885492227,"16,17,18,19"
evidence-c28-t-l-50-2,1790596531.0798266,1790596532.0808585,157243,qemu-kvm,0.08,0.07991753504474791,"0,1,2,3,4,5,6,7"
evidence-c28-t-l-50-2,1790596532.0808585,1790596533.0818932,157083,flyt-shm-worker,0.86,0.8591110463282907,"16,17,18,19"
evidence-c28-t-l-50-2,1790596532.0808585,1790596533.0818932,157243,qemu-kvm,0.11,0.10988629662338603,"0,1,2,3,4,5,6,7"
evidence-c28-t-l-50-2,1790596533.0818932,1790596534.0829406,157083,flyt-shm-worker,0.88,0.879079276261183,"16,17,18,19"
evidence-c28-t-l-50-2,1790596533.0818932,1790596534.0829406,157243,qemu-kvm,0.09,0.08990583507216643,"0,1,2,3,4,5,6,7"
evidence-c28-t-l-50-2,1790596534.0829406,1790596535.083977,157083,flyt-shm-worker,0.87,0.8690992606911124,"16,17,18,19"
evidence-c28-t-l-50-2,1790596534.0829406,1790596535.083977,157243,qemu-kvm,0.09,0.08990682007149439,"0,1,2,3,4,5,6,7"
evidence-c28-t-l-50-2,1790596535.083977,1790596536.0850098,157083,flyt-shm-worker,0.86,0.8591126832618974,"16,17,18,19"
evidence-c28-t-l-50-2,1790596535.083977,1790596536.0850098,157243,qemu-kvm,0.08,0.07991745890808348,"0,1,2,3,4,5,6,7"
evidence-c28-t-l-50-2,1790596536.0850098,1790596537.0860386,157083,flyt-shm-worker,0.88,0.879095607389001,"16,17,18,19"
evidence-c28-t-l-50-2,1790596536.0850098,1790596537.0860386,157243,qemu-kvm,0.09,0.08990750530114783,"0,1,2,3,4,5,6,7"
evidence-c28-t-l-50-2,1790596537.0860386,1790596538.0870693,157083,flyt-shm-worker,0.86,0.8591145248196612,"16,17,18,19"
evidence-c28-t-l-50-2,1790596537.0860386,1790596538.0870693,157243,qemu-kvm,0.08,0.07991763021578245,"0,1,2,3,4,5,6,7"
evidence-c28-t-l-50-2,1790596538.0870693,1790596539.08811,157083,flyt-shm-worker,0.88,0.8790851386475095,"16,17,18,19"
evidence-c28-t-l-50-2,1790596538.0870693,1790596539.08811,157243,qemu-kvm,0.08,0.07991683078613723,"0,1,2,3,4,5,6,7"
evidence-c28-t-l-50-2,1790596539.08811,1790596540.0887277,157083,flyt-shm-worker,0.86,0.8594690693953506,"16,17,18,19"
evidence-c28-t-l-50-2,1790596539.08811,1790596540.0887277,157243,qemu-kvm,0.11,0.10993209027149833,"0,1,2,3,4,5,6,7"
evidence-c28-t-l-50-2,1790596540.0887277,1790596541.0897596,157083,flyt-shm-worker,0.87,0.8691031936116335,"16,17,18,19"
evidence-c28-t-l-50-2,1790596540.0887277,1790596541.0897596,157243,qemu-kvm,0.08,0.07991753504474791,"0,1,2,3,4,5,6,7"
evidence-c28-t-l-50-2,1790596541.0897596,1790596542.090797,157083,flyt-shm-worker,0.87,0.8690984327123805,"16,17,18,19"
evidence-c28-t-l-50-2,1790596541.0897596,1790596542.090797,157243,qemu-kvm,0.09,0.08990673441852212,"0,1,2,3,4,5,6,7"
evidence-c28-t-l-50-2,1790596542.090797,1790596543.0918045,157083,flyt-shm-worker,0.86,0.8591343732211035,"16,17,18,19"
evidence-c28-t-l-50-2,1790596542.090797,1790596543.0918045,157243,qemu-kvm,0.09,0.08990941115104573,"0,1,2,3,4,5,6,7"
evidence-c28-t-l-50-2,1790596543.0918045,1790596544.0928414,157083,flyt-shm-worker,0.87,0.8690988467015492,"16,17,18,19"
evidence-c28-t-l-50-2,1790596543.0918045,1790596544.0928414,157243,qemu-kvm,0.08,0.07991713532887809,"0,1,2,3,4,5,6,7"
evidence-c28-t-l-50-2,1790596544.0928414,1790596545.0939186,157083,flyt-shm-worker,0.87,0.8690638660081328,"16,17,18,19"
evidence-c28-t-l-50-2,1790596544.0928414,1790596545.0939186,157243,qemu-kvm,0.08,0.07991391871339151,"0,1,2,3,4,5,6,7"
evidence-c28-t-l-50-2,1790596545.0939186,1790596546.0949564,157083,flyt-shm-worker,0.87,0.8690980187236061,"16,17,18,19"
evidence-c28-t-l-50-2,1790596545.0939186,1790596546.0949564,157243,qemu-kvm,0.11,0.109885956390341,"0,1,2,3,4,5,6,7"
evidence-c28-t-l-50-2,1790596546.0949564,1790596547.096012,157083,flyt-shm-worker,0.87,0.8690824944292705,"16,17,18,19"
evidence-c28-t-l-50-2,1790596546.0949564,1790596547.096012,157243,qemu-kvm,0.08,0.07991563167165706,"0,1,2,3,4,5,6,7"
evidence-c28-t-l-50-2,1790596547.096012,1790596548.0970442,157083,flyt-shm-worker,0.88,0.8790926761162502,"16,17,18,19"
evidence-c28-t-l-50-2,1790596547.096012,1790596548.0970442,157243,qemu-kvm,0.08,0.07991751601056821,"0,1,2,3,4,5,6,7"
evidence-c28-t-l-50-2,1790596548.0970442,1790596549.0977309,157083,flyt-shm-worker,0.87,0.8694030283161281,"16,17,18,19"
evidence-c28-t-l-50-2,1790596548.0970442,1790596549.0977309,157243,qemu-kvm,0.1,0.09993138256507221,"0,1,2,3,4,5,6,7"
evidence-c28-t-l-50-2,1790596549.0977309,1790596550.0987635,157083,flyt-shm-worker,0.86,0.8591128878790368,"16,17,18,19"
evidence-c28-t-l-50-2,1790596549.0977309,1790596550.0987635,157243,qemu-kvm,0.09,0.08990716268501549,"0,1,2,3,4,5,6,7"
evidence-c28-t-l-50-2,1790596550.0987635,1790596551.0997953,157083,flyt-shm-worker,0.87,0.8691031936116335,"16,17,18,19"
evidence-c28-t-l-50-2,1790596550.0987635,1790596551.0997953,157243,qemu-kvm,0.08,0.07991753504474791,"0,1,2,3,4,5,6,7"
evidence-c28-t-l-50-2,1790596551.0997953,1790596552.1007588,157083,flyt-shm-worker,0.87,0.8691626057410717,"16,17,18,19"
evidence-c28-t-l-50-2,1790596551.0997953,1790596552.1007588,157243,qemu-kvm,0.09,0.08991337300769708,"0,1,2,3,4,5,6,7"
evidence-c28-t-l-100-2,1790596634.1839478,1790596635.1849782,162602,flyt-shm-worker,0.85,0.8491250232814258,"16,17,18,19"
evidence-c28-t-l-100-2,1790596634.1839478,1790596635.1849782,162739,qemu-kvm,0.46,0.4595264831875952,"0,1,2,3,4,5,6,7"
evidence-c28-t-l-100-2,1790596635.1849782,1790596636.1860073,162602,flyt-shm-worker,0.88,0.8790953980117276,"16,17,18,19"
evidence-c28-t-l-100-2,1790596635.1849782,1790596636.1860073,162739,qemu-kvm,0.77,0.7692084732602618,"0,1,2,3,4,5,6,7"
evidence-c28-t-l-100-2,1790596636.1860073,1790596637.1870542,162602,flyt-shm-worker,0.87,0.8690901530118287,"16,17,18,19"
evidence-c28-t-l-100-2,1790596636.1860073,1790596637.1870542,162739,qemu-kvm,0.09,0.08990587789777538,"0,1,2,3,4,5,6,7"
evidence-c28-t-l-100-2,1790596637.1870542,1790596638.1880805,162602,flyt-shm-worker,0.87,0.8691079545630469,"16,17,18,19"
evidence-c28-t-l-100-2,1790596637.1870542,1790596638.1880805,162739,qemu-kvm,0.08,0.07991797283338363,"0,1,2,3,4,5,6,7"
evidence-c28-t-l-100-2,1790596638.1880805,1790596639.1891103,162602,flyt-shm-worker,0.87,0.8691050565864094,"16,17,18,19"
evidence-c28-t-l-100-2,1790596638.1880805,1790596639.1891103,162739,qemu-kvm,0.11,0.10988684623506326,"0,1,2,3,4,5,6,7"
evidence-c28-t-l-100-2,1790596639.1891103,1790596640.1901448,162602,flyt-shm-worker,0.86,0.8591112509446505,"16,17,18,19"
evidence-c28-t-l-100-2,1790596639.1891103,1790596640.1901448,162739,qemu-kvm,0.1,0.09989665708658726,"0,1,2,3,4,5,6,7"
evidence-c28-t-l-100-2,1790596640.1901448,1790596641.191181,162602,flyt-shm-worker,0.87,0.869099467686042,"16,17,18,19"
evidence-c28-t-l-100-2,1790596640.1901448,1790596641.191181,162739,qemu-kvm,0.1,0.09989649053862551,"0,1,2,3,4,5,6,7"
evidence-c28-t-l-100-2,1790596641.191181,1790596642.1922169,162602,flyt-shm-worker,0.87,0.8690996746810701,"16,17,18,19"
evidence-c28-t-l-100-2,1790596641.191181,1790596642.1922169,162739,qemu-kvm,0.09,0.08990686289804173,"0,1,2,3,4,5,6,7"
evidence-c28-t-l-100-2,1790596642.1922169,1790596643.1932447,162602,flyt-shm-worker,0.87,0.8691067125706929,"16,17,18,19"
evidence-c28-t-l-100-2,1790596642.1922169,1790596643.1932447,162739,qemu-kvm,0.11,0.10988705561238647,"0,1,2,3,4,5,6,7"
evidence-c28-t-l-100-2,1790596643.1932447,1790596644.1937351,162602,flyt-shm-worker,0.86,0.8595784395098515,"16,17,18,19"
evidence-c28-t-l-100-2,1790596643.1932447,1790596644.1937351,162739,qemu-kvm,0.14,0.13993137387369678,"0,1,2,3,4,5,6,7"
evidence-c28-t-l-100-2,1790596644.1937351,1790596645.1947458,162602,flyt-shm-worker,0.86,0.8591317130728445,"16,17,18,19"
evidence-c28-t-l-100-2,1790596644.1937351,1790596645.1947458,162739,qemu-kvm,0.09,0.08990913276343722,"0,1,2,3,4,5,6,7"
evidence-c28-t-l-100-2,1790596645.1947458,1790596646.1956685,162602,flyt-shm-worker,0.86,0.859207226760968,"16,17,18,19"
evidence-c28-t-l-100-2,1790596645.1947458,1790596646.1956685,162739,qemu-kvm,0.1,0.09990781706522885,"0,1,2,3,4,5,6,7"
evidence-c28-t-l-100-2,1790596646.1956685,1790596647.1967273,162602,flyt-shm-worker,0.87,0.8690798036079829,"16,17,18,19"
evidence-c28-t-l-100-2,1790596646.1956685,1790596647.1967273,162739,qemu-kvm,0.09,0.08990480726979133,"0,1,2,3,4,5,6,7"
evidence-c28-t-l-100-2,1790596647.1967273,1790596648.1977823,162602,flyt-shm-worker,0.87,0.8690831153903955,"16,17,18,19"
evidence-c28-t-l-100-2,1790596647.1967273,1790596648.1977823,162739,qemu-kvm,0.1,0.09989461096441328,"0,1,2,3,4,5,6,7"
evidence-c28-t-l-100-2,1790596648.1977823,1790596649.1988862,162602,flyt-shm-worker,0.86,0.8590517116963495,"16,17,18,19"
evidence-c28-t-l-100-2,1790596648.1977823,1790596649.1988862,162739,qemu-kvm,0.12,0.11986768070181622,"0,1,2,3,4,5,6,7"
evidence-c28-t-l-100-2,1790596649.1988862,1790596650.1999276,162602,flyt-shm-worker,0.87,0.8690949138203699,"16,17,18,19"
evidence-c28-t-l-100-2,1790596649.1988862,1790596650.1999276,162739,qemu-kvm,0.09,0.08990637039521067,"0,1,2,3,4,5,6,7"
evidence-c28-t-l-100-2,1790596650.1999276,1790596651.2007298,162602,flyt-shm-worker,0.86,0.8593105935699075,"16,17,18,19"
evidence-c28-t-l-100-2,1790596650.1999276,1790596651.2007298,162739,qemu-kvm,0.14,0.13988777104626401,"0,1,2,3,4,5,6,7"
evidence-c28-t-l-100-2,1790596651.2007298,1790596652.201777,162602,flyt-shm-worker,0.87,0.8690899460213362,"16,17,18,19"
evidence-c28-t-l-100-2,1790596651.2007298,1790596652.201777,162739,qemu-kvm,0.1,0.09989539609440647,"0,1,2,3,4,5,6,7"
evidence-c28-t-l-100-2,1790596652.201777,1790596653.2028303,162602,flyt-shm-worker,0.86,0.8590950865525272,"16,17,18,19"
evidence-c28-t-l-100-2,1790596652.201777,1790596653.2028303,162739,qemu-kvm,0.09,0.08990529975549702,"0,1,2,3,4,5,6,7"
evidence-c28-t-l-100-2,1790596653.2028303,1790596654.2038894,162602,flyt-shm-worker,0.88,0.8790690172732526,"16,17,18,19"
evidence-c28-t-l-100-2,1790596653.2028303,1790596654.2038894,162739,qemu-kvm,0.09,0.08990478585749173,"0,1,2,3,4,5,6,7"
evidence-c28-t-l-100-2,1790596654.2038894,1790596655.2047317,162602,flyt-shm-worker,0.86,0.8592762034352454,"16,17,18,19"
evidence-c28-t-l-100-2,1790596654.2038894,1790596655.2047317,162739,qemu-kvm,0.1,0.09991583760874946,"0,1,2,3,4,5,6,7"
evidence-c28-t-l-100-2,1790596655.2047317,1790596656.20579,162602,flyt-shm-worker,0.87,0.8690802175794041,"16,17,18,19"
evidence-c28-t-l-100-2,1790596655.2047317,1790596656.20579,162739,qemu-kvm,0.12,0.11987313345922815,"0,1,2,3,4,5,6,7"
evidence-c28-t-l-100-2,1790596656.20579,1790596657.2068095,162602,flyt-shm-worker,0.87,0.8691139575761329,"16,17,18,19"
evidence-c28-t-l-100-2,1790596656.20579,1790596657.2068095,162739,qemu-kvm,0.1,0.09989815604323367,"0,1,2,3,4,5,6,7"
evidence-c28-t-l-100-2,1790596657.2068095,1790596658.207885,162602,flyt-shm-worker,0.87,0.8690653148566917,"16,17,18,19"
evidence-c28-t-l-100-2,1790596657.2068095,1790596658.207885,162739,qemu-kvm,0.08,0.07991405194084522,"0,1,2,3,4,5,6,7"
evidence-c28-t-l-100-2,1790596658.207885,1790596659.2089128,162602,flyt-shm-worker,0.86,0.8591169802422942,"16,17,18,19"
evidence-c28-t-l-100-2,1790596658.207885,1790596659.2089128,162739,qemu-kvm,0.08,0.07991785862719016,"0,1,2,3,4,5,6,7"
evidence-c28-t-l-100-2,1790596659.2089128,1790596660.2099547,162602,flyt-shm-worker,0.87,0.8690944998349479,"16,17,18,19"
evidence-c28-t-l-100-2,1790596659.2089128,1790596660.2099547,162739,qemu-kvm,0.09,0.08990632756913254,"0,1,2,3,4,5,6,7"
evidence-c28-t-l-100-2,1790596660.2099547,1790596661.2109804,162602,flyt-shm-worker,0.87,0.8691085755605551,"16,17,18,19"
evidence-c28-t-l-100-2,1790596660.2099547,1790596661.2109804,162739,qemu-kvm,0.08,0.07991802993660277,"0,1,2,3,4,5,6,7"
evidence-c28-t-l-100-2,1790596661.2109804,1790596662.2120125,162602,flyt-shm-worker,0.85,0.8491236076122871,"16,17,18,19"
evidence-c28-t-l-100-2,1790596661.2109804,1790596662.2120125,162739,qemu-kvm,0.11,0.10988658451453127,"0,1,2,3,4,5,6,7"
evidence-c28-t-l-100-2,1790596662.2120125,1790596663.2130423,162602,flyt-shm-worker,0.88,0.879094769880506,"16,17,18,19"
evidence-c28-t-l-100-2,1790596662.2120125,1790596663.2130423,162739,qemu-kvm,0.08,0.07991770635277327,"0,1,2,3,4,5,6,7"
evidence-c28-t-l-100-2,1790596663.2130423,1790596664.213731,162602,flyt-shm-worker,0.87,0.8694011640636968,"16,17,18,19"
evidence-c28-t-l-100-2,1790596663.2130423,1790596664.213731,162739,qemu-kvm,0.08,0.07994493462654684,"0,1,2,3,4,5,6,7"
evidence-c28-t-l-100-2,1790596664.213731,1790596665.2147655,162602,flyt-shm-worker,0.87,0.8691009166533091,"16,17,18,19"
evidence-c28-t-l-100-2,1790596664.213731,1790596665.2147655,162739,qemu-kvm,0.08,0.07991732566926982,"0,1,2,3,4,5,6,7"
evidence-c28-t-l-100-2,1790596665.2147655,1790596666.2157176,162602,flyt-shm-worker,0.87,0.8691725430573397,"16,17,18,19"
evidence-c28-t-l-100-2,1790596665.2147655,1790596666.2157176,162739,qemu-kvm,0.09,0.08991440100593169,"0,1,2,3,4,5,6,7"
evidence-c28-t-l-100-2,1790596666.2157176,1790596667.2167294,162602,flyt-shm-worker,0.87,0.8691205816868117,"16,17,18,19"
evidence-c28-t-l-100-2,1790596666.2157176,1790596667.2167294,162739,qemu-kvm,0.08,0.07991913394821257,"0,1,2,3,4,5,6,7"
evidence-c28-t-l-100-2,1790596667.2167294,1790596668.2178113,162602,flyt-shm-worker,0.87,0.8690597264674403,"16,17,18,19"
evidence-c28-t-l-100-2,1790596667.2167294,1790596668.2178113,162739,qemu-kvm,0.08,0.07991353806597153,"0,1,2,3,4,5,6,7"
evidence-c28-t-l-100-2,1790596668.2178113,1790596669.2188413,162602,flyt-shm-worker,0.87,0.8691048495888176,"16,17,18,19"
evidence-c28-t-l-100-2,1790596668.2178113,1790596669.2188413,162739,qemu-kvm,0.1,0.09989710914813997,"0,1,2,3,4,5,6,7"
evidence-c28-t-l-100-2,1790596669.2188413,1790596670.2198768,162602,flyt-shm-worker,0.87,0.869100088671422,"16,17,18,19"
evidence-c28-t-l-100-2,1790596669.2188413,1790596670.2198768,162739,qemu-kvm,0.09,0.08990690572462987,"0,1,2,3,4,5,6,7"
evidence-c28-t-l-100-2,1790596670.2198768,1790596671.2209065,162602,flyt-shm-worker,0.86,0.8591153432923128,"16,17,18,19"
evidence-c28-t-l-100-2,1790596670.2198768,1790596671.2209065,162739,qemu-kvm,0.09,0.08990741964686993,"0,1,2,3,4,5,6,7"
evidence-c28-t-l-100-2,1790596671.2209065,1790596672.2219398,162602,flyt-shm-worker,0.87,0.8691019516328866,"16,17,18,19"
evidence-c28-t-l-100-2,1790596671.2209065,1790596672.2219398,162739,qemu-kvm,0.08,0.07991742083980567,"0,1,2,3,4,5,6,7"
evidence-c28-t-l-100-2,1790596672.2219398,1790596673.2222667,162602,flyt-shm-worker,0.87,0.8697157143963724,"16,17,18,19"
evidence-c28-t-l-100-2,1790596672.2219398,1790596673.2222667,162739,qemu-kvm,0.09,0.08997059114445231,"0,1,2,3,4,5,6,7"
evidence-c28-t-l-100-2,1790596673.2222667,1790596674.2232978,162602,flyt-shm-worker,0.87,0.8691038146023381,"16,17,18,19"
evidence-c28-t-l-100-2,1790596673.2222667,1790596674.2232978,162739,qemu-kvm,0.09,0.0899072911657591,"0,1,2,3,4,5,6,7"
evidence-c28-t-l-100-2,1790596674.2232978,1790596675.2237532,162602,flyt-shm-worker,0.86,0.8596085518994027,"16,17,18,19"
evidence-c28-t-l-100-2,1790596674.2232978,1790596675.2237532,162739,qemu-kvm,0.1,0.09995448277900032,"0,1,2,3,4,5,6,7"
evidence-c28-t-l-100-2,1790596675.2237532,1790596676.2247868,162602,flyt-shm-worker,0.88,0.8790914198624841,"16,17,18,19"
evidence-c28-t-l-100-2,1790596675.2237532,1790596676.2247868,162739,qemu-kvm,0.1,0.09989675225710046,"0,1,2,3,4,5,6,7"
evidence-c28-t-l-100-2,1790596676.2247868,1790596677.2258167,162602,flyt-shm-worker,0.86,0.8591151386740037,"16,17,18,19"
evidence-c28-t-l-100-2,1790596676.2247868,1790596677.2258167,162739,qemu-kvm,0.08,0.07991768731851197,"0,1,2,3,4,5,6,7"
evidence-c28-t-l-100-2,1790596677.2258167,1790596678.2268531,162602,flyt-shm-worker,0.88,0.879088907365723,"16,17,18,19"
evidence-c28-t-l-100-2,1790596677.2258167,1790596678.2268531,162739,qemu-kvm,0.09,0.08990682007149439,"0,1,2,3,4,5,6,7"
evidence-c28-t-l-100-2,1790596678.2268531,1790596679.2278812,162602,flyt-shm-worker,0.87,0.8691065055723124,"16,17,18,19"
evidence-c28-t-l-100-2,1790596678.2268531,1790596679.2278812,162739,qemu-kvm,0.09,0.08990756954196334,"0,1,2,3,4,5,6,7"
evidence-c28-t-l-100-2,1790596679.2278812,1790596680.2289028,162602,flyt-shm-worker,0.86,0.8591223003728157,"16,17,18,19"
evidence-c28-t-l-100-2,1790596679.2278812,1790596680.2289028,162739,qemu-kvm,0.08,0.07991835352305263,"0,1,2,3,4,5,6,7"
evidence-c28-t-l-100-2,1790596680.2289028,1790596681.229934,162602,flyt-shm-worker,0.88,0.8790935136207557,"16,17,18,19"
evidence-c28-t-l-100-2,1790596680.2289028,1790596681.229934,162739,qemu-kvm,0.09,0.0899072911657591,"0,1,2,3,4,5,6,7"
evidence-c28-t-l-100-2,1790596681.229934,1790596682.2310014,162602,flyt-shm-worker,0.86,0.8590830148083456,"16,17,18,19"
evidence-c28-t-l-100-2,1790596681.229934,1790596682.2310014,162739,qemu-kvm,0.11,0.1098827111964163,"0,1,2,3,4,5,6,7"
evidence-c28-t-l-100-2,1790596682.2310014,1790596683.2313395,162602,flyt-shm-worker,0.88,0.8797025923071167,"16,17,18,19"
evidence-c28-t-l-100-2,1790596682.2310014,1790596683.2313395,162739,qemu-kvm,0.08,0.0799729629370106,"0,1,2,3,4,5,6,7"
evidence-c28-t-l-100-2,1790596683.2313395,1790596684.2316468,162602,flyt-shm-worker,0.86,0.8597357846673879,"16,17,18,19"
evidence-c28-t-l-100-2,1790596683.2313395,1790596684.2316468,162739,qemu-kvm,0.08,0.07997542182952445,"0,1,2,3,4,5,6,7"
evidence-c28-t-l-100-2,1790596684.2316468,1790596685.232714,162602,flyt-shm-worker,0.87,0.8690725591719499,"16,17,18,19"
evidence-c28-t-l-100-2,1790596684.2316468,1790596685.232714,162739,qemu-kvm,0.09,0.08990405784537413,"0,1,2,3,4,5,6,7"
evidence-c28-t-l-100-2,1790596685.232714,1790596686.233742,162602,flyt-shm-worker,0.87,0.8691065055723124,"16,17,18,19"
evidence-c28-t-l-100-2,1790596685.232714,1790596686.233742,162739,qemu-kvm,0.09,0.08990756954196334,"0,1,2,3,4,5,6,7"
evidence-c28-t-l-100-2,1790596686.233742,1790596687.2347696,162602,flyt-shm-worker,0.87,0.8691069195691721,"16,17,18,19"
evidence-c28-t-l-100-2,1790596686.233742,1790596687.2347696,162739,qemu-kvm,0.08,0.07991787766153306,"0,1,2,3,4,5,6,7"
evidence-c28-t-l-100-2,1790596687.2347696,1790596688.2357552,162602,flyt-shm-worker,0.87,0.8691433528374124,"16,17,18,19"
evidence-c28-t-l-100-2,1790596687.2347696,1790596688.2357552,162739,qemu-kvm,0.11,0.10989168828978778,"0,1,2,3,4,5,6,7"
evidence-c28-t-l-100-2,1790596688.2357552,1790596689.2367897,162602,flyt-shm-worker,0.86,0.8591112509446505,"16,17,18,19"
evidence-c28-t-l-100-2,1790596688.2357552,1790596689.2367897,162739,qemu-kvm,0.08,0.07991732566926982,"0,1,2,3,4,5,6,7"
evidence-c28-t-l-100-2,1790596689.2367897,1790596690.237826,162602,flyt-shm-worker,0.87,0.8690992606911124,"16,17,18,19"
evidence-c28-t-l-100-2,1790596689.2367897,1790596690.237826,162739,qemu-kvm,0.09,0.08990682007149439,"0,1,2,3,4,5,6,7"
evidence-c28-t-l-100-2,1790596690.237826,1790596691.2388556,162602,flyt-shm-worker,0.87,0.8691052635840998,"16,17,18,19"
evidence-c28-t-l-100-2,1790596690.237826,1790596691.2388556,162739,qemu-kvm,0.08,0.07991772538704366,"0,1,2,3,4,5,6,7"
evidence-c28-t-l-100-2,1790596691.2388556,1790596692.2398975,162602,flyt-shm-worker,0.88,0.8790840917870737,"16,17,18,19"
evidence-c28-t-l-100-2,1790596691.2388556,1790596692.2398975,162739,qemu-kvm,0.07,0.06992714366488087,"0,1,2,3,4,5,6,7"
evidence-c28-t-l-100-2,1790596692.2398975,1790596693.2409265,162602,flyt-shm-worker,0.86,0.8591159571478247,"16,17,18,19"
evidence-c28-t-l-100-2,1790596692.2398975,1790596693.2409265,162739,qemu-kvm,0.09,0.08990748388756305,"0,1,2,3,4,5,6,7"
evidence-c28-t-s-25-2,1790596774.3193388,1790596775.3203912,168264,flyt-shm-worker,0.1,0.09989487267303973,"16,17,18,19"
evidence-c28-t-s-25-2,1790596774.3193388,1790596775.3203912,168418,qemu-kvm,0.22,0.21976871988068739,"0,1,2,3,4,5,6,7"
evidence-c28-t-s-25-2,1790596775.3203912,1790596776.321473,168264,flyt-shm-worker,0.11,0.10988114101010255,"16,17,18,19"
evidence-c28-t-s-25-2,1790596775.3203912,1790596776.321473,168418,qemu-kvm,0.96,0.9589626851790768,"0,1,2,3,4,5,6,7"
evidence-c28-t-s-25-2,1790596776.321473,1790596777.3219244,168264,flyt-shm-worker,0.11,0.10995035029328931,"16,17,18,19"
evidence-c28-t-s-25-2,1790596776.321473,1790596777.3219244,168418,qemu-kvm,0.58,0.5797382106373435,"0,1,2,3,4,5,6,7"
evidence-c28-t-s-25-2,1790596777.3219244,1790596778.3227446,168264,flyt-shm-worker,0.1,0.09991805121989336,"16,17,18,19"
evidence-c28-t-s-25-2,1790596777.3219244,1790596778.3227446,168418,qemu-kvm,0.23,0.22981151780575473,"0,1,2,3,4,5,6,7"
evidence-c28-t-s-25-2,1790596778.3227446,1790596779.3238068,168264,flyt-shm-worker,0.11,0.10988328694264186,"16,17,18,19"
evidence-c28-t-s-25-2,1790596778.3227446,1790596779.3238068,168418,qemu-kvm,0.23,0.22975596360734207,"0,1,2,3,4,5,6,7"
evidence-c28-t-s-25-2,1790596779.3238068,1790596780.3247492,168264,flyt-shm-worker,0.1,0.09990584187675981,"16,17,18,19"
evidence-c28-t-s-25-2,1790596779.3238068,1790596780.3247492,168418,qemu-kvm,0.22,0.2197928521288716,"0,1,2,3,4,5,6,7"
evidence-c28-t-s-25-2,1790596780.3247492,1790596781.3257623,168264,flyt-shm-worker,0.1,0.09989879846699566,"16,17,18,19"
evidence-c28-t-s-25-2,1790596780.3247492,1790596781.3257623,168418,qemu-kvm,0.21,0.20978747678069087,"0,1,2,3,4,5,6,7"
evidence-c28-t-s-25-2,1790596781.3257623,1790596782.3268228,168264,flyt-shm-worker,0.1,0.09989406375989819,"16,17,18,19"
evidence-c28-t-s-25-2,1790596781.3257623,1790596782.3268228,168418,qemu-kvm,0.23,0.2297563466477658,"0,1,2,3,4,5,6,7"
evidence-c28-t-s-25-2,1790596782.3268228,1790596783.3277366,168264,flyt-shm-worker,0.1,0.09990869759610037,"16,17,18,19"
evidence-c28-t-s-25-2,1790596782.3268228,1790596783.3277366,168418,qemu-kvm,0.24,0.23978087423064087,"0,1,2,3,4,5,6,7"
evidence-c28-t-s-25-2,1790596783.3277366,1790596784.3288174,168264,flyt-shm-worker,0.1,0.09989204153435821,"16,17,18,19"
evidence-c28-t-s-25-2,1790596783.3277366,1790596784.3288174,168418,qemu-kvm,0.25,0.2497301038358955,"0,1,2,3,4,5,6,7"
evidence-c28-t-s-25-2,1790596784.3288174,1790596785.3298612,168264,flyt-shm-worker,0.11,0.10988530210194533,"16,17,18,19"
evidence-c28-t-s-25-2,1790596784.3288174,1790596785.3298612,168418,qemu-kvm,0.3,0.29968718755075996,"0,1,2,3,4,5,6,7"
evidence-c28-t-s-25-2,1790596785.3298612,1790596786.3309913,168264,flyt-shm-worker,0.1,0.09988711716285897,"16,17,18,19"
evidence-c28-t-s-25-2,1790596785.3298612,1790596786.3309913,168418,qemu-kvm,0.23,0.22974036947457566,"0,1,2,3,4,5,6,7"
evidence-c28-t-s-25-2,1790596786.3309913,1790596787.3317423,168264,flyt-shm-worker,0.1,0.09992495450813756,"16,17,18,19"
evidence-c28-t-s-25-2,1790596786.3309913,1790596787.3317423,168418,qemu-kvm,0.23,0.22982739536871638,"0,1,2,3,4,5,6,7"
evidence-c28-t-s-25-2,1790596787.3317423,1790596788.3327549,168264,flyt-shm-worker,0.11,0.10988873065969665,"16,17,18,19"
evidence-c28-t-s-25-2,1790596787.3317423,1790596788.3327549,168418,qemu-kvm,0.23,0.22976734592482026,"0,1,2,3,4,5,6,7"
evidence-c28-t-s-25-2,1790596788.3327549,1790596789.3338654,168264,flyt-shm-worker,0.1,0.09988906782199983,"16,17,18,19"
evidence-c28-t-s-25-2,1790596788.3327549,1790596789.3338654,168418,qemu-kvm,0.21,0.20976704242619962,"0,1,2,3,4,5,6,7"
evidence-c28-t-s-25-2,1790596789.3338654,1790596790.3347561,168264,flyt-shm-worker,0.09,0.08991990547970005,"16,17,18,19"
evidence-c28-t-s-25-2,1790596789.3338654,1790596790.3347561,168418,qemu-kvm,0.22,0.21980421339482234,"0,1,2,3,4,5,6,7"
evidence-c28-t-s-25-2,1790596790.3347561,1790596791.3358135,168264,flyt-shm-worker,0.1,0.09989437304867009,"16,17,18,19"
evidence-c28-t-s-25-2,1790596790.3347561,1790596791.3358135,168418,qemu-kvm,0.26,0.2597253699265422,"0,1,2,3,4,5,6,7"
evidence-c28-t-s-25-2,1790596791.3358135,1790596792.3367405,168264,flyt-shm-worker,0.11,0.10989812757491796,"16,17,18,19"
evidence-c28-t-s-25-2,1790596791.3358135,1790596792.3367405,168418,qemu-kvm,0.24,0.2397777328907301,"0,1,2,3,4,5,6,7"
evidence-c28-t-s-25-2,1790596792.3367405,1790596793.3378737,168264,flyt-shm-worker,0.1,0.09988680791901611,"16,17,18,19"
evidence-c28-t-s-25-2,1790596792.3367405,1790596793.3378737,168418,qemu-kvm,0.23,0.22973965821373704,"0,1,2,3,4,5,6,7"
evidence-c28-t-s-25-2,1790596793.3378737,1790596794.3389893,168264,flyt-shm-worker,0.11,0.10987742508126372,"16,17,18,19"
evidence-c28-t-s-25-2,1790596793.3378737,1790596794.3389893,168418,qemu-kvm,0.21,0.209765993336958,"0,1,2,3,4,5,6,7"
evidence-c28-t-s-25-2,1790596794.3389893,1790596795.3400419,168264,flyt-shm-worker,0.09,0.08990536399316076,"16,17,18,19"
evidence-c28-t-s-25-2,1790596794.3389893,1790596795.3400419,168418,qemu-kvm,0.22,0.21976866753883745,"0,1,2,3,4,5,6,7"
evidence-c28-t-s-25-2,1790596795.3400419,1790596796.3411055,168264,flyt-shm-worker,0.1,0.09989375447304148,"16,17,18,19"
evidence-c28-t-s-25-2,1790596795.3400419,1790596796.3411055,168418,qemu-kvm,0.21,0.2097768843933871,"0,1,2,3,4,5,6,7"
evidence-c28-t-s-25-2,1790596796.3411055,1790596797.3417563,168264,flyt-shm-worker,0.11,0.10992844947169834,"16,17,18,19"
evidence-c28-t-s-25-2,1790596796.3411055,1790596797.3417563,168418,qemu-kvm,0.24,0.23984388975643275,"0,1,2,3,4,5,6,7"
evidence-c28-t-s-25-2,1790596797.3417563,1790596798.3428085,168264,flyt-shm-worker,0.1,0.09989489646480104,"16,17,18,19"
evidence-c28-t-s-25-2,1790596797.3417563,1790596798.3428085,168418,qemu-kvm,0.22,0.21976877222256228,"0,1,2,3,4,5,6,7"
evidence-c28-t-s-25-2,1790596798.3428085,1790596799.3437586,168264,flyt-shm-worker,0.1,0.09990508037917352,"16,17,18,19"
evidence-c28-t-s-25-2,1790596798.3428085,1790596799.3437586,168418,qemu-kvm,0.21,0.20980066879626438,"0,1,2,3,4,5,6,7"
evidence-c28-t-s-25-2,1790596799.3437586,1790596800.3447492,168264,flyt-shm-worker,0.1,0.09990103511788492,"16,17,18,19"
evidence-c28-t-s-25-2,1790596799.3437586,1790596800.3447492,168418,qemu-kvm,0.21,0.20979217374755832,"0,1,2,3,4,5,6,7"
evidence-c28-t-s-25-2,1790596800.3447492,1790596801.3457625,168264,flyt-shm-worker,0.1,0.09989877467337564,"16,17,18,19"
evidence-c28-t-s-25-2,1790596800.3447492,1790596801.3457625,168418,qemu-kvm,0.21,0.20978742681408885,"0,1,2,3,4,5,6,7"
evidence-c28-t-s-25-2,1790596801.3457625,1790596802.3467267,168264,flyt-shm-worker,0.11,0.1098940440382741,"16,17,18,19"
evidence-c28-t-s-25-2,1790596801.3457625,1790596802.3467267,168418,qemu-kvm,0.21,0.2097977204367051,"0,1,2,3,4,5,6,7"
evidence-c28-t-s-25-2,1790596802.3467267,1790596803.3477774,168264,flyt-shm-worker,0.1,0.09989503921560688,"16,17,18,19"
evidence-c28-t-s-25-2,1790596802.3467267,1790596803.3477774,168418,qemu-kvm,0.22,0.21976908627433514,"0,1,2,3,4,5,6,7"
evidence-c28-t-s-25-2,1790596803.3477774,1790596804.34878,168264,flyt-shm-worker,0.1,0.09989984539749706,"16,17,18,19"
evidence-c28-t-s-25-2,1790596803.3477774,1790596804.34878,168418,qemu-kvm,0.22,0.21977965987449355,"0,1,2,3,4,5,6,7"
evidence-c28-t-s-25-2,1790596804.34878,1790596805.3497367,168264,flyt-shm-worker,0.11,0.10989485548613885,"16,17,18,19"
evidence-c28-t-s-25-2,1790596804.34878,1790596805.3497367,168418,qemu-kvm,0.22,0.2197897109722777,"0,1,2,3,4,5,6,7"
evidence-c28-t-s-25-2,1790596805.3497367,1790596806.3507655,168264,flyt-shm-worker,0.1,0.09989722811238648,"16,17,18,19"
evidence-c28-t-s-25-2,1790596805.3497367,1790596806.3507655,168418,qemu-kvm,0.21,0.2097841790360116,"0,1,2,3,4,5,6,7"
evidence-c28-t-s-25-2,1790596806.3507655,1790596807.3517504,168264,flyt-shm-worker,0.11,0.10989176681311012,"16,17,18,19"
evidence-c28-t-s-25-2,1790596806.3507655,1790596807.3517504,168418,qemu-kvm,0.22,0.21978353362622025,"0,1,2,3,4,5,6,7"
evidence-c28-t-s-25-2,1790596807.3517504,1790596808.352744,168264,flyt-shm-worker,0.1,0.09990072578785807,"16,17,18,19"
evidence-c28-t-s-25-2,1790596807.3517504,1790596808.352744,168418,qemu-kvm,0.21,0.20979152415450192,"0,1,2,3,4,5,6,7"
evidence-c28-t-s-25-2,1790596808.352744,1790596809.3537292,168264,flyt-shm-worker,0.1,0.09990158239877898,"16,17,18,19"
evidence-c28-t-s-25-2,1790596808.352744,1790596809.3537292,168418,qemu-kvm,0.21,0.20979332303743584,"0,1,2,3,4,5,6,7"
evidence-c28-t-s-25-2,1790596809.3537292,1790596810.354756,168264,flyt-shm-worker,0.11,0.10988716030134728,"16,17,18,19"
evidence-c28-t-s-25-2,1790596809.3537292,1790596810.354756,168418,qemu-kvm,0.23,0.2297640624482716,"0,1,2,3,4,5,6,7"
evidence-c28-t-s-25-2,1790596810.354756,1790596811.355812,168264,flyt-shm-worker,0.09,0.08990506421818201,"16,17,18,19"
evidence-c28-t-s-25-2,1790596810.354756,1790596811.355812,168418,qemu-kvm,0.22,0.21976793475555603,"0,1,2,3,4,5,6,7"
evidence-c28-t-s-25-2,1790596811.355812,1790596812.35687,168264,flyt-shm-worker,0.1,0.09989432546565745,"16,17,18,19"
evidence-c28-t-s-25-2,1790596811.355812,1790596812.35687,168418,qemu-kvm,0.2,0.1997886509313149,"0,1,2,3,4,5,6,7"
evidence-c28-t-s-25-2,1790596812.35687,1790596813.3579438,168264,flyt-shm-worker,0.11,0.1098820046070218,"16,17,18,19"
evidence-c28-t-s-25-2,1790596812.35687,1790596813.3579438,168418,qemu-kvm,0.22,0.2197640092140436,"0,1,2,3,4,5,6,7"
evidence-c28-t-s-25-2,1790596813.3579438,1790596814.3587604,168264,flyt-shm-worker,0.09,0.08992656743682119,"16,17,18,19"
evidence-c28-t-s-25-2,1790596813.3579438,1790596814.3587604,168418,qemu-kvm,0.21,0.20982865735258277,"0,1,2,3,4,5,6,7"
evidence-c28-t-s-25-2,1790596814.3587604,1790596815.3598182,168264,flyt-shm-worker,0.11,0.10988375801222319,"16,17,18,19"
evidence-c28-t-s-25-2,1790596814.3587604,1790596815.3598182,168418,qemu-kvm,0.22,0.21976751602444639,"0,1,2,3,4,5,6,7"
evidence-c28-t-s-25-2,1790596815.3598182,1790596816.3609104,168264,flyt-shm-worker,0.09,0.08990180964708487,"16,17,18,19"
evidence-c28-t-s-25-2,1790596815.3598182,1790596816.3609104,168418,qemu-kvm,0.21,0.2097708891765314,"0,1,2,3,4,5,6,7"
evidence-c28-t-s-25-2,1790596816.3609104,1790596817.361949,168264,flyt-shm-worker,0.1,0.09989625261392922,"16,17,18,19"
evidence-c28-t-s-25-2,1790596816.3609104,1790596817.361949,168418,qemu-kvm,0.22,0.21977175575064425,"0,1,2,3,4,5,6,7"
evidence-c28-t-s-25-2,1790596817.361949,1790596818.3629942,168264,flyt-shm-worker,0.1,0.09989558643080887,"16,17,18,19"
evidence-c28-t-s-25-2,1790596817.361949,1790596818.3629942,168418,qemu-kvm,0.21,0.20978073150469861,"0,1,2,3,4,5,6,7"
evidence-c28-t-s-25-2,1790596818.3629942,1790596819.3640451,168264,flyt-shm-worker,0.1,0.09989501542377759,"16,17,18,19"
evidence-c28-t-s-25-2,1790596818.3629942,1790596819.3640451,168418,qemu-kvm,0.22,0.21976903393231068,"0,1,2,3,4,5,6,7"
evidence-c28-t-s-25-2,1790596819.3640451,1790596820.3651006,168264,flyt-shm-worker,0.09,0.08990510704305658,"16,17,18,19"
evidence-c28-t-s-25-2,1790596819.3640451,1790596820.3651006,168418,qemu-kvm,0.21,0.20977858310046535,"0,1,2,3,4,5,6,7"
evidence-c28-t-s-25-2,1790596820.3651006,1790596821.365731,168264,flyt-shm-worker,0.1,0.09993700184038497,"16,17,18,19"
evidence-c28-t-s-25-2,1790596820.3651006,1790596821.365731,168418,qemu-kvm,0.21,0.2098677038648084,"0,1,2,3,4,5,6,7"
evidence-c28-t-s-25-2,1790596821.365731,1790596822.3667967,168264,flyt-shm-worker,0.08,0.0799148322819947,"16,17,18,19"
evidence-c28-t-s-25-2,1790596821.365731,1790596822.3667967,168418,qemu-kvm,0.2,0.19978708070498674,"0,1,2,3,4,5,6,7"
evidence-c28-t-s-25-2,1790596822.3667967,1790596823.3678544,168264,flyt-shm-worker,0.11,0.10988378418287391,"16,17,18,19"
evidence-c28-t-s-25-2,1790596822.3667967,1790596823.3678544,168418,qemu-kvm,0.23,0.22975700329146365,"0,1,2,3,4,5,6,7"
evidence-c28-t-s-25-2,1790596823.3678544,1790596824.368911,168264,flyt-shm-worker,0.08,0.07991555553861925,"16,17,18,19"
evidence-c28-t-s-25-2,1790596823.3678544,1790596824.368911,168418,qemu-kvm,0.21,0.2097783332888755,"0,1,2,3,4,5,6,7"
evidence-c28-t-s-25-2,1790596824.368911,1790596825.369974,168264,flyt-shm-worker,0.1,0.0998938258467615,"16,17,18,19"
evidence-c28-t-s-25-2,1790596824.368911,1790596825.369974,168418,qemu-kvm,0.21,0.20977703427819913,"0,1,2,3,4,5,6,7"
evidence-c28-t-s-25-2,1790596825.369974,1790596826.3710613,168264,flyt-shm-worker,0.09,0.08990223786666159,"16,17,18,19"
evidence-c28-t-s-25-2,1790596825.369974,1790596826.3710613,168418,qemu-kvm,0.21,0.2097718883555437,"0,1,2,3,4,5,6,7"
evidence-c28-t-s-25-2,1790596826.3710613,1790596827.3721654,168264,flyt-shm-worker,0.1,0.09988971012887793,"16,17,18,19"
evidence-c28-t-s-25-2,1790596826.3710613,1790596827.3721654,168418,qemu-kvm,0.21,0.20976839127064362,"0,1,2,3,4,5,6,7"
evidence-c28-t-s-25-2,1790596827.3721654,1790596828.3732278,168264,flyt-shm-worker,0.1,0.09989387342929817,"16,17,18,19"
evidence-c28-t-s-25-2,1790596827.3721654,1790596828.3732278,168418,qemu-kvm,0.23,0.2297559088873858,"0,1,2,3,4,5,6,7"
evidence-c28-t-s-25-2,1790596828.3732278,1790596829.3742955,168264,flyt-shm-worker,0.1,0.09989335002388788,"16,17,18,19"
evidence-c28-t-s-25-2,1790596828.3732278,1790596829.3742955,168418,qemu-kvm,0.22,0.21976537005255334,"0,1,2,3,4,5,6,7"
evidence-c28-t-s-25-2,1790596829.3742955,1790596830.375343,168264,flyt-shm-worker,0.09,0.08990581365937726,"16,17,18,19"
evidence-c28-t-s-25-2,1790596829.3742955,1790596830.375343,168418,qemu-kvm,0.22,0.2197697667229222,"0,1,2,3,4,5,6,7"
evidence-c28-t-s-25-2,1790596830.375343,1790596831.3764668,168264,flyt-shm-worker,0.09,0.08989898350018587,"16,17,18,19"
evidence-c28-t-s-25-2,1790596830.375343,1790596831.3764668,168418,qemu-kvm,0.2,0.19977551888930195,"0,1,2,3,4,5,6,7"
evidence-c28-t-s-25-2,1790596831.3764668,1790596832.377609,168264,flyt-shm-worker,0.1,0.09988590398645424,"16,17,18,19"
evidence-c28-t-s-25-2,1790596831.3764668,1790596832.377609,168418,qemu-kvm,0.2,0.19977180797290847,"0,1,2,3,4,5,6,7"
evidence-c28-t-s-25-2,1790596832.377609,1790596833.3778381,168264,flyt-shm-worker,0.1,0.09997709322295494,"16,17,18,19"
evidence-c28-t-s-25-2,1790596832.377609,1790596833.3778381,168418,qemu-kvm,0.21,0.20995189576820533,"0,1,2,3,4,5,6,7"
evidence-c28-t-s-50-2,1790596918.4618025,1790596919.462748,173488,flyt-shm-worker,0.1,0.09990553251696532,"16,17,18,19"
evidence-c28-t-s-50-2,1790596918.4618025,1790596919.462748,173783,qemu-kvm,0.43,0.4295937898229509,"0,1,2,3,4,5,6,7"
evidence-c28-t-s-50-2,1790596919.462748,1790596920.4637306,173488,flyt-shm-worker,0.1,0.09990184414393494,"16,17,18,19"
evidence-c28-t-s-50-2,1790596919.462748,1790596920.4637306,173783,qemu-kvm,1.07,1.0689497323401038,"0,1,2,3,4,5,6,7"
evidence-c28-t-s-50-2,1790596920.4637306,1790596921.4648063,173488,flyt-shm-worker,0.11,0.10988179524894637,"16,17,18,19"
evidence-c28-t-s-50-2,1790596920.4637306,1790596921.4648063,173783,qemu-kvm,0.3,0.29967762340621734,"0,1,2,3,4,5,6,7"
evidence-c28-t-s-50-2,1790596921.4648063,1790596922.4658768,173488,flyt-shm-worker,0.1,0.09989306453233952,"16,17,18,19"
evidence-c28-t-s-50-2,1790596921.4648063,1790596922.4658768,173783,qemu-kvm,0.2,0.19978612906467905,"0,1,2,3,4,5,6,7"
evidence-c28-t-s-50-2,1790596922.4658768,1790596923.4667413,173488,flyt-shm-worker,0.1,0.09991362409568526,"16,17,18,19"
evidence-c28-t-s-50-2,1790596922.4658768,1790596923.4667413,173783,qemu-kvm,0.23,0.2298013354200761,"0,1,2,3,4,5,6,7"
evidence-c28-t-s-50-2,1790596923.4667413,1790596924.4677484,173488,flyt-shm-worker,0.11,0.10988933264229749,"16,17,18,19"
evidence-c28-t-s-50-2,1790596923.4667413,1790596924.4677484,173783,qemu-kvm,0.27,0.2697283619401848,"0,1,2,3,4,5,6,7"
evidence-c28-t-s-50-2,1790596924.4677484,1790596925.4687316,173488,flyt-shm-worker,0.1,0.09990177275875638,"16,17,18,19"
evidence-c28-t-s-50-2,1790596924.4677484,1790596925.4687316,173783,qemu-kvm,0.2,0.19980354551751275,"0,1,2,3,4,5,6,7"
evidence-c28-t-s-50-2,1790596925.4687316,1790596926.4697218,173488,flyt-shm-worker,0.11,0.10989119097801883,"16,17,18,19"
evidence-c28-t-s-50-2,1790596925.4687316,1790596926.4697218,173783,qemu-kvm,0.23,0.22977249022676666,"0,1,2,3,4,5,6,7"
evidence-c28-t-s-50-2,1790596926.4697218,1790596927.4707267,173488,flyt-shm-worker,0.09,0.0899096467111379,"16,17,18,19"
evidence-c28-t-s-50-2,1790596926.4697218,1790596927.4707267,173783,qemu-kvm,0.21,0.20978917565932176,"0,1,2,3,4,5,6,7"
evidence-c28-t-s-50-2,1790596927.4707267,1790596928.4717488,173488,flyt-shm-worker,0.11,0.10988768374914347,"16,17,18,19"
evidence-c28-t-s-50-2,1790596927.4707267,1790596928.4717488,173783,qemu-kvm,0.29,0.2897038935204691,"0,1,2,3,4,5,6,7"
evidence-c28-t-s-50-2,1790596928.4717488,1790596929.4724793,173488,flyt-shm-worker,0.09,0.08993430168619954,"16,17,18,19"
evidence-c28-t-s-50-2,1790596928.4717488,1790596929.4724793,173783,qemu-kvm,0.21,0.20984670393446558,"0,1,2,3,4,5,6,7"
evidence-c28-t-s-50-2,1790596929.4724793,1790596930.473513,173488,flyt-shm-worker,0.1,0.09989675225710046,"16,17,18,19"
evidence-c28-t-s-50-2,1790596929.4724793,1790596930.473513,173783,qemu-kvm,0.21,0.20978317973991095,"0,1,2,3,4,5,6,7"
evidence-c28-t-s-50-2,1790596930.473513,1790596931.4738183,173488,flyt-shm-worker,0.1,0.09996946790495248,"16,17,18,19"
evidence-c28-t-s-50-2,1790596930.473513,1790596931.4738183,173783,qemu-kvm,0.2,0.19993893580990496,"0,1,2,3,4,5,6,7"
evidence-c28-t-s-50-2,1790596931.4738183,1790596932.474749,173488,flyt-shm-worker,0.1,0.0999070079424364,"16,17,18,19"
evidence-c28-t-s-50-2,1790596931.4738183,1790596932.474749,173783,qemu-kvm,0.2,0.1998140158848728,"0,1,2,3,4,5,6,7"
evidence-c28-t-s-50-2,1790596932.474749,1790596933.4757397,173488,flyt-shm-worker,0.11,0.10989113862967341,"16,17,18,19"
evidence-c28-t-s-50-2,1790596932.474749,1790596933.4757397,173783,qemu-kvm,0.23,0.22977238077113532,"0,1,2,3,4,5,6,7"
evidence-c28-t-s-50-2,1790596933.4757397,1790596934.4767404,173488,flyt-shm-worker,0.1,0.09990003575085489,"16,17,18,19"
evidence-c28-t-s-50-2,1790596933.4757397,1790596934.4767404,173783,qemu-kvm,0.21,0.20979007507679526,"0,1,2,3,4,5,6,7"
evidence-c28-t-s-50-2,1790596934.4767404,1790596935.477791,173488,flyt-shm-worker,0.1,0.09989503921560688,"16,17,18,19"
evidence-c28-t-s-50-2,1790596934.4767404,1790596935.477791,173783,qemu-kvm,0.24,0.2397480941174565,"0,1,2,3,4,5,6,7"
evidence-c28-t-s-50-2,1790596935.477791,1790596936.4787283,173488,flyt-shm-worker,0.1,0.09990636541308431,"16,17,18,19"
evidence-c28-t-s-50-2,1790596935.477791,1790596936.4787283,173783,qemu-kvm,0.21,0.20980336736747704,"0,1,2,3,4,5,6,7"
evidence-c28-t-s-50-2,1790596936.4787283,1790596937.4797285,173488,flyt-shm-worker,0.11,0.10989009167323846,"16,17,18,19"
evidence-c28-t-s-50-2,1790596936.4787283,1790596937.4797285,173783,qemu-kvm,0.2,0.1998001666786154,"0,1,2,3,4,5,6,7"
evidence-c28-t-s-50-2,1790596937.4797285,1790596938.4807189,173488,flyt-shm-worker,0.09,0.08991095302132354,"16,17,18,19"
evidence-c28-t-s-50-2,1790596937.4797285,1790596938.4807189,173783,qemu-kvm,0.21,0.2097922237164216,"0,1,2,3,4,5,6,7"
evidence-c28-t-s-50-2,1790596938.4807189,1790596939.4817283,173488,flyt-shm-worker,0.1,0.09989915537265591,"16,17,18,19"
evidence-c28-t-s-50-2,1790596938.4807189,1790596939.4817283,173783,qemu-kvm,0.24,0.23975797289437417,"0,1,2,3,4,5,6,7"
evidence-c28-t-s-50-2,1790596939.4817283,1790596940.4827485,173488,flyt-shm-worker,0.1,0.0998980846633257,"16,17,18,19"
evidence-c28-t-s-50-2,1790596939.4817283,1790596940.4827485,173783,qemu-kvm,0.21,0.20978597779298397,"0,1,2,3,4,5,6,7"
evidence-c28-t-s-50-2,1790596940.4827485,1790596941.4837437,173488,flyt-shm-worker,0.1,0.09990058302079945,"16,17,18,19"
evidence-c28-t-s-50-2,1790596940.4827485,1790596941.4837437,173783,qemu-kvm,0.2,0.1998011660415989,"0,1,2,3,4,5,6,7"
evidence-c28-t-s-50-2,1790596941.4837437,1790596942.4847693,173488,flyt-shm-worker,0.1,0.09989753742075347,"16,17,18,19"
evidence-c28-t-s-50-2,1790596941.4837437,1790596942.4847693,173783,qemu-kvm,0.21,0.20978482858358224,"0,1,2,3,4,5,6,7"
evidence-c28-t-s-50-2,1790596942.4847693,1790596943.4858305,173488,flyt-shm-worker,0.1,0.09989399238583818,"16,17,18,19"
evidence-c28-t-s-50-2,1790596942.4847693,1790596943.4858305,173783,qemu-kvm,0.21,0.20977738401026017,"0,1,2,3,4,5,6,7"
evidence-c28-t-s-50-2,1790596943.4858305,1790596944.4868677,173488,flyt-shm-worker,0.1,0.09989639536861099,"16,17,18,19"
evidence-c28-t-s-50-2,1790596943.4858305,1790596944.4868677,173783,qemu-kvm,0.2,0.19979279073722198,"0,1,2,3,4,5,6,7"
evidence-c28-t-s-50-2,1790596944.4868677,1790596945.4878922,173488,flyt-shm-worker,0.08,0.079918125108816,"16,17,18,19"
evidence-c28-t-s-50-2,1790596944.4868677,1790596945.4878922,173783,qemu-kvm,0.22,0.21977484404924402,"0,1,2,3,4,5,6,7"
evidence-c28-t-s-50-2,1790596945.4878922,1790596946.488402,173488,flyt-shm-worker,0.1,0.09994905207792697,"16,17,18,19"
evidence-c28-t-s-50-2,1790596945.4878922,1790596946.488402,173783,qemu-kvm,0.23,0.22988281977923203,"0,1,2,3,4,5,6,7"
evidence-c28-t-s-50-2,1790596946.488402,1790596947.4894881,173488,flyt-shm-worker,0.09,0.08990234492219316,"16,17,18,19"
evidence-c28-t-s-50-2,1790596946.488402,1790596947.4894881,173783,qemu-kvm,0.23,0.22975043702338255,"0,1,2,3,4,5,6,7"
evidence-c28-t-s-50-2,1790596947.4894881,1790596948.4905407,173488,flyt-shm-worker,0.09,0.08990536399316076,"16,17,18,19"
evidence-c28-t-s-50-2,1790596947.4894881,1790596948.4905407,173783,qemu-kvm,0.22,0.21976866753883745,"0,1,2,3,4,5,6,7"
evidence-c28-t-s-50-2,1790596948.4905407,1790596949.4915953,173488,flyt-shm-worker,0.1,0.09989465854769791,"16,17,18,19"
evidence-c28-t-s-50-2,1790596948.4905407,1790596949.4915953,173783,qemu-kvm,0.22,0.2197682488049354,"0,1,2,3,4,5,6,7"
evidence-c28-t-s-50-2,1790596949.4915953,1790596950.4917755,173488,flyt-shm-worker,0.1,0.09998197880364047,"16,17,18,19"
evidence-c28-t-s-50-2,1790596949.4915953,1790596950.4917755,173783,qemu-kvm,0.2,0.19996395760728095,"0,1,2,3,4,5,6,7"
evidence-c28-t-s-50-2,1790596950.4917755,1790596951.4927995,173488,flyt-shm-worker,0.09,0.08990793357498536,"16,17,18,19"
evidence-c28-t-s-50-2,1790596950.4917755,1790596951.4927995,173783,qemu-kvm,0.21,0.20978517834163252,"0,1,2,3,4,5,6,7"
evidence-c28-t-s-50-2,1790596951.4927995,1790596952.49388,173488,flyt-shm-worker,0.1,0.09989206532477096,"16,17,18,19"
evidence-c28-t-s-50-2,1790596951.4927995,1790596952.49388,173783,qemu-kvm,0.24,0.2397409567794503,"0,1,2,3,4,5,6,7"
evidence-c28-t-s-50-2,1790596952.49388,1790596953.494752,173488,flyt-shm-worker,0.09,0.08992159765181239,"16,17,18,19"
evidence-c28-t-s-50-2,1790596952.49388,1790596953.494752,173783,qemu-kvm,0.23,0.22979963844352055,"0,1,2,3,4,5,6,7"
evidence-c28-t-s-50-2,1790596953.494752,1790596954.4951158,173488,flyt-shm-worker,0.11,0.10995999361270595,"16,17,18,19"
evidence-c28-t-s-50-2,1790596953.494752,1790596954.4951158,173783,qemu-kvm,0.21,0.20992362416971136,"0,1,2,3,4,5,6,7"
evidence-c28-t-s-50-2,1790596954.4951158,1790596955.4961689,173488,flyt-shm-worker,0.1,0.0998948012978238,"16,17,18,19"
evidence-c28-t-s-50-2,1790596954.4951158,1790596955.4961689,173783,qemu-kvm,0.21,0.20977908272542994,"0,1,2,3,4,5,6,7"
evidence-c28-t-s-50-2,1790596955.4961689,1790596956.497201,173488,flyt-shm-worker,0.1,0.09989689501321025,"16,17,18,19"
evidence-c28-t-s-50-2,1790596955.4961689,1790596956.497201,173783,qemu-kvm,0.22,0.21977316902906255,"0,1,2,3,4,5,6,7"
evidence-c28-t-s-50-2,1790596956.497201,1790596957.4978213,173488,flyt-shm-worker,0.11,0.10993180214186356,"16,17,18,19"
evidence-c28-t-s-50-2,1790596956.497201,1790596957.4978213,173783,qemu-kvm,0.21,0.20986980408901224,"0,1,2,3,4,5,6,7"
evidence-c28-t-s-50-2,1790596957.4978213,1790596958.498851,173488,flyt-shm-worker,0.09,0.08990741964686993,"16,17,18,19"
evidence-c28-t-s-50-2,1790596957.4978213,1790596958.498851,173783,qemu-kvm,0.22,0.2197736924701265,"0,1,2,3,4,5,6,7"
evidence-c28-t-s-50-2,1790596958.498851,1790596959.4998946,173488,flyt-shm-worker,0.11,0.10988532827333156,"16,17,18,19"
evidence-c28-t-s-50-2,1790596958.498851,1790596959.4998946,173783,qemu-kvm,0.23,0.22976023184423872,"0,1,2,3,4,5,6,7"
evidence-c28-t-s-50-2,1790596959.4998946,1790596960.5009212,173488,flyt-shm-worker,0.09,0.0899076980238698,"16,17,18,19"
evidence-c28-t-s-50-2,1790596959.4998946,1790596960.5009212,173783,qemu-kvm,0.22,0.2197743729472373,"0,1,2,3,4,5,6,7"
evidence-c28-t-s-50-2,1790596960.5009212,1790596961.501954,173488,flyt-shm-worker,0.11,0.10988650599861478,"16,17,18,19"
evidence-c28-t-s-50-2,1790596960.5009212,1790596961.501954,173783,qemu-kvm,0.2,0.1997936472702087,"0,1,2,3,4,5,6,7"
evidence-c28-t-s-50-2,1790596961.501954,1790596962.5030746,173488,flyt-shm-worker,0.09,0.08989926182494705,"16,17,18,19"
evidence-c28-t-s-50-2,1790596961.501954,1790596962.5030746,173783,qemu-kvm,0.21,0.2097649442582098,"0,1,2,3,4,5,6,7"
evidence-c28-t-s-50-2,1790596962.5030746,1790596963.5041275,173488,flyt-shm-worker,0.1,0.09989482508955111,"16,17,18,19"
evidence-c28-t-s-50-2,1790596962.5030746,1790596963.5041275,173783,qemu-kvm,0.21,0.2097791326880573,"0,1,2,3,4,5,6,7"
evidence-c28-t-s-50-2,1790596963.5041275,1790596964.5047653,173488,flyt-shm-worker,0.11,0.10992989004710293,"16,17,18,19"
evidence-c28-t-s-50-2,1790596963.5041275,1790596964.5047653,173783,qemu-kvm,0.21,0.2098661537262874,"0,1,2,3,4,5,6,7"
evidence-c28-t-s-50-2,1790596964.5047653,1790596965.5058303,173488,flyt-shm-worker,0.1,0.09989361172590742,"16,17,18,19"
evidence-c28-t-s-50-2,1790596964.5047653,1790596965.5058303,173783,qemu-kvm,0.23,0.22975530696958707,"0,1,2,3,4,5,6,7"
evidence-c28-t-s-50-2,1790596965.5058303,1790596966.5068953,173488,flyt-shm-worker,0.1,0.09989361172590742,"16,17,18,19"
evidence-c28-t-s-50-2,1790596965.5058303,1790596966.5068953,173783,qemu-kvm,0.21,0.20977658462440557,"0,1,2,3,4,5,6,7"
evidence-c28-t-s-50-2,1790596966.5068953,1790596967.5079396,173488,flyt-shm-worker,0.1,0.09989568159928207,"16,17,18,19"
evidence-c28-t-s-50-2,1790596966.5068953,1790596967.5079396,173783,qemu-kvm,0.21,0.20978093135849232,"0,1,2,3,4,5,6,7"
evidence-c28-t-s-50-2,1790596967.5079396,1790596968.5089798,173488,flyt-shm-worker,0.11,0.10988569467404774,"16,17,18,19"
evidence-c28-t-s-50-2,1790596967.5079396,1790596968.5089798,173783,qemu-kvm,0.21,0.20978178074136386,"0,1,2,3,4,5,6,7"
evidence-c28-t-s-50-2,1790596968.5089798,1790596969.5098174,173488,flyt-shm-worker,0.1,0.09991631364587833,"16,17,18,19"
evidence-c28-t-s-50-2,1790596968.5089798,1790596969.5098174,173783,qemu-kvm,0.22,0.2198158900209323,"0,1,2,3,4,5,6,7"
evidence-c28-t-s-50-2,1790596969.5098174,1790596970.5108597,173488,flyt-shm-worker,0.1,0.09989587193677245,"16,17,18,19"
evidence-c28-t-s-50-2,1790596969.5098174,1790596970.5108597,173783,qemu-kvm,0.21,0.20978133106722213,"0,1,2,3,4,5,6,7"
evidence-c28-t-s-50-2,1790596970.5108597,1790596971.511901,173488,flyt-shm-worker,0.11,0.10988558998787949,"16,17,18,19"
evidence-c28-t-s-50-2,1790596970.5108597,1790596971.511901,173783,qemu-kvm,0.21,0.20978158088595175,"0,1,2,3,4,5,6,7"
evidence-c28-t-s-50-2,1790596971.511901,1790596972.5128644,173488,flyt-shm-worker,0.1,0.0999037477863301,"16,17,18,19"
evidence-c28-t-s-50-2,1790596971.511901,1790596972.5128644,173783,qemu-kvm,0.24,0.2397689946871922,"0,1,2,3,4,5,6,7"
evidence-c28-t-s-50-2,1790596972.5128644,1790596973.513831,173488,flyt-shm-worker,0.1,0.09990343843950421,"16,17,18,19"
evidence-c28-t-s-50-2,1790596972.5128644,1790596973.513831,173783,qemu-kvm,0.21,0.20979722072295884,"0,1,2,3,4,5,6,7"
evidence-c28-t-s-50-2,1790596973.513831,1790596974.5148444,173488,flyt-shm-worker,0.1,0.09989875087976698,"16,17,18,19"
evidence-c28-t-s-50-2,1790596973.513831,1790596974.5148444,173783,qemu-kvm,0.21,0.20978737684751061,"0,1,2,3,4,5,6,7"
evidence-c28-t-s-50-2,1790596974.5148444,1790596975.5157132,173488,flyt-shm-worker,0.09,0.08992187611661698,"16,17,18,19"
evidence-c28-t-s-50-2,1790596974.5148444,1790596975.5157132,173783,qemu-kvm,0.21,0.20981771093877294,"0,1,2,3,4,5,6,7"
evidence-c28-t-s-50-2,1790596975.5157132,1790596976.5167878,173488,flyt-shm-worker,0.11,0.10988192609765003,"16,17,18,19"
evidence-c28-t-s-50-2,1790596975.5157132,1790596976.5167878,173783,qemu-kvm,0.22,0.21976385219530006,"0,1,2,3,4,5,6,7"
evidence-c28-t-s-50-2,1790596976.5167878,1790596977.5178323,173488,flyt-shm-worker,0.09,0.08990609202643209,"16,17,18,19"
evidence-c28-t-s-50-2,1790596976.5167878,1790596977.5178323,173783,qemu-kvm,0.22,0.2197704471757229,"0,1,2,3,4,5,6,7"
evidence-c28-t-s-100-2,1790597061.602731,1790597062.60382,179250,flyt-shm-worker,0.11,0.10988032976475587,"16,17,18,19"
evidence-c28-t-s-100-2,1790597061.602731,1790597062.60382,179406,qemu-kvm,0.46,0.45949956083443366,"0,1,2,3,4,5,6,7"
evidence-c28-t-s-100-2,1790597062.60382,1790597063.604875,179250,flyt-shm-worker,0.08,0.07991568877153063,"16,17,18,19"
evidence-c28-t-s-100-2,1790597062.60382,1790597063.604875,179406,qemu-kvm,1.04,1.038903954029898,"0,1,2,3,4,5,6,7"
evidence-c28-t-s-100-2,1790597063.604875,1790597064.6059315,179250,flyt-shm-worker,0.09,0.08990502139334823,"16,17,18,19"
evidence-c28-t-s-100-2,1790597063.604875,1790597064.6059315,179406,qemu-kvm,0.35,0.3496306387519098,"0,1,2,3,4,5,6,7"
evidence-c28-t-s-100-2,1790597064.6059315,1790597065.6065753,179250,flyt-shm-worker,0.09,0.08994210155625298,"16,17,18,19"
evidence-c28-t-s-100-2,1790597064.6059315,1790597065.6065753,179406,qemu-kvm,0.21,0.20986490363125695,"0,1,2,3,4,5,6,7"
evidence-c28-t-s-100-2,1790597065.6065753,1790597066.607665,179250,flyt-shm-worker,0.1,0.09989113750707035,"16,17,18,19"
evidence-c28-t-s-100-2,1790597065.6065753,1790597066.607665,179406,qemu-kvm,0.21,0.20977138876484772,"0,1,2,3,4,5,6,7"
evidence-c28-t-s-100-2,1790597066.607665,1790597067.608735,179250,flyt-shm-worker,0.1,0.09989311211415093,"16,17,18,19"
evidence-c28-t-s-100-2,1790597066.607665,1790597067.608735,179406,qemu-kvm,0.26,0.25972209149679243,"0,1,2,3,4,5,6,7"
evidence-c28-t-s-100-2,1790597067.608735,1790597068.609789,179250,flyt-shm-worker,0.11,0.10988420291498084,"16,17,18,19"
evidence-c28-t-s-100-2,1790597067.608735,1790597068.609789,179406,qemu-kvm,0.26,0.2597262977990456,"0,1,2,3,4,5,6,7"
evidence-c28-t-s-100-2,1790597068.609789,1790597069.610891,179250,flyt-shm-worker,0.1,0.09988990044361334,"16,17,18,19"
evidence-c28-t-s-100-2,1790597068.609789,1790597069.610891,179406,qemu-kvm,0.22,0.21975778097594934,"0,1,2,3,4,5,6,7"
evidence-c28-t-s-100-2,1790597069.610891,1790597070.6119473,179250,flyt-shm-worker,0.1,0.09989449200640003,"16,17,18,19"
evidence-c28-t-s-100-2,1790597069.610891,1790597070.6119473,179406,qemu-kvm,0.24,0.23974678081536005,"0,1,2,3,4,5,6,7"
evidence-c28-t-s-100-2,1790597070.6119473,1790597071.613001,179250,flyt-shm-worker,0.09,0.08990525693043887,"16,17,18,19"
evidence-c28-t-s-100-2,1790597070.6119473,1790597071.613001,179406,qemu-kvm,0.23,0.22975787882223267,"0,1,2,3,4,5,6,7"
evidence-c28-t-s-100-2,1790597071.613001,1790597072.6140552,179250,flyt-shm-worker,0.11,0.10988417674413066,"16,17,18,19"
evidence-c28-t-s-100-2,1790597071.613001,1790597072.6140552,179406,qemu-kvm,0.3,0.2996841183930836,"0,1,2,3,4,5,6,7"
evidence-c28-t-s-100-2,1790597072.6140552,1790597073.6151085,179250,flyt-shm-worker,0.1,0.09989477750610781,"16,17,18,19"
evidence-c28-t-s-100-2,1790597072.6140552,1790597073.6151085,179406,qemu-kvm,0.22,0.21976851051343718,"0,1,2,3,4,5,6,7"
evidence-c28-t-s-100-2,1790597073.6151085,1790597074.6161935,179250,flyt-shm-worker,0.1,0.09989161330886635,"16,17,18,19"
evidence-c28-t-s-100-2,1790597073.6151085,1790597074.6161935,179406,qemu-kvm,0.22,0.21976154927950597,"0,1,2,3,4,5,6,7"
evidence-c28-t-s-100-2,1790597074.6161935,1790597075.617249,179250,flyt-shm-worker,0.09,0.08990510704305658,"16,17,18,19"
evidence-c28-t-s-100-2,1790597074.6161935,1790597075.617249,179406,qemu-kvm,0.22,0.21976803943858275,"0,1,2,3,4,5,6,7"
evidence-c28-t-s-100-2,1790597075.617249,1790597076.6183085,179250,flyt-shm-worker,0.11,0.10988357481801718,"16,17,18,19"
evidence-c28-t-s-100-2,1790597075.617249,1790597076.6183085,179406,qemu-kvm,0.23,0.2297565655285814,"0,1,2,3,4,5,6,7"
evidence-c28-t-s-100-2,1790597076.6183085,1790597077.6193602,179250,flyt-shm-worker,0.09,0.08990544964352189,"16,17,18,19"
evidence-c28-t-s-100-2,1790597076.6183085,1790597077.6193602,179406,qemu-kvm,0.23,0.22975837131122262,"0,1,2,3,4,5,6,7"
evidence-c28-t-s-100-2,1790597077.6193602,1790597078.620415,179250,flyt-shm-worker,0.11,0.10988409823165492,"16,17,18,19"
evidence-c28-t-s-100-2,1790597077.6193602,1790597078.620415,179406,qemu-kvm,0.22,0.21976819646330983,"0,1,2,3,4,5,6,7"
evidence-c28-t-s-100-2,1790597078.620415,1790597079.6207507,179250,flyt-shm-worker,0.09,0.08996979773635559,"16,17,18,19"
evidence-c28-t-s-100-2,1790597078.620415,1790597079.6207507,179406,qemu-kvm,0.21,0.20992952805149637,"0,1,2,3,4,5,6,7"
evidence-c28-t-s-100-2,1790597079.6207507,1790597080.6218078,179250,flyt-shm-worker,0.1,0.09989439684019341,"16,17,18,19"
evidence-c28-t-s-100-2,1790597079.6207507,1790597080.6218078,179406,qemu-kvm,0.21,0.20977823336440615,"0,1,2,3,4,5,6,7"
evidence-c28-t-s-100-2,1790597080.6218078,1790597081.6229117,179250,flyt-shm-worker,0.11,0.1098787073099982,"16,17,18,19"
evidence-c28-t-s-100-2,1790597080.6218078,1790597081.6229117,179406,qemu-kvm,0.21,0.2097684412281784,"0,1,2,3,4,5,6,7"
evidence-c28-t-s-100-2,1790597081.6229117,1790597082.6237407,179250,flyt-shm-worker,0.1,0.09991717052414122,"16,17,18,19"
evidence-c28-t-s-100-2,1790597081.6229117,1790597082.6237407,179406,qemu-kvm,0.26,0.25978464336276713,"0,1,2,3,4,5,6,7"
evidence-c28-t-s-100-2,1790597082.6237407,1790597083.6247966,179250,flyt-shm-worker,0.1,0.09989451579798002,"16,17,18,19"
evidence-c28-t-s-100-2,1790597082.6237407,1790597083.6247966,179406,qemu-kvm,0.24,0.23974683791515203,"0,1,2,3,4,5,6,7"
evidence-c28-t-s-100-2,1790597083.6247966,1790597084.625855,179250,flyt-shm-worker,0.1,0.09989427788269013,"16,17,18,19"
evidence-c28-t-s-100-2,1790597083.6247966,1790597084.625855,179406,qemu-kvm,0.21,0.20977798355364927,"0,1,2,3,4,5,6,7"
evidence-c28-t-s-100-2,1790597084.625855,1790597085.6269488,179250,flyt-shm-worker,0.1,0.09989073307910754,"16,17,18,19"
evidence-c28-t-s-100-2,1790597084.625855,1790597085.6269488,179406,qemu-kvm,0.22,0.21975961277403658,"0,1,2,3,4,5,6,7"
evidence-c28-t-s-100-2,1790597085.6269488,1790597086.6280053,179250,flyt-shm-worker,0.09,0.08990502139334823,"16,17,18,19"
evidence-c28-t-s-100-2,1790597085.6269488,1790597086.6280053,179406,qemu-kvm,0.22,0.219767830072629,"0,1,2,3,4,5,6,7"
evidence-c28-t-s-100-2,1790597086.6280053,1790597087.629073,179250,flyt-shm-worker,0.1,0.09989335002388788,"16,17,18,19"
evidence-c28-t-s-100-2,1790597086.6280053,1790597087.629073,179406,qemu-kvm,0.21,0.20977603505016454,"0,1,2,3,4,5,6,7"
evidence-c28-t-s-100-2,1790597087.629073,1790597088.6301258,179250,flyt-shm-worker,0.11,0.10988430759850622,"16,17,18,19"
evidence-c28-t-s-100-2,1790597087.629073,1790597088.6301258,179406,qemu-kvm,0.2,0.19978965017910222,"0,1,2,3,4,5,6,7"
evidence-c28-t-s-100-2,1790597088.6301258,1790597089.631162,179250,flyt-shm-worker,0.09,0.08990684148476295,"16,17,18,19"
evidence-c28-t-s-100-2,1790597088.6301258,1790597089.631162,179406,qemu-kvm,0.24,0.23975157729270122,"0,1,2,3,4,5,6,7"
evidence-c28-t-s-100-2,1790597089.631162,1790597090.6322143,179250,flyt-shm-worker,0.11,0.10988435994034369,"16,17,18,19"
evidence-c28-t-s-100-2,1790597089.631162,1790597090.6322143,179406,qemu-kvm,0.21,0.2097792326133834,"0,1,2,3,4,5,6,7"
evidence-c28-t-s-100-2,1790597090.6322143,1790597091.633278,179250,flyt-shm-worker,0.09,0.08990437902573732,"16,17,18,19"
evidence-c28-t-s-100-2,1790597090.6322143,1790597091.633278,179406,qemu-kvm,0.21,0.2097768843933871,"0,1,2,3,4,5,6,7"
evidence-c28-t-s-100-2,1790597091.633278,1790597092.6343505,179250,flyt-shm-worker,0.1,0.09989285041474916,"16,17,18,19"
evidence-c28-t-s-100-2,1790597091.633278,1790597092.6343505,179406,qemu-kvm,0.22,0.21976427091244816,"0,1,2,3,4,5,6,7"
evidence-c28-t-s-100-2,1790597092.6343505,1790597093.6354082,179250,flyt-shm-worker,0.11,0.10988378418287391,"16,17,18,19"
evidence-c28-t-s-100-2,1790597092.6343505,1790597093.6354082,179406,qemu-kvm,0.2,0.19978869851431622,"0,1,2,3,4,5,6,7"
evidence-c28-t-s-100-2,1790597093.6354082,1790597094.636446,179250,flyt-shm-worker,0.1,0.0998963239912191,"16,17,18,19"
evidence-c28-t-s-100-2,1790597093.6354082,1790597094.636446,179406,qemu-kvm,0.21,0.2097822803815601,"0,1,2,3,4,5,6,7"
evidence-c28-t-s-100-2,1790597094.636446,1790597095.6374884,179250,flyt-shm-worker,0.1,0.09989587193677245,"16,17,18,19"
evidence-c28-t-s-100-2,1790597094.636446,1790597095.6374884,179406,qemu-kvm,0.21,0.20978133106722213,"0,1,2,3,4,5,6,7"
evidence-c28-t-s-100-2,1790597095.6374884,1790597096.638533,179250,flyt-shm-worker,0.1,0.0998956340150228,"16,17,18,19"
evidence-c28-t-s-100-2,1790597095.6374884,1790597096.638533,179406,qemu-kvm,0.23,0.22975995823455245,"0,1,2,3,4,5,6,7"
evidence-c28-t-s-100-2,1790597096.638533,1790597097.6396062,179250,flyt-shm-worker,0.1,0.09989280283318706,"16,17,18,19"
evidence-c28-t-s-100-2,1790597096.638533,1790597097.6396062,179406,qemu-kvm,0.22,0.21976416623301154,"0,1,2,3,4,5,6,7"
evidence-c28-t-s-100-2,1790597097.6396062,1790597098.6406567,179250,flyt-shm-worker,0.11,0.10988456930819228,"16,17,18,19"
evidence-c28-t-s-100-2,1790597097.6396062,1790597098.6406567,179406,qemu-kvm,0.21,0.20977963231563979,"0,1,2,3,4,5,6,7"
evidence-c28-t-s-100-2,1790597098.6406567,1790597099.6417422,179250,flyt-shm-worker,0.1,0.09989156572848278,"16,17,18,19"
evidence-c28-t-s-100-2,1790597098.6406567,1790597099.6417422,179406,qemu-kvm,0.21,0.20977228802981382,"0,1,2,3,4,5,6,7"
evidence-c28-t-s-100-2,1790597099.6417422,1790597100.6427972,179250,flyt-shm-worker,0.1,0.09989461096441328,"16,17,18,19"
evidence-c28-t-s-100-2,1790597099.6417422,1790597100.6427972,179406,qemu-kvm,0.21,0.20977868302526786,"0,1,2,3,4,5,6,7"
evidence-c28-t-s-100-2,1790597100.6427972,1790597101.643882,179250,flyt-shm-worker,0.1,0.09989163709907513,"16,17,18,19"
evidence-c28-t-s-100-2,1790597100.6427972,1790597101.643882,179406,qemu-kvm,0.22,0.2197616016179653,"0,1,2,3,4,5,6,7"
evidence-c28-t-s-100-2,1790597101.643882,1790597102.644951,179250,flyt-shm-worker,0.1,0.09989320727790972,"16,17,18,19"
evidence-c28-t-s-100-2,1790597101.643882,1790597102.644951,179406,qemu-kvm,0.23,0.22975437673919236,"0,1,2,3,4,5,6,7"
evidence-c28-t-s-100-2,1790597102.644951,1790597103.6459858,179250,flyt-shm-worker,0.1,0.0998966332939873,"16,17,18,19"
evidence-c28-t-s-100-2,1790597102.644951,1790597103.6459858,179406,qemu-kvm,0.21,0.20978292991737332,"0,1,2,3,4,5,6,7"
evidence-c28-t-s-100-2,1790597103.6459858,1790597104.6470697,179250,flyt-shm-worker,0.1,0.09989173226002358,"16,17,18,19"
evidence-c28-t-s-100-2,1790597103.6459858,1790597104.6470697,179406,qemu-kvm,0.2,0.19978346452004717,"0,1,2,3,4,5,6,7"
evidence-c28-t-s-100-2,1790597104.6470697,1790597105.6477807,179250,flyt-shm-worker,0.1,0.09992895409081011,"16,17,18,19"
evidence-c28-t-s-100-2,1790597104.6470697,1790597105.6477807,179406,qemu-kvm,0.2,0.19985790818162022,"0,1,2,3,4,5,6,7"
evidence-c28-t-s-100-2,1790597105.6477807,1790597106.6489024,179250,flyt-shm-worker,0.11,0.10987674472714871,"16,17,18,19"
evidence-c28-t-s-100-2,1790597105.6477807,1790597106.6489024,179406,qemu-kvm,0.21,0.2097646944791021,"0,1,2,3,4,5,6,7"
evidence-c28-t-s-100-2,1790597106.6489024,1790597107.649736,179250,flyt-shm-worker,0.09,0.0899250464529039,"16,17,18,19"
evidence-c28-t-s-100-2,1790597106.6489024,1790597107.649736,179406,qemu-kvm,0.22,0.21981678021820955,"0,1,2,3,4,5,6,7"
evidence-c28-t-s-100-2,1790597107.649736,1790597108.6507556,179250,flyt-shm-worker,0.1,0.09989813224991968,"16,17,18,19"
evidence-c28-t-s-100-2,1790597107.649736,1790597108.6507556,179406,qemu-kvm,0.22,0.21977589094982328,"0,1,2,3,4,5,6,7"
evidence-c28-t-s-100-2,1790597108.6507556,1790597109.6518488,179250,flyt-shm-worker,0.09,0.08990172400365906,"16,17,18,19"
evidence-c28-t-s-100-2,1790597108.6507556,1790597109.6518488,179406,qemu-kvm,0.23,0.22974885023157318,"0,1,2,3,4,5,6,7"
evidence-c28-t-s-100-2,1790597109.6518488,1790597110.6529057,179250,flyt-shm-worker,0.1,0.09989442063172807,"16,17,18,19"
evidence-c28-t-s-100-2,1790597109.6518488,1790597110.6529057,179406,qemu-kvm,0.21,0.20977828332662893,"0,1,2,3,4,5,6,7"
evidence-c28-t-s-100-2,1790597110.6529057,1790597111.6539721,179250,flyt-shm-worker,0.1,0.09989346897918132,"16,17,18,19"
evidence-c28-t-s-100-2,1790597110.6529057,1790597111.6539721,179406,qemu-kvm,0.21,0.20977628485628075,"0,1,2,3,4,5,6,7"
evidence-c28-t-s-100-2,1790597111.6539721,1790597112.6550252,179250,flyt-shm-worker,0.09,0.08990532116804141,"16,17,18,19"
evidence-c28-t-s-100-2,1790597111.6539721,1790597112.6550252,179406,qemu-kvm,0.19,0.1898001224658652,"0,1,2,3,4,5,6,7"
evidence-c28-t-s-100-2,1790597112.6550252,1790597113.656074,179250,flyt-shm-worker,0.1,0.09989522955064933,"16,17,18,19"
evidence-c28-t-s-100-2,1790597112.6550252,1790597113.656074,179406,qemu-kvm,0.22,0.21976950501142853,"0,1,2,3,4,5,6,7"
evidence-c28-t-s-100-2,1790597113.656074,1790597114.6571934,179250,flyt-shm-worker,0.09,0.089899368873391,"16,17,18,19"
evidence-c28-t-s-100-2,1790597113.656074,1790597114.6571934,179406,qemu-kvm,0.19,0.18978755651049214,"0,1,2,3,4,5,6,7"
evidence-c28-t-s-100-2,1790597114.6571934,1790597115.6579006,179250,flyt-shm-worker,0.1,0.09992933502014405,"16,17,18,19"
evidence-c28-t-s-100-2,1790597114.6571934,1790597115.6579006,179406,qemu-kvm,0.22,0.2198445370443169,"0,1,2,3,4,5,6,7"
evidence-c28-t-s-100-2,1790597115.6579006,1790597116.658929,179250,flyt-shm-worker,0.09,0.0899075267147428,"16,17,18,19"
evidence-c28-t-s-100-2,1790597115.6579006,1790597116.658929,179406,qemu-kvm,0.2,0.19979450381053956,"0,1,2,3,4,5,6,7"
evidence-c28-t-s-100-2,1790597116.658929,1790597117.6599789,179250,flyt-shm-worker,0.08,0.07991610750642995,"16,17,18,19"
evidence-c28-t-s-100-2,1790597116.658929,1790597117.6599789,179406,qemu-kvm,0.22,0.21976929564268238,"0,1,2,3,4,5,6,7"
evidence-c28-t-s-100-2,1790597117.6599789,1790597118.6610472,179250,flyt-shm-worker,0.1,0.09989327865084781,"16,17,18,19"
evidence-c28-t-s-100-2,1790597117.6599789,1790597118.6610472,179406,qemu-kvm,0.21,0.2097758851667804,"0,1,2,3,4,5,6,7"
evidence-c28-t-s-100-2,1790597118.6610472,1790597119.6621017,179250,flyt-shm-worker,0.09,0.08990519269292811,"16,17,18,19"
evidence-c28-t-s-100-2,1790597118.6610472,1790597119.6621017,179406,qemu-kvm,0.22,0.2197682488049354,"0,1,2,3,4,5,6,7"
evidence-c28-t-s-100-2,1790597119.6621017,1790597120.6631572,179250,flyt-shm-worker,0.11,0.10988401971929138,"16,17,18,19"
evidence-c28-t-s-100-2,1790597119.6621017,1790597120.6631572,179406,qemu-kvm,0.21,0.20977858310046535,"0,1,2,3,4,5,6,7"
evidence-c28-t-l-100-3,1790597201.744462,1790597202.745511,184912,flyt-shm-worker,0.87,0.8690882901009455,"16,17,18,19"
evidence-c28-t-l-100-3,1790597201.744462,1790597202.745511,185063,qemu-kvm,0.57,0.5694026728247573,"0,1,2,3,4,5,6,7"
evidence-c28-t-l-100-3,1790597202.745511,1790597203.7465637,184912,flyt-shm-worker,0.87,0.8690851852672208,"16,17,18,19"
evidence-c28-t-l-100-3,1790597202.745511,1790597203.7465637,185063,qemu-kvm,0.81,0.809148275938447,"0,1,2,3,4,5,6,7"
evidence-c28-t-l-100-3,1790597203.7465637,1790597204.7476125,184912,flyt-shm-worker,0.86,0.8590989741355842,"16,17,18,19"
evidence-c28-t-l-100-3,1790597203.7465637,1790597204.7476125,185063,qemu-kvm,0.09,0.08990570659558439,"0,1,2,3,4,5,6,7"
evidence-c28-t-l-100-3,1790597204.7476125,1790597205.7477362,184912,flyt-shm-worker,0.88,0.8798911229389178,"16,17,18,19"
evidence-c28-t-l-100-3,1790597204.7476125,1790597205.7477362,185063,qemu-kvm,0.13,0.12998391588870378,"0,1,2,3,4,5,6,7"
evidence-c28-t-l-100-3,1790597205.7477362,1790597206.7487938,184912,flyt-shm-worker,0.85,0.8491019686858439,"16,17,18,19"
evidence-c28-t-l-100-3,1790597205.7477362,1790597206.7487938,185063,qemu-kvm,0.11,0.10988378418287391,"0,1,2,3,4,5,6,7"
evidence-c28-t-l-100-3,1790597206.7487938,1790597207.749861,184912,flyt-shm-worker,0.87,0.8690725591719499,"16,17,18,19"
evidence-c28-t-l-100-3,1790597206.7487938,1790597207.749861,185063,qemu-kvm,0.12,0.11987207712716551,"0,1,2,3,4,5,6,7"
evidence-c28-t-l-100-3,1790597207.749861,1790597208.7510104,184912,flyt-shm-worker,0.85,0.8490241181198463,"16,17,18,19"
evidence-c28-t-l-100-3,1790597207.749861,1790597208.7510104,185063,qemu-kvm,0.11,0.10987370940374483,"0,1,2,3,4,5,6,7"
evidence-c28-t-l-100-3,1790597208.7510104,1790597209.7520611,184912,flyt-shm-worker,0.88,0.8790763450973406,"16,17,18,19"
evidence-c28-t-l-100-3,1790597208.7510104,1790597209.7520611,185063,qemu-kvm,0.11,0.10988454313716757,"0,1,2,3,4,5,6,7"
evidence-c28-t-l-100-3,1790597209.7520611,1790597210.7531118,184912,flyt-shm-worker,0.86,0.8590973372542192,"16,17,18,19"
evidence-c28-t-l-100-3,1790597209.7520611,1790597210.7531118,185063,qemu-kvm,0.11,0.10988454313716757,"0,1,2,3,4,5,6,7"
evidence-c28-t-l-100-3,1790597210.7531118,1790597211.754163,184912,flyt-shm-worker,0.87,0.8690864271980485,"16,17,18,19"
evidence-c28-t-l-100-3,1790597210.7531118,1790597211.754163,185063,qemu-kvm,0.14,0.13985298828474346,"0,1,2,3,4,5,6,7"
evidence-c28-t-l-100-3,1790597211.754163,1790597212.7552116,184912,flyt-shm-worker,0.85,0.8491096534119353,"16,17,18,19"
evidence-c28-t-l-100-3,1790597211.754163,1790597212.7552116,185063,qemu-kvm,0.14,0.1398533546796129,"0,1,2,3,4,5,6,7"
evidence-c28-t-l-100-3,1790597212.7552116,1790597213.7562566,184912,flyt-shm-worker,0.86,0.8591022479170274,"16,17,18,19"
evidence-c28-t-l-100-3,1790597212.7552116,1790597213.7562566,185063,qemu-kvm,0.11,0.10988517124520118,"0,1,2,3,4,5,6,7"
evidence-c28-t-l-100-3,1790597213.7562566,1790597214.7567232,184912,flyt-shm-worker,0.88,0.8795895965479745,"16,17,18,19"
evidence-c28-t-l-100-3,1790597213.7562566,1790597214.7567232,185063,qemu-kvm,0.09,0.0899580269196792,"0,1,2,3,4,5,6,7"
evidence-c28-t-l-100-3,1790597214.7567232,1790597215.7577612,184912,flyt-shm-worker,0.86,0.8591081817094891,"16,17,18,19"
evidence-c28-t-l-100-3,1790597214.7567232,1790597215.7577612,185063,qemu-kvm,0.09,0.08990667017890001,"0,1,2,3,4,5,6,7"
evidence-c28-t-l-100-3,1790597215.7577612,1790597216.7587948,184912,flyt-shm-worker,0.86,0.8591120694110639,"16,17,18,19"
evidence-c28-t-l-100-3,1790597215.7577612,1790597216.7587948,185063,qemu-kvm,0.09,0.0899070770313904,"0,1,2,3,4,5,6,7"
evidence-c28-t-l-100-3,1790597216.7587948,1790597217.7598407,184912,flyt-shm-worker,0.85,0.8491118779638701,"16,17,18,19"
evidence-c28-t-l-100-3,1790597216.7587948,1790597217.7598407,185063,qemu-kvm,0.1,0.09989551505457296,"0,1,2,3,4,5,6,7"
evidence-c28-t-l-100-3,1790597217.7598407,1790597218.7609391,184912,flyt-shm-worker,0.87,0.8690454453547598,"16,17,18,19"
evidence-c28-t-l-100-3,1790597217.7598407,1790597218.7609391,185063,qemu-kvm,0.13,0.12985736539783768,"0,1,2,3,4,5,6,7"
evidence-c28-t-l-100-3,1790597218.7609391,1790597219.7619877,184912,flyt-shm-worker,0.85,0.8491096534119353,"16,17,18,19"
evidence-c28-t-l-100-3,1790597218.7609391,1790597219.7619877,185063,qemu-kvm,0.14,0.1398533546796129,"0,1,2,3,4,5,6,7"
evidence-c28-t-l-100-3,1790597219.7619877,1790597220.7630513,184912,flyt-shm-worker,0.87,0.8690756639154609,"16,17,18,19"
evidence-c28-t-l-100-3,1790597219.7619877,1790597220.7630513,185063,qemu-kvm,0.12,0.11987250536764976,"0,1,2,3,4,5,6,7"
evidence-c28-t-l-100-3,1790597220.7630513,1790597221.763765,184912,flyt-shm-worker,0.86,0.8593865482031535,"16,17,18,19"
evidence-c28-t-l-100-3,1790597220.7630513,1790597221.763765,185063,qemu-kvm,0.11,0.10992153523528708,"0,1,2,3,4,5,6,7"
evidence-c28-t-l-100-3,1790597221.763765,1790597222.7642806,184912,flyt-shm-worker,0.87,0.8695517799977409,"16,17,18,19"
evidence-c28-t-l-100-3,1790597221.763765,1790597222.7642806,185063,qemu-kvm,0.1,0.09994848045951046,"0,1,2,3,4,5,6,7"
evidence-c28-t-l-100-3,1790597222.7642806,1790597223.7653286,184912,flyt-shm-worker,0.87,0.869089118060352,"16,17,18,19"
evidence-c28-t-l-100-3,1790597222.7642806,1790597223.7653286,185063,qemu-kvm,0.09,0.08990577083382952,"0,1,2,3,4,5,6,7"
evidence-c28-t-l-100-3,1790597223.7653286,1790597224.766343,184912,flyt-shm-worker,0.87,0.8691183046373768,"16,17,18,19"
evidence-c28-t-l-100-3,1790597223.7653286,1790597224.766343,185063,qemu-kvm,0.12,0.11987838684653472,"0,1,2,3,4,5,6,7"
evidence-c28-t-l-100-3,1790597224.766343,1790597225.7668557,184912,flyt-shm-worker,0.86,0.8595593899039522,"16,17,18,19"
evidence-c28-t-l-100-3,1790597224.766343,1790597225.7668557,185063,qemu-kvm,0.11,0.10994364289469157,"0,1,2,3,4,5,6,7"
evidence-c28-t-l-100-3,1790597225.7668557,1790597226.7679174,184912,flyt-shm-worker,0.87,0.8690773197877372,"16,17,18,19"
evidence-c28-t-l-100-3,1790597225.7668557,1790597226.7679174,185063,qemu-kvm,0.09,0.08990455032286936,"0,1,2,3,4,5,6,7"
evidence-c28-t-l-100-3,1790597226.7679174,1790597227.7689524,184912,flyt-shm-worker,0.87,0.8691005026621684,"16,17,18,19"
evidence-c28-t-l-100-3,1790597226.7679174,1790597227.7689524,185063,qemu-kvm,0.09,0.08990694855125879,"0,1,2,3,4,5,6,7"
evidence-c28-t-l-100-3,1790597227.7689524,1790597228.7699842,184912,flyt-shm-worker,0.86,0.85911350173104,"16,17,18,19"
evidence-c28-t-l-100-3,1790597227.7689524,1790597228.7699842,185063,qemu-kvm,0.09,0.0899072269253414,"0,1,2,3,4,5,6,7"
evidence-c28-t-l-100-3,1790597228.7699842,1790597229.7710152,184912,flyt-shm-worker,0.86,0.859114320201742,"16,17,18,19"
evidence-c28-t-l-100-3,1790597228.7699842,1790597229.7710152,185063,qemu-kvm,0.08,0.07991761118155741,"0,1,2,3,4,5,6,7"
evidence-c28-t-l-100-3,1790597229.7710152,1790597230.7717571,184912,flyt-shm-worker,0.88,0.8793475604991261,"16,17,18,19"
evidence-c28-t-l-100-3,1790597229.7710152,1790597230.7717571,185063,qemu-kvm,0.08,0.07994068731810237,"0,1,2,3,4,5,6,7"
evidence-c28-t-l-100-3,1790597230.7717571,1790597231.7727923,184912,flyt-shm-worker,0.86,0.8591106370958638,"16,17,18,19"
evidence-c28-t-l-100-3,1790597230.7717571,1790597231.7727923,185063,qemu-kvm,0.12,0.11987590285058564,"0,1,2,3,4,5,6,7"
evidence-c28-t-l-100-3,1790597231.7727923,1790597232.773828,184912,flyt-shm-worker,0.87,0.8690998816761967,"16,17,18,19"
evidence-c28-t-l-100-3,1790597231.7727923,1790597232.773828,185063,qemu-kvm,0.09,0.08990688431133069,"0,1,2,3,4,5,6,7"
evidence-c28-t-l-100-3,1790597232.773828,1790597233.7748785,184912,flyt-shm-worker,0.86,0.8590975418640487,"16,17,18,19"
evidence-c28-t-l-100-3,1790597232.773828,1790597233.7748785,185063,qemu-kvm,0.08,0.07991605040595802,"0,1,2,3,4,5,6,7"
evidence-c28-t-l-100-3,1790597233.7748785,1790597234.7758827,184912,flyt-shm-worker,0.88,0.8791171737823554,"16,17,18,19"
evidence-c28-t-l-100-3,1790597233.7748785,1790597234.7758827,185063,qemu-kvm,0.08,0.07991974307112323,"0,1,2,3,4,5,6,7"
evidence-c28-t-l-100-3,1790597234.7758827,1790597235.776872,184912,flyt-shm-worker,0.87,0.8691402476102508,"16,17,18,19"
evidence-c28-t-l-100-3,1790597234.7758827,1790597235.776872,185063,qemu-kvm,0.08,0.07992094230898858,"0,1,2,3,4,5,6,7"
evidence-c28-t-l-100-3,1790597235.776872,1790597236.7779245,184912,flyt-shm-worker,0.87,0.8690851852672208,"16,17,18,19"
evidence-c28-t-l-100-3,1790597235.776872,1790597236.7779245,185063,qemu-kvm,0.09,0.08990536399316076,"0,1,2,3,4,5,6,7"
evidence-c28-t-l-100-3,1790597236.7779245,1790597237.7787097,184912,flyt-shm-worker,0.86,0.8593253330417379,"16,17,18,19"
evidence-c28-t-l-100-3,1790597236.7779245,1790597237.7787097,185063,qemu-kvm,0.1,0.09992155035369046,"0,1,2,3,4,5,6,7"
evidence-c28-t-l-100-3,1790597237.7787097,1790597238.7797418,184912,flyt-shm-worker,0.86,0.8591132971136082,"16,17,18,19"
evidence-c28-t-l-100-3,1790597237.7787097,1790597238.7797418,185063,qemu-kvm,0.09,0.08990720551188923,"0,1,2,3,4,5,6,7"
evidence-c28-t-l-100-3,1790597238.7797418,1790597239.7807708,184912,flyt-shm-worker,0.88,0.8790953980117276,"16,17,18,19"
evidence-c28-t-l-100-3,1790597238.7797418,1790597239.7807708,185063,qemu-kvm,0.09,0.08990748388756305,"0,1,2,3,4,5,6,7"
evidence-c28-t-l-100-3,1790597239.7807708,1790597240.7818038,184912,flyt-shm-worker,0.86,0.8591124786448554,"16,17,18,19"
evidence-c28-t-l-100-3,1790597239.7807708,1790597240.7818038,185063,qemu-kvm,0.09,0.08990711985818255,"0,1,2,3,4,5,6,7"
evidence-c28-t-l-100-3,1790597240.7818038,1790597241.7828374,184912,flyt-shm-worker,0.86,0.8591120694110639,"16,17,18,19"
evidence-c28-t-l-100-3,1790597240.7818038,1790597241.7828374,185063,qemu-kvm,0.12,0.11987610270852055,"0,1,2,3,4,5,6,7"
evidence-c28-t-l-100-3,1790597241.7828374,1790597242.78386,184912,flyt-shm-worker,0.86,0.8591214818869083,"16,17,18,19"
evidence-c28-t-l-100-3,1790597241.7828374,1790597242.78386,185063,qemu-kvm,0.08,0.07991827738482868,"0,1,2,3,4,5,6,7"
evidence-c28-t-l-100-3,1790597242.78386,1790597243.7848907,184912,flyt-shm-worker,0.88,0.8790939323736069,"16,17,18,19"
evidence-c28-t-l-100-3,1790597242.78386,1790597243.7848907,185063,qemu-kvm,0.08,0.07991763021578245,"0,1,2,3,4,5,6,7"
evidence-c28-t-l-100-3,1790597243.7848907,1790597244.7859483,184912,flyt-shm-worker,0.86,0.8590914036115597,"16,17,18,19"
evidence-c28-t-l-100-3,1790597243.7848907,1790597244.7859483,185063,qemu-kvm,0.11,0.10988378418287391,"0,1,2,3,4,5,6,7"
evidence-c28-t-l-100-3,1790597244.7859483,1790597245.7869995,184912,flyt-shm-worker,0.87,0.8690864271980485,"16,17,18,19"
evidence-c28-t-l-100-3,1790597244.7859483,1790597245.7869995,185063,qemu-kvm,0.1,0.09989499163195961,"0,1,2,3,4,5,6,7"
evidence-c28-t-l-100-3,1790597245.7869995,1790597246.7877588,184912,flyt-shm-worker,0.88,0.8793322674579969,"16,17,18,19"
evidence-c28-t-l-100-3,1790597245.7869995,1790597246.7877588,185063,qemu-kvm,0.1,0.09992412130204512,"0,1,2,3,4,5,6,7"
evidence-c28-t-l-100-3,1790597246.7877588,1790597247.7888162,184912,flyt-shm-worker,0.87,0.8690810455234298,"16,17,18,19"
evidence-c28-t-l-100-3,1790597246.7877588,1790597247.7888162,185063,qemu-kvm,0.09,0.08990493574380308,"0,1,2,3,4,5,6,7"
evidence-c28-t-l-100-3,1790597247.7888162,1790597248.7898457,184912,flyt-shm-worker,0.85,0.8491258322373388,"16,17,18,19"
evidence-c28-t-l-100-3,1790597247.7888162,1790597248.7898457,185063,qemu-kvm,0.09,0.0899074410604241,"0,1,2,3,4,5,6,7"
evidence-c28-t-l-100-3,1790597248.7898457,1790597249.7908983,184912,flyt-shm-worker,0.87,0.8690851852672208,"16,17,18,19"
evidence-c28-t-l-100-3,1790597248.7898457,1790597249.7908983,185063,qemu-kvm,0.1,0.09989484888128976,"0,1,2,3,4,5,6,7"
evidence-c28-t-l-100-3,1790597249.7908983,1790597250.7919586,184912,flyt-shm-worker,0.88,0.8790679704512128,"16,17,18,19"
evidence-c28-t-l-100-3,1790597249.7908983,1790597250.7919586,185063,qemu-kvm,0.13,0.12986231381665644,"0,1,2,3,4,5,6,7"
evidence-c28-t-l-100-3,1790597250.7919586,1790597251.7930107,184912,flyt-shm-worker,0.86,0.8590961095972889,"16,17,18,19"
evidence-c28-t-l-100-3,1790597250.7919586,1790597251.7930107,185063,qemu-kvm,0.1,0.09989489646480104,"0,1,2,3,4,5,6,7"
evidence-c28-t-l-100-3,1790597251.7930107,1790597252.794063,184912,flyt-shm-worker,0.87,0.8690853922554456,"16,17,18,19"
evidence-c28-t-l-100-3,1790597251.7930107,1790597252.794063,185063,qemu-kvm,0.11,0.10988435994034369,"0,1,2,3,4,5,6,7"
evidence-c28-t-l-100-3,1790597252.794063,1790597253.7951117,184912,flyt-shm-worker,0.86,0.8590991787461935,"16,17,18,19"
evidence-c28-t-l-100-3,1790597252.794063,1790597253.7951117,185063,qemu-kvm,0.1,0.09989525334258065,"0,1,2,3,4,5,6,7"
evidence-c28-t-l-100-3,1790597253.7951117,1790597254.796168,184912,flyt-shm-worker,0.86,0.8590924266475498,"16,17,18,19"
evidence-c28-t-l-100-3,1790597253.7951117,1790597254.796168,185063,qemu-kvm,0.1,0.09989446821483138,"0,1,2,3,4,5,6,7"
evidence-c28-t-l-100-3,1790597254.796168,1790597255.7971961,184912,flyt-shm-worker,0.87,0.8691065055723124,"16,17,18,19"
evidence-c28-t-l-100-3,1790597254.796168,1790597255.7971961,185063,qemu-kvm,0.1,0.0998972994910704,"0,1,2,3,4,5,6,7"
evidence-c28-t-l-100-3,1790597255.7971961,1790597256.7982326,184912,flyt-shm-worker,0.87,0.8690992606911124,"16,17,18,19"
evidence-c28-t-l-100-3,1790597255.7971961,1790597256.7982326,185063,qemu-kvm,0.1,0.09989646674610489,"0,1,2,3,4,5,6,7"
evidence-c28-t-l-100-3,1790597256.7982326,1790597257.7993648,184912,flyt-shm-worker,0.86,0.8590273664085688,"16,17,18,19"
evidence-c28-t-l-100-3,1790597256.7982326,1790597257.7993648,185063,qemu-kvm,0.09,0.08989821276368742,"0,1,2,3,4,5,6,7"
evidence-c28-t-l-100-3,1790597257.7993648,1790597258.8004081,184912,flyt-shm-worker,0.87,0.8690932578810483,"16,17,18,19"
evidence-c28-t-l-100-3,1790597257.7993648,1790597258.8004081,185063,qemu-kvm,0.09,0.08990619909114293,"0,1,2,3,4,5,6,7"
evidence-c28-t-l-100-3,1790597258.8004081,1790597259.8007483,184912,flyt-shm-worker,0.87,0.8697041063881359,"16,17,18,19"
evidence-c28-t-l-100-3,1790597258.8004081,1790597259.8007483,185063,qemu-kvm,0.09,0.08996939031601406,"0,1,2,3,4,5,6,7"
evidence-c28-t-l-100-3,1790597259.8007483,1790597260.8017764,184912,flyt-shm-worker,0.86,0.8591167756232053,"16,17,18,19"
evidence-c28-t-l-100-3,1790597259.8007483,1790597260.8017764,185063,qemu-kvm,0.08,0.07991783959285631,"0,1,2,3,4,5,6,7"
evidence-c28-t-l-50-3,1790597344.8842065,1790597345.8853033,190399,flyt-shm-worker,0.86,0.8590578493816482,"16,17,18,19"
evidence-c28-t-l-50-3,1790597344.8842065,1790597345.8853033,190532,qemu-kvm,0.78,0.7791454912996344,"0,1,2,3,4,5,6,7"
evidence-c28-t-l-50-3,1790597345.8853033,1790597346.8863873,190399,flyt-shm-worker,0.87,0.8690578636869943,"16,17,18,19"
evidence-c28-t-l-50-3,1790597345.8853033,1790597346.8863873,190532,qemu-kvm,0.44,0.4395235172669857,"0,1,2,3,4,5,6,7"
evidence-c28-t-l-50-3,1790597346.8863873,1790597347.8874238,190399,flyt-shm-worker,0.88,0.879088907365723,"16,17,18,19"
evidence-c28-t-l-50-3,1790597346.8863873,1790597347.8874238,190532,qemu-kvm,0.09,0.08990682007149439,"0,1,2,3,4,5,6,7"
evidence-c28-t-l-50-3,1790597347.8874238,1790597348.8884513,190399,flyt-shm-worker,0.86,0.8591171848614805,"16,17,18,19"
evidence-c28-t-l-50-3,1790597347.8874238,1790597348.8884513,190532,qemu-kvm,0.1,0.09989734707691635,"0,1,2,3,4,5,6,7"
evidence-c28-t-l-50-3,1790597348.8884513,1790597349.8887224,190399,flyt-shm-worker,0.87,0.8697642226407188,"16,17,18,19"
evidence-c28-t-l-50-3,1790597348.8884513,1790597349.8887224,190532,qemu-kvm,0.1,0.09997289915410562,"0,1,2,3,4,5,6,7"
evidence-c28-t-l-50-3,1790597349.8887224,1790597350.8897548,190399,flyt-shm-worker,0.87,0.8691027796183235,"16,17,18,19"
evidence-c28-t-l-50-3,1790597349.8887224,1790597350.8897548,190532,qemu-kvm,0.09,0.08990718409844725,"0,1,2,3,4,5,6,7"
evidence-c28-t-l-50-3,1790597350.8897548,1790597351.8908145,190399,flyt-shm-worker,0.87,0.8690789756663234,"16,17,18,19"
evidence-c28-t-l-50-3,1790597350.8897548,1790597351.8908145,190532,qemu-kvm,0.11,0.10988354864746619,"0,1,2,3,4,5,6,7"
evidence-c28-t-l-50-3,1790597351.8908145,1790597352.8918474,190399,flyt-shm-worker,0.86,0.8591126832618974,"16,17,18,19"
evidence-c28-t-l-50-3,1790597351.8908145,1790597352.8918474,190532,qemu-kvm,0.12,0.11987618836212521,"0,1,2,3,4,5,6,7"
evidence-c28-t-l-50-3,1790597352.8918474,1790597353.8929346,190399,flyt-shm-worker,0.87,0.8690551730182259,"16,17,18,19"
evidence-c28-t-l-50-3,1790597352.8918474,1790597353.8929346,190532,qemu-kvm,0.13,0.1298588189567464,"0,1,2,3,4,5,6,7"
evidence-c28-t-l-50-3,1790597353.8929346,1790597354.8939898,190399,flyt-shm-worker,0.88,0.879072367120534,"16,17,18,19"
evidence-c28-t-l-50-3,1790597353.8929346,1790597354.8939898,190532,qemu-kvm,0.1,0.09989458717278797,"0,1,2,3,4,5,6,7"
evidence-c28-t-l-50-3,1790597354.8939898,1790597355.895018,190399,flyt-shm-worker,0.86,0.859116571004214,"16,17,18,19"
evidence-c28-t-l-50-3,1790597354.8939898,1790597355.895018,190532,qemu-kvm,0.11,0.10988700326798086,"0,1,2,3,4,5,6,7"
evidence-c28-t-l-50-3,1790597355.895018,1790597356.8960493,190399,flyt-shm-worker,0.86,0.8591141155839204,"16,17,18,19"
evidence-c28-t-l-50-3,1790597355.895018,1790597356.8960493,190532,qemu-kvm,0.08,0.07991759214734143,"0,1,2,3,4,5,6,7"
evidence-c28-t-l-50-3,1790597356.8960493,1790597357.8970926,190399,flyt-shm-worker,0.87,0.8690932578810483,"16,17,18,19"
evidence-c28-t-l-50-3,1790597356.8960493,1790597357.8970926,190532,qemu-kvm,0.08,0.07991662141434927,"0,1,2,3,4,5,6,7"
evidence-c28-t-l-50-3,1790597357.8970926,1790597358.898122,190399,flyt-shm-worker,0.86,0.8591155479107193,"16,17,18,19"
evidence-c28-t-l-50-3,1790597357.8970926,1790597358.898122,190532,qemu-kvm,0.1,0.09989715673380457,"0,1,2,3,4,5,6,7"
evidence-c28-t-l-50-3,1790597358.898122,1790597359.8992329,190399,flyt-shm-worker,0.88,0.8790235874905304,"16,17,18,19"
evidence-c28-t-l-50-3,1790597358.898122,1790597359.8992329,190532,qemu-kvm,0.09,0.08990013962971333,"0,1,2,3,4,5,6,7"
evidence-c28-t-l-50-3,1790597359.8992329,1790597360.9002652,190399,flyt-shm-worker,0.86,0.8591130924962738,"16,17,18,19"
evidence-c28-t-l-50-3,1790597359.8992329,1790597360.9002652,190532,qemu-kvm,0.11,0.10988655834254665,"0,1,2,3,4,5,6,7"
evidence-c28-t-l-50-3,1790597360.9002652,1790597361.9007435,190399,flyt-shm-worker,0.86,0.859588886426408,"16,17,18,19"
evidence-c28-t-l-50-3,1790597360.9002652,1790597361.9007435,190532,qemu-kvm,0.09,0.08995697648648456,"0,1,2,3,4,5,6,7"
evidence-c28-t-l-50-3,1790597361.9007435,1790597362.901966,190399,flyt-shm-worker,0.88,0.878925416580147,"16,17,18,19"
evidence-c28-t-l-50-3,1790597361.9007435,1790597362.901966,190532,qemu-kvm,0.11,0.10986567707251838,"0,1,2,3,4,5,6,7"
evidence-c28-t-l-50-3,1790597362.901966,1790597363.902996,190399,flyt-shm-worker,0.86,0.8591151386740037,"16,17,18,19"
evidence-c28-t-l-50-3,1790597362.901966,1790597363.902996,190532,qemu-kvm,0.08,0.07991768731851197,"0,1,2,3,4,5,6,7"
evidence-c28-t-l-50-3,1790597363.902996,1790597364.904032,190399,flyt-shm-worker,0.88,0.8790893261141858,"16,17,18,19"
evidence-c28-t-l-50-3,1790597363.902996,1790597364.904032,190532,qemu-kvm,0.08,0.07991721146492597,"0,1,2,3,4,5,6,7"
evidence-c28-t-l-50-3,1790597364.904032,1790597365.9047313,190399,flyt-shm-worker,0.86,0.8593990379861799,"16,17,18,19"
evidence-c28-t-l-50-3,1790597364.904032,1790597365.9047313,190532,qemu-kvm,0.11,0.10992313276567418,"0,1,2,3,4,5,6,7"
evidence-c28-t-l-50-3,1790597365.9047313,1790597366.9057865,190399,flyt-shm-worker,0.87,0.8690829084032553,"16,17,18,19"
evidence-c28-t-l-50-3,1790597365.9047313,1790597366.9057865,190532,qemu-kvm,0.09,0.08990512845550916,"0,1,2,3,4,5,6,7"
evidence-c28-t-l-50-3,1790597366.9057865,1790597367.9068193,190399,flyt-shm-worker,0.87,0.8691023656254079,"16,17,18,19"
evidence-c28-t-l-50-3,1790597366.9057865,1790597367.9068193,190532,qemu-kvm,0.08,0.07991745890808348,"0,1,2,3,4,5,6,7"
evidence-c28-t-l-50-3,1790597367.9068193,1790597368.9079137,190399,flyt-shm-worker,0.86,0.8590598952962375,"16,17,18,19"
evidence-c28-t-l-50-3,1790597367.9068193,1790597368.9079137,190532,qemu-kvm,0.09,0.08990161694960624,"0,1,2,3,4,5,6,7"
evidence-c28-t-l-50-3,1790597368.9079137,1790597369.9089596,190399,flyt-shm-worker,0.87,0.8690909809747848,"16,17,18,19"
evidence-c28-t-l-50-3,1790597368.9079137,1790597369.9089596,190532,qemu-kvm,0.07,0.06992686053820107,"0,1,2,3,4,5,6,7"
evidence-c28-t-l-50-3,1790597369.9089596,1790597370.909992,190399,flyt-shm-worker,0.88,0.8790924667403732,"16,17,18,19"
evidence-c28-t-l-50-3,1790597369.9089596,1790597370.909992,190532,qemu-kvm,0.1,0.09989687122049695,"0,1,2,3,4,5,6,7"
evidence-c28-t-l-50-3,1790597370.909992,1790597371.9110267,190399,flyt-shm-worker,0.87,0.8691007096576895,"16,17,18,19"
evidence-c28-t-l-50-3,1790597370.909992,1790597371.9110267,190532,qemu-kvm,0.07,0.06992764330579111,"0,1,2,3,4,5,6,7"
evidence-c28-t-l-50-3,1790597371.9110267,1790597372.9120667,190399,flyt-shm-worker,0.87,0.8690961557790022,"16,17,18,19"
evidence-c28-t-l-50-3,1790597371.9110267,1790597372.9120667,190532,qemu-kvm,0.11,0.10988572084562097,"0,1,2,3,4,5,6,7"
evidence-c28-t-l-50-3,1790597372.9120667,1790597373.912797,190399,flyt-shm-worker,0.87,0.8693651234214211,"16,17,18,19"
evidence-c28-t-l-50-3,1790597372.9120667,1790597373.912797,190532,qemu-kvm,0.09,0.0899343231125608,"0,1,2,3,4,5,6,7"
evidence-c28-t-l-50-3,1790597373.912797,1790597374.9138293,190399,flyt-shm-worker,0.87,0.8691027796183235,"16,17,18,19"
evidence-c28-t-l-50-3,1790597373.912797,1790597374.9138293,190532,qemu-kvm,0.08,0.07991749697639756,"0,1,2,3,4,5,6,7"
evidence-c28-t-l-50-3,1790597374.9138293,1790597375.914857,190399,flyt-shm-worker,0.88,0.8790966542768638,"16,17,18,19"
evidence-c28-t-l-50-3,1790597374.9138293,1790597375.914857,190532,qemu-kvm,0.08,0.07991787766153306,"0,1,2,3,4,5,6,7"
evidence-c28-t-l-50-3,1790597375.914857,1790597376.9158952,190399,flyt-shm-worker,0.87,0.8690976047352261,"16,17,18,19"
evidence-c28-t-l-50-3,1790597375.914857,1790597376.9158952,190532,qemu-kvm,0.09,0.08990664876571305,"0,1,2,3,4,5,6,7"
evidence-c28-t-l-50-3,1790597376.9158952,1790597377.9169242,190399,flyt-shm-worker,0.87,0.8691056775797762,"16,17,18,19"
evidence-c28-t-l-50-3,1790597376.9158952,1790597377.9169242,190532,qemu-kvm,0.08,0.0799177634556116,"0,1,2,3,4,5,6,7"
evidence-c28-t-l-50-3,1790597377.9169242,1790597378.9179828,190399,flyt-shm-worker,0.87,0.8690800105936441,"16,17,18,19"
evidence-c28-t-l-50-3,1790597377.9169242,1790597378.9179828,190532,qemu-kvm,0.11,0.10988367950034582,"0,1,2,3,4,5,6,7"
evidence-c28-t-l-50-3,1790597378.9179828,1790597379.919021,190399,flyt-shm-worker,0.87,0.8690978117293668,"16,17,18,19"
evidence-c28-t-l-50-3,1790597378.9179828,1790597379.919021,190532,qemu-kvm,0.09,0.08990667017890001,"0,1,2,3,4,5,6,7"
evidence-c28-t-l-50-3,1790597379.919021,1790597380.920049,190399,flyt-shm-worker,0.86,0.8591167756232053,"16,17,18,19"
evidence-c28-t-l-50-3,1790597379.919021,1790597380.920049,190532,qemu-kvm,0.09,0.08990756954196334,"0,1,2,3,4,5,6,7"
evidence-c28-t-l-50-3,1790597380.920049,1790597381.9210792,190399,flyt-shm-worker,0.87,0.8691046425913246,"16,17,18,19"
evidence-c28-t-l-50-3,1790597380.920049,1790597381.9210792,190532,qemu-kvm,0.08,0.07991766828425972,"0,1,2,3,4,5,6,7"
evidence-c28-t-l-50-3,1790597381.9210792,1790597382.9217854,190399,flyt-shm-worker,0.86,0.8593931001752093,"16,17,18,19"
evidence-c28-t-l-50-3,1790597381.9210792,1790597382.9217854,190532,qemu-kvm,0.09,0.08993648722763818,"0,1,2,3,4,5,6,7"
evidence-c28-t-l-50-3,1790597382.9217854,1790597383.9229124,190399,flyt-shm-worker,0.87,0.8690206097549649,"16,17,18,19"
evidence-c28-t-l-50-3,1790597382.9217854,1790597383.9229124,190532,qemu-kvm,0.09,0.08989868376775499,"0,1,2,3,4,5,6,7"
evidence-c28-t-l-50-3,1790597383.9229124,1790597384.9237332,190399,flyt-shm-worker,0.88,0.8792782223416513,"16,17,18,19"
evidence-c28-t-l-50-3,1790597383.9229124,1790597384.9237332,190532,qemu-kvm,0.08,0.07993438384924104,"0,1,2,3,4,5,6,7"
evidence-c28-t-l-50-3,1790597384.9237332,1790597385.9247174,190399,flyt-shm-worker,0.86,0.8591544271766222,"16,17,18,19"
evidence-c28-t-l-50-3,1790597384.9237332,1790597385.9247174,190532,qemu-kvm,0.1,0.099901677578677,"0,1,2,3,4,5,6,7"
evidence-c28-t-l-50-3,1790597385.9247174,1790597386.925751,190399,flyt-shm-worker,0.86,0.8591120694110639,"16,17,18,19"
evidence-c28-t-l-50-3,1790597385.9247174,1790597386.925751,190532,qemu-kvm,0.09,0.0899070770313904,"0,1,2,3,4,5,6,7"
evidence-c28-t-l-50-3,1790597386.925751,1790597387.926782,190399,flyt-shm-worker,0.88,0.8790937229971314,"16,17,18,19"
evidence-c28-t-l-50-3,1790597386.925751,1790597387.926782,190532,qemu-kvm,0.08,0.07991761118155741,"0,1,2,3,4,5,6,7"
evidence-c28-t-l-50-3,1790597387.926782,1790597388.9278178,190399,flyt-shm-worker,0.87,0.8690996746810701,"16,17,18,19"
evidence-c28-t-l-50-3,1790597387.926782,1790597388.9278178,190532,qemu-kvm,0.09,0.08990686289804173,"0,1,2,3,4,5,6,7"
evidence-c28-t-l-50-3,1790597388.9278178,1790597389.9288464,190399,flyt-shm-worker,0.87,0.8691060915758471,"16,17,18,19"
evidence-c28-t-l-50-3,1790597388.9278178,1790597389.9288464,190532,qemu-kvm,0.08,0.07991780152421582,"0,1,2,3,4,5,6,7"
evidence-c28-t-l-50-3,1790597389.9288464,1790597390.9298785,190399,flyt-shm-worker,0.87,0.8691029866149292,"16,17,18,19"
evidence-c28-t-l-50-3,1790597389.9288464,1790597390.9298785,190532,qemu-kvm,0.09,0.08990720551188923,"0,1,2,3,4,5,6,7"
evidence-c28-t-l-50-3,1790597390.9298785,1790597391.930913,190399,flyt-shm-worker,0.86,0.8591112509446505,"16,17,18,19"
evidence-c28-t-l-50-3,1790597390.9298785,1790597391.930913,190532,qemu-kvm,0.1,0.09989665708658726,"0,1,2,3,4,5,6,7"
evidence-c28-t-l-50-3,1790597391.930913,1790597392.9319434,190399,flyt-shm-worker,0.87,0.86910443559393,"16,17,18,19"
evidence-c28-t-l-50-3,1790597391.930913,1790597392.9319434,190532,qemu-kvm,0.09,0.08990735540626862,"0,1,2,3,4,5,6,7"
evidence-c28-t-l-50-3,1790597392.9319434,1790597393.93298,190399,flyt-shm-worker,0.87,0.8690990536962816,"16,17,18,19"
evidence-c28-t-l-50-3,1790597392.9319434,1790597393.93298,190532,qemu-kvm,0.08,0.07991715436287647,"0,1,2,3,4,5,6,7"
evidence-c28-t-l-50-3,1790597393.93298,1790597394.9340117,190399,flyt-shm-worker,0.87,0.8691034006084364,"16,17,18,19"
evidence-c28-t-l-50-3,1790597393.93298,1790597394.9340117,190532,qemu-kvm,0.09,0.08990724833880376,"0,1,2,3,4,5,6,7"
evidence-c28-t-l-50-3,1790597394.9340117,1790597395.9350388,190399,flyt-shm-worker,0.87,0.8691073335664262,"16,17,18,19"
evidence-c28-t-l-50-3,1790597394.9340117,1790597395.9350388,190532,qemu-kvm,0.08,0.07991791573024609,"0,1,2,3,4,5,6,7"
evidence-c28-t-l-50-3,1790597395.9350388,1790597396.9360719,190399,flyt-shm-worker,0.87,0.869102158629098,"16,17,18,19"
evidence-c28-t-l-50-3,1790597395.9350388,1790597396.9360719,190532,qemu-kvm,0.08,0.07991743987394004,"0,1,2,3,4,5,6,7"
evidence-c28-t-l-50-3,1790597396.9360719,1790597397.9367173,190399,flyt-shm-worker,0.87,0.8694388649445999,"16,17,18,19"
evidence-c28-t-l-50-3,1790597396.9360719,1790597397.9367173,190532,qemu-kvm,0.1,0.0999355017177701,"0,1,2,3,4,5,6,7"
evidence-c28-t-l-50-3,1790597397.9367173,1790597398.9372647,190399,flyt-shm-worker,0.87,0.8695240146785493,"16,17,18,19"
evidence-c28-t-l-50-3,1790597397.9367173,1790597398.9372647,190532,qemu-kvm,0.1,0.09994528904351142,"0,1,2,3,4,5,6,7"
evidence-c28-t-l-50-3,1790597398.9372647,1790597399.9382973,190399,flyt-shm-worker,0.86,0.8591128878790368,"16,17,18,19"
evidence-c28-t-l-50-3,1790597398.9372647,1790597399.9382973,190532,qemu-kvm,0.1,0.09989684742779499,"0,1,2,3,4,5,6,7"
evidence-c28-t-l-50-3,1790597399.9382973,1790597400.9393651,190399,flyt-shm-worker,0.86,0.8590826056026234,"16,17,18,19"
evidence-c28-t-l-50-3,1790597399.9382973,1790597400.9393651,190532,qemu-kvm,0.07,0.06992532836300423,"0,1,2,3,4,5,6,7"
evidence-c28-t-l-50-3,1790597400.9393651,1790597401.9403977,190399,flyt-shm-worker,0.87,0.8691025726218163,"16,17,18,19"
evidence-c28-t-l-50-3,1790597400.9393651,1790597401.9403977,190532,qemu-kvm,0.09,0.08990716268501549,"0,1,2,3,4,5,6,7"
evidence-c28-t-l-50-3,1790597401.9403977,1790597402.941429,190399,flyt-shm-worker,0.87,0.8691038146023381,"16,17,18,19"
evidence-c28-t-l-50-3,1790597401.9403977,1790597402.941429,190532,qemu-kvm,0.09,0.0899072911657591,"0,1,2,3,4,5,6,7"
evidence-c28-t-l-50-3,1790597402.941429,1790597403.9424622,190399,flyt-shm-worker,0.87,0.8691019516328866,"16,17,18,19"
evidence-c28-t-l-50-3,1790597402.941429,1790597403.9424622,190532,qemu-kvm,0.09,0.08990709844478137,"0,1,2,3,4,5,6,7"
evidence-c28-t-l-25-3,1790597486.0241568,1790597487.0252059,195904,flyt-shm-worker,0.87,0.8690882901009455,"16,17,18,19"
evidence-c28-t-l-25-3,1790597486.0241568,1790597487.0252059,196031,qemu-kvm,0.31,0.309675137852061,"0,1,2,3,4,5,6,7"
evidence-c28-t-l-25-3,1790597487.0252059,1790597488.025842,195904,flyt-shm-worker,0.87,0.8694469441301967,"16,17,18,19"
evidence-c28-t-l-25-3,1790597487.0252059,1790597488.025842,196031,qemu-kvm,0.91,0.9094215162741138,"0,1,2,3,4,5,6,7"
evidence-c28-t-l-25-3,1790597488.025842,1790597489.0267415,195904,flyt-shm-worker,0.86,0.8592270794461369,"16,17,18,19"
evidence-c28-t-l-25-3,1790597488.025842,1790597489.0267415,196031,qemu-kvm,0.19,0.18982923848228606,"0,1,2,3,4,5,6,7"
evidence-c28-t-l-25-3,1790597489.0267415,1790597490.0277286,195904,flyt-shm-worker,0.87,0.8691421107438851,"16,17,18,19"
evidence-c28-t-l-25-3,1790597489.0267415,1790597490.0277286,196031,qemu-kvm,0.1,0.09990139203952703,"0,1,2,3,4,5,6,7"
evidence-c28-t-l-25-3,1790597490.0277286,1790597491.0287566,195904,flyt-shm-worker,0.87,0.8691065055723124,"16,17,18,19"
evidence-c28-t-l-25-3,1790597490.0277286,1790597491.0287566,196031,qemu-kvm,0.12,0.11987675938928447,"0,1,2,3,4,5,6,7"
evidence-c28-t-l-25-3,1790597491.0287566,1790597492.0297563,195904,flyt-shm-worker,0.86,0.8591411259791302,"16,17,18,19"
evidence-c28-t-l-25-3,1790597491.0287566,1790597492.0297563,196031,qemu-kvm,0.09,0.08991011783502524,"0,1,2,3,4,5,6,7"
evidence-c28-t-l-25-3,1790597492.0297563,1790597493.0307872,195904,flyt-shm-worker,0.87,0.8691040215994368,"16,17,18,19"
evidence-c28-t-l-25-3,1790597492.0297563,1790597493.0307872,196031,qemu-kvm,0.1,0.09989701397694677,"0,1,2,3,4,5,6,7"
evidence-c28-t-l-25-3,1790597493.0307872,1790597494.0318694,195904,flyt-shm-worker,0.86,0.8590703296122288,"16,17,18,19"
evidence-c28-t-l-25-3,1790597493.0307872,1790597494.0318694,196031,qemu-kvm,0.09,0.08990270891290768,"0,1,2,3,4,5,6,7"
evidence-c28-t-l-25-3,1790597494.0318694,1790597495.0329003,195904,flyt-shm-worker,0.87,0.8691040215994368,"16,17,18,19"
evidence-c28-t-l-25-3,1790597494.0318694,1790597495.0329003,196031,qemu-kvm,0.1,0.09989701397694677,"0,1,2,3,4,5,6,7"
evidence-c28-t-l-25-3,1790597495.0329003,1790597496.033935,195904,flyt-shm-worker,0.87,0.8691007096576895,"16,17,18,19"
evidence-c28-t-l-25-3,1790597495.0329003,1790597496.033935,196031,qemu-kvm,0.14,0.13985528661158222,"0,1,2,3,4,5,6,7"
evidence-c28-t-l-25-3,1790597496.033935,1790597497.03437,195904,flyt-shm-worker,0.87,0.8696218227851963,"16,17,18,19"
evidence-c28-t-l-25-3,1790597496.033935,1790597497.03437,196031,qemu-kvm,0.09,0.08996087821915823,"0,1,2,3,4,5,6,7"
evidence-c28-t-l-25-3,1790597497.03437,1790597498.0354254,195904,flyt-shm-worker,0.87,0.8690827014162136,"16,17,18,19"
evidence-c28-t-l-25-3,1790597497.03437,1790597498.0354254,196031,qemu-kvm,0.1,0.09989456338117399,"0,1,2,3,4,5,6,7"
evidence-c28-t-l-25-3,1790597498.0354254,1790597499.0364647,195904,flyt-shm-worker,0.86,0.8591071586359753,"16,17,18,19"
evidence-c28-t-l-25-3,1790597498.0354254,1790597499.0364647,196031,qemu-kvm,0.1,0.09989618123674132,"0,1,2,3,4,5,6,7"
evidence-c28-t-l-25-3,1790597499.0364647,1790597500.0375164,195904,flyt-shm-worker,0.86,0.8590965188158758,"16,17,18,19"
evidence-c28-t-l-25-3,1790597499.0364647,1790597500.0375164,196031,qemu-kvm,0.09,0.08990544964352189,"0,1,2,3,4,5,6,7"
evidence-c28-t-l-25-3,1790597500.0375164,1790597501.0385497,195904,flyt-shm-worker,0.86,0.8591122740279109,"16,17,18,19"
evidence-c28-t-l-25-3,1790597500.0375164,1790597501.0385497,196031,qemu-kvm,0.13,0.1298658088646842,"0,1,2,3,4,5,6,7"
evidence-c28-t-l-25-3,1790597501.0385497,1790597502.0394464,195904,flyt-shm-worker,0.87,0.8692205766228012,"16,17,18,19"
evidence-c28-t-l-25-3,1790597501.0385497,1790597502.0394464,196031,qemu-kvm,0.09,0.0899193699954622,"0,1,2,3,4,5,6,7"
evidence-c28-t-l-25-3,1790597502.0394464,1790597503.0404916,195904,flyt-shm-worker,0.87,0.8690916019480371,"16,17,18,19"
evidence-c28-t-l-25-3,1790597502.0394464,1790597503.0404916,196031,qemu-kvm,0.14,0.13985382100313243,"0,1,2,3,4,5,6,7"
evidence-c28-t-l-25-3,1790597503.0404916,1790597504.0415728,195904,flyt-shm-worker,0.86,0.8590711480006735,"16,17,18,19"
evidence-c28-t-l-25-3,1790597503.0404916,1790597504.0415728,196031,qemu-kvm,0.09,0.08990279455821001,"0,1,2,3,4,5,6,7"
evidence-c28-t-l-25-3,1790597504.0415728,1790597505.0426247,195904,flyt-shm-worker,0.88,0.8790752982578484,"16,17,18,19"
evidence-c28-t-l-25-3,1790597504.0415728,1790597505.0426247,196031,qemu-kvm,0.11,0.10988441228223104,"0,1,2,3,4,5,6,7"
evidence-c28-t-l-25-3,1790597505.0426247,1790597506.0436625,195904,flyt-shm-worker,0.86,0.8591083863244843,"16,17,18,19"
evidence-c28-t-l-25-3,1790597505.0426247,1790597506.0436625,196031,qemu-kvm,0.09,0.08990669159209719,"0,1,2,3,4,5,6,7"
evidence-c28-t-l-25-3,1790597506.0436625,1790597507.0447416,195904,flyt-shm-worker,0.88,0.8790514309938721,"16,17,18,19"
evidence-c28-t-l-25-3,1790597506.0436625,1790597507.0447416,196031,qemu-kvm,0.09,0.08990298726073692,"0,1,2,3,4,5,6,7"
evidence-c28-t-l-25-3,1790597507.0447416,1790597508.0457945,195904,flyt-shm-worker,0.86,0.8590954957701394,"16,17,18,19"
evidence-c28-t-l-25-3,1790597507.0447416,1790597508.0457945,196031,qemu-kvm,0.12,0.11987379010746131,"0,1,2,3,4,5,6,7"
evidence-c28-t-l-25-3,1790597508.0457945,1790597509.0467656,195904,flyt-shm-worker,0.87,0.8691559809897967,"16,17,18,19"
evidence-c28-t-l-25-3,1790597508.0457945,1790597509.0467656,196031,qemu-kvm,0.11,0.10989328495273293,"0,1,2,3,4,5,6,7"
evidence-c28-t-l-25-3,1790597509.0467656,1790597510.0478237,195904,flyt-shm-worker,0.87,0.8690804245652627,"16,17,18,19"
evidence-c28-t-l-25-3,1790597509.0467656,1790597510.0478237,196031,qemu-kvm,0.09,0.0899048715067513,"0,1,2,3,4,5,6,7"
evidence-c28-t-l-25-3,1790597510.0478237,1790597511.0487404,195904,flyt-shm-worker,0.86,0.8592123433446502,"16,17,18,19"
evidence-c28-t-l-25-3,1790597510.0478237,1790597511.0487404,196031,qemu-kvm,0.09,0.0899175708151378,"0,1,2,3,4,5,6,7"
evidence-c28-t-l-25-3,1790597511.0487404,1790597512.0498183,195904,flyt-shm-worker,0.88,0.8790524777765208,"16,17,18,19"
evidence-c28-t-l-25-3,1790597511.0487404,1790597512.0498183,196031,qemu-kvm,0.09,0.08990309431805327,"0,1,2,3,4,5,6,7"
evidence-c28-t-l-25-3,1790597512.0498183,1790597513.0508497,195904,flyt-shm-worker,0.86,0.859113910966196,"16,17,18,19"
evidence-c28-t-l-25-3,1790597512.0498183,1790597513.0508497,196031,qemu-kvm,0.08,0.07991757311313452,"0,1,2,3,4,5,6,7"
evidence-c28-t-l-25-3,1790597513.0508497,1790597514.0518825,195904,flyt-shm-worker,0.88,0.8790920479889183,"16,17,18,19"
evidence-c28-t-l-25-3,1790597513.0508497,1790597514.0518825,196031,qemu-kvm,0.11,0.10988650599861478,"0,1,2,3,4,5,6,7"
evidence-c28-t-l-25-3,1790597514.0518825,1790597515.052915,195904,flyt-shm-worker,0.85,0.8491232031362573,"16,17,18,19"
evidence-c28-t-l-25-3,1790597514.0518825,1790597515.052915,196031,qemu-kvm,0.09,0.08990716268501549,"0,1,2,3,4,5,6,7"
evidence-c28-t-l-25-3,1790597515.052915,1790597516.0539463,195904,flyt-shm-worker,0.87,0.8691038146023381,"16,17,18,19"
evidence-c28-t-l-25-3,1790597515.052915,1790597516.0539463,196031,qemu-kvm,0.08,0.07991759214734143,"0,1,2,3,4,5,6,7"
evidence-c28-t-l-25-3,1790597516.0539463,1790597517.054977,195904,flyt-shm-worker,0.87,0.869104228596634,"16,17,18,19"
evidence-c28-t-l-25-3,1790597516.0539463,1790597517.054977,196031,qemu-kvm,0.09,0.08990733399275525,"0,1,2,3,4,5,6,7"
evidence-c28-t-l-25-3,1790597517.054977,1790597518.0560098,195904,flyt-shm-worker,0.86,0.8591126832618974,"16,17,18,19"
evidence-c28-t-l-25-3,1790597517.054977,1790597518.0560098,196031,qemu-kvm,0.09,0.08990714127159391,"0,1,2,3,4,5,6,7"
evidence-c28-t-l-25-3,1790597518.0560098,1790597519.0570393,195904,flyt-shm-worker,0.87,0.8691052635840998,"16,17,18,19"
evidence-c28-t-l-25-3,1790597518.0560098,1790597519.0570393,196031,qemu-kvm,0.09,0.0899074410604241,"0,1,2,3,4,5,6,7"
evidence-c28-t-l-25-3,1790597519.0570393,1790597520.0580711,195904,flyt-shm-worker,0.88,0.879092885492227,"16,17,18,19"
evidence-c28-t-l-25-3,1790597519.0570393,1790597520.0580711,196031,qemu-kvm,0.09,0.0899072269253414,"0,1,2,3,4,5,6,7"
evidence-c28-t-l-25-3,1790597520.0580711,1790597521.059101,195904,flyt-shm-worker,0.85,0.8491254277591896,"16,17,18,19"
evidence-c28-t-l-25-3,1790597520.0580711,1790597521.059101,196031,qemu-kvm,0.1,0.09989710914813997,"0,1,2,3,4,5,6,7"
evidence-c28-t-l-25-3,1790597521.059101,1790597522.0601647,195904,flyt-shm-worker,0.87,0.8690756639154609,"16,17,18,19"
evidence-c28-t-l-25-3,1790597521.059101,1790597522.0601647,196031,qemu-kvm,0.1,0.09989375447304148,"0,1,2,3,4,5,6,7"
evidence-c28-t-l-25-3,1790597522.0601647,1790597523.0611854,195904,flyt-shm-worker,0.86,0.8591231188602827,"16,17,18,19"
evidence-c28-t-l-25-3,1790597522.0601647,1790597523.0611854,196031,qemu-kvm,0.1,0.09989803707677707,"0,1,2,3,4,5,6,7"
evidence-c28-t-l-25-3,1790597523.0611854,1790597524.062227,195904,flyt-shm-worker,0.87,0.8690947068276096,"16,17,18,19"
evidence-c28-t-l-25-3,1790597523.0611854,1790597524.062227,196031,qemu-kvm,0.1,0.09989594331351835,"0,1,2,3,4,5,6,7"
evidence-c28-t-l-25-3,1790597524.062227,1790597525.0630336,195904,flyt-shm-worker,0.87,0.8692988495807333,"16,17,18,19"
evidence-c28-t-l-25-3,1790597524.062227,1790597525.0630336,196031,qemu-kvm,0.11,0.10991134879756399,"0,1,2,3,4,5,6,7"
evidence-c28-t-l-25-3,1790597525.0630336,1790597526.0637279,195904,flyt-shm-worker,0.86,0.8594033378315531,"16,17,18,19"
evidence-c28-t-l-25-3,1790597525.0630336,1790597526.0637279,196031,qemu-kvm,0.08,0.07994449654247006,"0,1,2,3,4,5,6,7"
evidence-c28-t-l-25-3,1790597526.0637279,1790597527.0647883,195904,flyt-shm-worker,0.88,0.8790677610871039,"16,17,18,19"
evidence-c28-t-l-25-3,1790597526.0637279,1790597527.0647883,196031,qemu-kvm,0.12,0.11987287651187781,"0,1,2,3,4,5,6,7"
evidence-c28-t-l-25-3,1790597527.0647883,1790597528.0658345,195904,flyt-shm-worker,0.87,0.8690907739838979,"16,17,18,19"
evidence-c28-t-l-25-3,1790597527.0647883,1790597528.0658345,196031,qemu-kvm,0.09,0.0899059421362653,"0,1,2,3,4,5,6,7"
evidence-c28-t-l-25-3,1790597528.0658345,1790597529.0668702,195904,flyt-shm-worker,0.86,0.8591102278638266,"16,17,18,19"
evidence-c28-t-l-25-3,1790597528.0658345,1790597529.0668702,196031,qemu-kvm,0.1,0.09989653812370078,"0,1,2,3,4,5,6,7"
evidence-c28-t-l-25-3,1790597529.0668702,1790597530.0677662,195904,flyt-shm-worker,0.87,0.869221197781262,"16,17,18,19"
evidence-c28-t-l-25-3,1790597529.0668702,1790597530.0677662,196031,qemu-kvm,0.1,0.09991048250359333,"0,1,2,3,4,5,6,7"
evidence-c28-t-l-25-3,1790597530.0677662,1790597531.0688317,195904,flyt-shm-worker,0.86,0.8590846516351325,"16,17,18,19"
evidence-c28-t-l-25-3,1790597530.0677662,1790597531.0688317,196031,qemu-kvm,0.1,0.09989356414362006,"0,1,2,3,4,5,6,7"
evidence-c28-t-l-25-3,1790597531.0688317,1790597532.0698855,195904,flyt-shm-worker,0.86,0.8590946773353048,"16,17,18,19"
evidence-c28-t-l-25-3,1790597531.0688317,1790597532.0698855,196031,qemu-kvm,0.09,0.08990525693043887,"0,1,2,3,4,5,6,7"
evidence-c28-t-l-25-3,1790597532.0698855,1790597533.0709178,195904,flyt-shm-worker,0.87,0.8691027796183235,"16,17,18,19"
evidence-c28-t-l-25-3,1790597532.0698855,1790597533.0709178,196031,qemu-kvm,0.08,0.07991749697639756,"0,1,2,3,4,5,6,7"
evidence-c28-t-l-25-3,1790597533.0709178,1790597534.0719523,195904,flyt-shm-worker,0.86,0.8591112509446505,"16,17,18,19"
evidence-c28-t-l-25-3,1790597533.0709178,1790597534.0719523,196031,qemu-kvm,0.1,0.09989665708658726,"0,1,2,3,4,5,6,7"
evidence-c28-t-l-25-3,1790597534.0719523,1790597535.0729864,195904,flyt-shm-worker,0.88,0.8790910011120265,"16,17,18,19"
evidence-c28-t-l-25-3,1790597534.0719523,1790597535.0729864,196031,qemu-kvm,0.09,0.08990703420463907,"0,1,2,3,4,5,6,7"
evidence-c28-t-l-25-3,1790597535.0729864,1790597536.0737283,195904,flyt-shm-worker,0.87,0.8693549745843633,"16,17,18,19"
evidence-c28-t-l-25-3,1790597535.0729864,1790597536.0737283,196031,qemu-kvm,0.08,0.07994068731810237,"0,1,2,3,4,5,6,7"
evidence-c28-t-l-25-3,1790597536.0737283,1790597537.0749185,195904,flyt-shm-worker,0.86,0.8589776572073033,"16,17,18,19"
evidence-c28-t-l-25-3,1790597536.0737283,1790597537.0749185,196031,qemu-kvm,0.08,0.07990489834486543,"0,1,2,3,4,5,6,7"
evidence-c28-t-l-25-3,1790597537.0749185,1790597538.0759506,195904,flyt-shm-worker,0.88,0.8790926761162502,"16,17,18,19"
evidence-c28-t-l-25-3,1790597537.0749185,1790597538.0759506,196031,qemu-kvm,0.09,0.08990720551188923,"0,1,2,3,4,5,6,7"
evidence-c28-t-l-25-3,1790597538.0759506,1790597539.0769813,195904,flyt-shm-worker,0.88,0.8790939323736069,"16,17,18,19"
evidence-c28-t-l-25-3,1790597538.0759506,1790597539.0769813,196031,qemu-kvm,0.08,0.07991763021578245,"0,1,2,3,4,5,6,7"
evidence-c28-t-l-25-3,1790597539.0769813,1790597540.0780075,195904,flyt-shm-worker,0.86,0.8591184125786451,"16,17,18,19"
evidence-c28-t-l-25-3,1790597539.0769813,1790597540.0780075,196031,qemu-kvm,0.1,0.09989748983472618,"0,1,2,3,4,5,6,7"
evidence-c28-t-l-25-3,1790597540.0780075,1790597541.0790403,195904,flyt-shm-worker,0.87,0.8691023656254079,"16,17,18,19"
evidence-c28-t-l-25-3,1790597540.0780075,1790597541.0790403,196031,qemu-kvm,0.08,0.07991745890808348,"0,1,2,3,4,5,6,7"
evidence-c28-t-l-25-3,1790597541.0790403,1790597542.0800977,195904,flyt-shm-worker,0.88,0.8790704828282968,"16,17,18,19"
evidence-c28-t-l-25-3,1790597541.0790403,1790597542.0800977,196031,qemu-kvm,0.09,0.08990493574380308,"0,1,2,3,4,5,6,7"
evidence-c28-t-l-25-3,1790597542.0800977,1790597543.0811481,195904,flyt-shm-worker,0.87,0.8690870481647934,"16,17,18,19"
evidence-c28-t-l-25-3,1790597542.0800977,1790597543.0811481,196031,qemu-kvm,0.09,0.08990555670670276,"0,1,2,3,4,5,6,7"
evidence-c28-t-l-25-3,1790597543.0811481,1790597544.082218,195904,flyt-shm-worker,0.86,0.8590809687836332,"16,17,18,19"
evidence-c28-t-l-25-3,1790597543.0811481,1790597544.082218,196031,qemu-kvm,0.09,0.08990382231456626,"0,1,2,3,4,5,6,7"
evidence-c28-t-l-25-3,1790597544.082218,1790597545.083276,195904,flyt-shm-worker,0.88,0.8790698547326795,"16,17,18,19"
evidence-c28-t-l-25-3,1790597544.082218,1790597545.083276,196031,qemu-kvm,0.1,0.09989430167416813,"0,1,2,3,4,5,6,7"
evidence-c28-t-s-100-3,1790597627.161867,1790597628.1620953,201798,flyt-shm-worker,0.1,0.09997716471581514,"16,17,18,19"
evidence-c28-t-s-100-3,1790597627.161867,1790597628.1620953,201896,qemu-kvm,0.74,0.739831018897032,"0,1,2,3,4,5,6,7"
evidence-c28-t-s-100-3,1790597628.1620953,1790597629.1627707,201798,flyt-shm-worker,0.1,0.0999325016076435,"16,17,18,19"
evidence-c28-t-s-100-3,1790597628.1620953,1790597629.1627707,201896,qemu-kvm,0.97,0.9693452655941419,"0,1,2,3,4,5,6,7"
evidence-c28-t-s-100-3,1790597629.1627707,1790597630.163813,201798,flyt-shm-worker,0.1,0.09989587193677245,"16,17,18,19"
evidence-c28-t-s-100-3,1790597629.1627707,1790597630.163813,201896,qemu-kvm,0.21,0.20978133106722213,"0,1,2,3,4,5,6,7"
evidence-c28-t-s-100-3,1790597630.163813,1790597631.1648593,201798,flyt-shm-worker,0.11,0.10988504038876869,"16,17,18,19"
evidence-c28-t-s-100-3,1790597630.163813,1790597631.1648593,201896,qemu-kvm,0.22,0.21977008077753737,"0,1,2,3,4,5,6,7"
evidence-c28-t-s-100-3,1790597631.1648593,1790597632.1660058,201798,flyt-shm-worker,0.09,0.08989692823222428,"16,17,18,19"
evidence-c28-t-s-100-3,1790597631.1648593,1790597632.1660058,201896,qemu-kvm,0.21,0.20975949920852333,"0,1,2,3,4,5,6,7"
evidence-c28-t-s-100-3,1790597632.1660058,1790597633.1670525,201798,flyt-shm-worker,0.11,0.10988498804628297,"16,17,18,19"
evidence-c28-t-s-100-3,1790597632.1660058,1790597633.1670525,201896,qemu-kvm,0.25,0.24973860919609764,"0,1,2,3,4,5,6,7"
evidence-c28-t-s-100-3,1790597633.1670525,1790597634.168112,201798,flyt-shm-worker,0.1,0.09989415892547017,"16,17,18,19"
evidence-c28-t-s-100-3,1790597633.1670525,1790597634.168112,201896,qemu-kvm,0.24,0.23974598142112838,"0,1,2,3,4,5,6,7"
evidence-c28-t-s-100-3,1790597634.168112,1790597635.1687875,201798,flyt-shm-worker,0.1,0.0999325016076435,"16,17,18,19"
evidence-c28-t-s-100-3,1790597634.168112,1790597635.1687875,201896,qemu-kvm,0.23,0.22984475369758006,"0,1,2,3,4,5,6,7"
evidence-c28-t-s-100-3,1790597635.1687875,1790597636.1698472,201798,flyt-shm-worker,0.1,0.09989413513406017,"16,17,18,19"
evidence-c28-t-s-100-3,1790597635.1687875,1790597636.1698472,201896,qemu-kvm,0.25,0.24973533783515042,"0,1,2,3,4,5,6,7"
evidence-c28-t-s-100-3,1790597636.1698472,1790597637.1704016,201798,flyt-shm-worker,0.11,0.1099390582298316,"16,17,18,19"
evidence-c28-t-s-100-3,1790597636.1698472,1790597637.1704016,201896,qemu-kvm,0.27,0.26985041565504125,"0,1,2,3,4,5,6,7"
evidence-c28-t-s-100-3,1790597637.1704016,1790597638.1707568,201798,flyt-shm-worker,0.1,0.09996448824703978,"16,17,18,19"
evidence-c28-t-s-100-3,1790597637.1704016,1790597638.1707568,201896,qemu-kvm,0.22,0.21992187414348752,"0,1,2,3,4,5,6,7"
evidence-c28-t-s-100-3,1790597638.1707568,1790597639.1718388,201798,flyt-shm-worker,0.11,0.10988111484071085,"16,17,18,19"
evidence-c28-t-s-100-3,1790597638.1707568,1790597639.1718388,201896,qemu-kvm,0.24,0.23974061419791456,"0,1,2,3,4,5,6,7"
evidence-c28-t-s-100-3,1790597639.1718388,1790597640.1727664,201798,flyt-shm-worker,0.1,0.09990731731136834,"16,17,18,19"
evidence-c28-t-s-100-3,1790597639.1718388,1790597640.1727664,201896,qemu-kvm,0.22,0.21979609808501036,"0,1,2,3,4,5,6,7"
evidence-c28-t-s-100-3,1790597640.1727664,1790597641.1737301,201798,flyt-shm-worker,0.11,0.10989409638938763,"16,17,18,19"
evidence-c28-t-s-100-3,1790597640.1727664,1790597641.1737301,201896,qemu-kvm,0.22,0.21978819277877526,"0,1,2,3,4,5,6,7"
evidence-c28-t-s-100-3,1790597641.1737301,1790597642.1748283,201798,flyt-shm-worker,0.09,0.08990127437835056,"16,17,18,19"
evidence-c28-t-s-100-3,1790597641.1737301,1790597642.1748283,201896,qemu-kvm,0.25,0.24972576216208492,"0,1,2,3,4,5,6,7"
evidence-c28-t-s-100-3,1790597642.1748283,1790597643.1758847,201798,flyt-shm-worker,0.1,0.09989446821483138,"16,17,18,19"
evidence-c28-t-s-100-3,1790597642.1748283,1790597643.1758847,201896,qemu-kvm,0.23,0.22975727689411216,"0,1,2,3,4,5,6,7"
evidence-c28-t-s-100-3,1790597643.1758847,1790597644.1767244,201798,flyt-shm-worker,0.11,0.1099077093714699,"16,17,18,19"
evidence-c28-t-s-100-3,1790597643.1758847,1790597644.1767244,201896,qemu-kvm,0.24,0.23979863862866158,"0,1,2,3,4,5,6,7"
evidence-c28-t-s-100-3,1790597644.1767244,1790597645.1777558,201798,flyt-shm-worker,0.1,0.09989696639141817,"16,17,18,19"
evidence-c28-t-s-100-3,1790597644.1767244,1790597645.1777558,201896,qemu-kvm,0.22,0.21977332606111993,"0,1,2,3,4,5,6,7"
evidence-c28-t-s-100-3,1790597645.1777558,1790597646.178795,201798,flyt-shm-worker,0.1,0.09989618123674132,"16,17,18,19"
evidence-c28-t-s-100-3,1790597645.1777558,1790597646.178795,201896,qemu-kvm,0.22,0.2197715987208309,"0,1,2,3,4,5,6,7"
evidence-c28-t-s-100-3,1790597646.178795,1790597647.1797402,201798,flyt-shm-worker,0.08,0.07992446408852413,"16,17,18,19"
evidence-c28-t-s-100-3,1790597646.178795,1790597647.1797402,201896,qemu-kvm,0.22,0.21979227624344133,"0,1,2,3,4,5,6,7"
evidence-c28-t-s-100-3,1790597647.1797402,1790597648.180801,201798,flyt-shm-worker,0.09,0.08990463597168016,"16,17,18,19"
evidence-c28-t-s-100-3,1790597647.1797402,1790597648.180801,201896,qemu-kvm,0.21,0.20977748393392037,"0,1,2,3,4,5,6,7"
evidence-c28-t-s-100-3,1790597648.180801,1790597649.1818607,201798,flyt-shm-worker,0.11,0.10988354864746619,"16,17,18,19"
evidence-c28-t-s-100-3,1790597648.180801,1790597649.1818607,201896,qemu-kvm,0.23,0.2297565108083384,"0,1,2,3,4,5,6,7"
evidence-c28-t-s-100-3,1790597649.1818607,1790597650.182907,201798,flyt-shm-worker,0.1,0.09989546747047237,"16,17,18,19"
evidence-c28-t-s-100-3,1790597649.1818607,1790597650.182907,201896,qemu-kvm,0.22,0.21977002843503918,"0,1,2,3,4,5,6,7"
evidence-c28-t-s-100-3,1790597650.182907,1790597651.1839652,201798,flyt-shm-worker,0.1,0.09989430167416813,"16,17,18,19"
evidence-c28-t-s-100-3,1790597650.182907,1790597651.1839652,201896,qemu-kvm,0.21,0.20977803351575305,"0,1,2,3,4,5,6,7"
evidence-c28-t-s-100-3,1790597651.1839652,1790597652.1843748,201798,flyt-shm-worker,0.1,0.09995905645871257,"16,17,18,19"
evidence-c28-t-s-100-3,1790597651.1839652,1790597652.1843748,201896,qemu-kvm,0.21,0.20991401856329636,"0,1,2,3,4,5,6,7"
evidence-c28-t-s-100-3,1790597652.1843748,1790597653.1854181,201798,flyt-shm-worker,0.1,0.0998957767679366,"16,17,18,19"
evidence-c28-t-s-100-3,1790597652.1843748,1790597653.1854181,201896,qemu-kvm,0.2,0.1997915535358732,"0,1,2,3,4,5,6,7"
evidence-c28-t-s-100-3,1790597653.1854181,1790597654.186442,201798,flyt-shm-worker,0.1,0.09989772776531596,"16,17,18,19"
evidence-c28-t-s-100-3,1790597653.1854181,1790597654.186442,201896,qemu-kvm,0.21,0.20978522830716348,"0,1,2,3,4,5,6,7"
evidence-c28-t-s-100-3,1790597654.186442,1790597655.187493,201798,flyt-shm-worker,0.1,0.09989499163195961,"16,17,18,19"
evidence-c28-t-s-100-3,1790597654.186442,1790597655.187493,201896,qemu-kvm,0.23,0.2297584807535071,"0,1,2,3,4,5,6,7"
evidence-c28-t-s-100-3,1790597655.187493,1790597656.1885626,201798,flyt-shm-worker,0.09,0.08990384372640689,"16,17,18,19"
evidence-c28-t-s-100-3,1790597655.187493,1790597656.1885626,201896,qemu-kvm,0.21,0.2097756353616161,"0,1,2,3,4,5,6,7"
evidence-c28-t-s-100-3,1790597656.1885626,1790597657.1895905,201798,flyt-shm-worker,0.1,0.0998973232839877,"16,17,18,19"
evidence-c28-t-s-100-3,1790597656.1885626,1790597657.1895905,201896,qemu-kvm,0.22,0.21977411122477294,"0,1,2,3,4,5,6,7"
evidence-c28-t-s-100-3,1790597657.1895905,1790597658.1906402,201798,flyt-shm-worker,0.1,0.09989513438303745,"16,17,18,19"
evidence-c28-t-s-100-3,1790597657.1895905,1790597658.1906402,201896,qemu-kvm,0.22,0.21976929564268238,"0,1,2,3,4,5,6,7"
evidence-c28-t-s-100-3,1790597658.1906402,1790597659.1907184,201798,flyt-shm-worker,0.1,0.09999218048210189,"16,17,18,19"
evidence-c28-t-s-100-3,1790597658.1906402,1790597659.1907184,201896,qemu-kvm,0.22,0.21998279706062415,"0,1,2,3,4,5,6,7"
evidence-c28-t-s-100-3,1790597659.1907184,1790597660.1917567,201798,flyt-shm-worker,0.1,0.09989627640634784,"16,17,18,19"
evidence-c28-t-s-100-3,1790597659.1907184,1790597660.1917567,201896,qemu-kvm,0.21,0.20978218045333044,"0,1,2,3,4,5,6,7"
evidence-c28-t-s-100-3,1790597660.1917567,1790597661.1928124,201798,flyt-shm-worker,0.09,0.0899050856306142,"16,17,18,19"
evidence-c28-t-s-100-3,1790597660.1917567,1790597661.1928124,201896,qemu-kvm,0.22,0.21976798709705692,"0,1,2,3,4,5,6,7"
evidence-c28-t-s-100-3,1790597661.1928124,1790597662.1937287,201798,flyt-shm-worker,0.11,0.1098993055745785,"16,17,18,19"
evidence-c28-t-s-100-3,1790597661.1928124,1790597662.1937287,201896,qemu-kvm,0.22,0.219798611149157,"0,1,2,3,4,5,6,7"
evidence-c28-t-s-100-3,1790597662.1937287,1790597663.1947587,201798,flyt-shm-worker,0.09,0.08990739823332597,"16,17,18,19"
evidence-c28-t-s-100-3,1790597662.1937287,1790597663.1947587,201896,qemu-kvm,0.22,0.21977364012590792,"0,1,2,3,4,5,6,7"
evidence-c28-t-s-100-3,1790597663.1947587,1790597664.1957257,201798,flyt-shm-worker,0.1,0.09990339084785488,"16,17,18,19"
evidence-c28-t-s-100-3,1790597663.1947587,1790597664.1957257,201896,qemu-kvm,0.21,0.20979712078049523,"0,1,2,3,4,5,6,7"
evidence-c28-t-s-100-3,1790597664.1957257,1790597665.1967921,201798,flyt-shm-worker,0.1,0.09989346897918132,"16,17,18,19"
evidence-c28-t-s-100-3,1790597664.1957257,1790597665.1967921,201896,qemu-kvm,0.21,0.20977628485628075,"0,1,2,3,4,5,6,7"
evidence-c28-t-s-100-3,1790597665.1967921,1790597666.1978474,201798,flyt-shm-worker,0.09,0.08990512845550916,"16,17,18,19"
evidence-c28-t-s-100-3,1790597665.1967921,1790597666.1978474,201896,qemu-kvm,0.22,0.2197680917801335,"0,1,2,3,4,5,6,7"
evidence-c28-t-s-100-3,1790597666.1978474,1790597667.198898,201798,flyt-shm-worker,0.09,0.0899055352940462,"16,17,18,19"
evidence-c28-t-s-100-3,1790597666.1978474,1790597667.198898,201896,qemu-kvm,0.22,0.21976908627433514,"0,1,2,3,4,5,6,7"
evidence-c28-t-s-100-3,1790597667.198898,1790597668.1999474,201798,flyt-shm-worker,0.11,0.1098847001635028,"16,17,18,19"
evidence-c28-t-s-100-3,1790597667.198898,1790597668.1999474,201896,qemu-kvm,0.22,0.2197694003270056,"0,1,2,3,4,5,6,7"
evidence-c28-t-s-100-3,1790597668.1999474,1790597669.2009995,201798,flyt-shm-worker,0.1,0.09989489646480104,"16,17,18,19"
evidence-c28-t-s-100-3,1790597668.1999474,1790597669.2009995,201896,qemu-kvm,0.21,0.20977928257608217,"0,1,2,3,4,5,6,7"
evidence-c28-t-s-100-3,1790597669.2009995,1790597670.2017286,201798,flyt-shm-worker,0.08,0.07994171577290689,"16,17,18,19"
evidence-c28-t-s-100-3,1790597669.2009995,1790597670.2017286,201896,qemu-kvm,0.21,0.20984700390388059,"0,1,2,3,4,5,6,7"
evidence-c28-t-s-100-3,1790597670.2017286,1790597671.2027779,201798,flyt-shm-worker,0.11,0.1098847001635028,"16,17,18,19"
evidence-c28-t-s-100-3,1790597670.2017286,1790597671.2027779,201896,qemu-kvm,0.21,0.2097798821303235,"0,1,2,3,4,5,6,7"
evidence-c28-t-s-100-3,1790597671.2027779,1790597672.2038405,201798,flyt-shm-worker,0.08,0.07991507971041933,"16,17,18,19"
evidence-c28-t-s-100-3,1790597671.2027779,1790597672.2038405,201896,qemu-kvm,0.22,0.21976646920365317,"0,1,2,3,4,5,6,7"
evidence-c28-t-s-100-3,1790597672.2038405,1790597673.2049177,201798,flyt-shm-worker,0.1,0.0998923983917394,"16,17,18,19"
evidence-c28-t-s-100-3,1790597672.2038405,1790597673.2049177,201896,qemu-kvm,0.22,0.21976327646182667,"0,1,2,3,4,5,6,7"
evidence-c28-t-s-100-3,1790597673.2049177,1790597674.2059643,201798,flyt-shm-worker,0.09,0.08990589931059514,"16,17,18,19"
evidence-c28-t-s-100-3,1790597673.2049177,1790597674.2059643,201896,qemu-kvm,0.22,0.21976997609256593,"0,1,2,3,4,5,6,7"
evidence-c28-t-s-100-3,1790597674.2059643,1790597675.2070212,201798,flyt-shm-worker,0.11,0.10988386269490087,"16,17,18,19"
evidence-c28-t-s-100-3,1790597674.2059643,1790597675.2070212,201896,qemu-kvm,0.22,0.21976772538980174,"0,1,2,3,4,5,6,7"
evidence-c28-t-s-100-3,1790597675.2070212,1790597676.2081149,201798,flyt-shm-worker,0.1,0.09989075686889705,"16,17,18,19"
evidence-c28-t-s-100-3,1790597675.2070212,1790597676.2081149,201896,qemu-kvm,0.21,0.2097705894246838,"0,1,2,3,4,5,6,7"
evidence-c28-t-s-100-3,1790597676.2081149,1790597677.2088313,201798,flyt-shm-worker,0.09,0.0899355658589825,"16,17,18,19"
evidence-c28-t-s-100-3,1790597676.2081149,1790597677.2088313,201896,qemu-kvm,0.2,0.19985681301996114,"0,1,2,3,4,5,6,7"
evidence-c28-t-s-100-3,1790597677.2088313,1790597678.209948,201798,flyt-shm-worker,0.1,0.09988844931207234,"16,17,18,19"
evidence-c28-t-s-100-3,1790597677.2088313,1790597678.209948,201896,qemu-kvm,0.21,0.2097657435553519,"0,1,2,3,4,5,6,7"
evidence-c28-t-s-100-3,1790597678.209948,1790597679.210999,201798,flyt-shm-worker,0.12,0.11987401850853309,"16,17,18,19"
evidence-c28-t-s-100-3,1790597678.209948,1790597679.210999,201896,qemu-kvm,0.21,0.2097795323899329,"0,1,2,3,4,5,6,7"
evidence-c28-t-s-100-3,1790597679.210999,1790597680.2120702,201798,flyt-shm-worker,0.1,0.09989299315970741,"16,17,18,19"
evidence-c28-t-s-100-3,1790597679.210999,1790597680.2120702,201896,qemu-kvm,0.2,0.19978598631941483,"0,1,2,3,4,5,6,7"
evidence-c28-t-s-100-3,1790597680.2120702,1790597681.2131221,201798,flyt-shm-worker,0.1,0.09989492025657368,"16,17,18,19"
evidence-c28-t-s-100-3,1790597680.2120702,1790597681.2131221,201896,qemu-kvm,0.23,0.22975831659011947,"0,1,2,3,4,5,6,7"
evidence-c28-t-s-100-3,1790597681.2131221,1790597682.2141807,201798,flyt-shm-worker,0.11,0.10988367950034582,"16,17,18,19"
evidence-c28-t-s-100-3,1790597681.2131221,1790597682.2141807,201896,qemu-kvm,0.21,0.2097779335915693,"0,1,2,3,4,5,6,7"
evidence-c28-t-s-100-3,1790597682.2141807,1790597683.2148898,201798,flyt-shm-worker,0.09,0.08993623009960264,"16,17,18,19"
evidence-c28-t-s-100-3,1790597682.2141807,1790597683.2148898,201896,qemu-kvm,0.22,0.21984411802125092,"0,1,2,3,4,5,6,7"
evidence-c28-t-s-100-3,1790597683.2148898,1790597684.2159393,201798,flyt-shm-worker,0.1,0.09989515817492342,"16,17,18,19"
evidence-c28-t-s-100-3,1790597683.2148898,1790597684.2159393,201896,qemu-kvm,0.21,0.20977983216733917,"0,1,2,3,4,5,6,7"
evidence-c28-t-s-100-3,1790597684.2159393,1790597685.217017,201798,flyt-shm-worker,0.1,0.09989235081060793,"16,17,18,19"
evidence-c28-t-s-100-3,1790597684.2159393,1790597685.217017,201896,qemu-kvm,0.21,0.20977393670227662,"0,1,2,3,4,5,6,7"
evidence-c28-t-s-100-3,1790597685.217017,1790597686.2177382,201798,flyt-shm-worker,0.1,0.09992793035761553,"16,17,18,19"
evidence-c28-t-s-100-3,1790597685.217017,1790597686.2177382,201896,qemu-kvm,0.19,0.1898630676794695,"0,1,2,3,4,5,6,7"
evidence-c28-t-s-50-3,1790597769.2972128,1790597770.298266,207437,flyt-shm-worker,0.1,0.0998948012978238,"16,17,18,19"
evidence-c28-t-s-50-3,1790597769.2972128,1790597770.298266,207571,qemu-kvm,0.8,0.7991584103825904,"0,1,2,3,4,5,6,7"
evidence-c28-t-s-50-3,1790597770.298266,1790597771.29877,207437,flyt-shm-worker,0.11,0.10994458607317002,"16,17,18,19"
evidence-c28-t-s-50-3,1790597770.298266,1790597771.29877,207571,qemu-kvm,0.88,0.8795566885853602,"0,1,2,3,4,5,6,7"
evidence-c28-t-s-50-3,1790597771.29877,1790597772.2998514,207437,flyt-shm-worker,0.1,0.09989197016318793,"16,17,18,19"
evidence-c28-t-s-50-3,1790597771.29877,1790597772.2998514,207571,qemu-kvm,0.24,0.23974072839165103,"0,1,2,3,4,5,6,7"
evidence-c28-t-s-50-3,1790597772.2998514,1790597773.3009093,207437,flyt-shm-worker,0.1,0.09989432546565745,"16,17,18,19"
evidence-c28-t-s-50-3,1790597772.2998514,1790597773.3009093,207571,qemu-kvm,0.22,0.21976751602444639,"0,1,2,3,4,5,6,7"
evidence-c28-t-s-50-3,1790597773.3009093,1790597774.3020153,207437,flyt-shm-worker,0.1,0.0998895198148677,"16,17,18,19"
evidence-c28-t-s-50-3,1790597773.3009093,1790597774.3020153,207571,qemu-kvm,0.2,0.1997790396297354,"0,1,2,3,4,5,6,7"
evidence-c28-t-s-50-3,1790597774.3020153,1790597775.303082,207437,flyt-shm-worker,0.09,0.08990410066928997,"16,17,18,19"
evidence-c28-t-s-50-3,1790597774.3020153,1790597775.303082,207571,qemu-kvm,0.22,0.21976557941381994,"0,1,2,3,4,5,6,7"
evidence-c28-t-s-50-3,1790597775.303082,1790597776.3041337,207437,flyt-shm-worker,0.11,0.10988443845319341,"16,17,18,19"
evidence-c28-t-s-50-3,1790597775.303082,1790597776.3041337,207571,qemu-kvm,0.22,0.21976887690638683,"0,1,2,3,4,5,6,7"
evidence-c28-t-s-50-3,1790597776.3041337,1790597777.3047705,207437,flyt-shm-worker,0.1,0.09993635892517826,"16,17,18,19"
evidence-c28-t-s-50-3,1790597776.3041337,1790597777.3047705,207571,qemu-kvm,0.22,0.21985998963539216,"0,1,2,3,4,5,6,7"
evidence-c28-t-s-50-3,1790597777.3047705,1790597778.3058138,207437,flyt-shm-worker,0.09,0.08990619909114293,"16,17,18,19"
evidence-c28-t-s-50-3,1790597777.3047705,1790597778.3058138,207571,qemu-kvm,0.25,0.2497394419198415,"0,1,2,3,4,5,6,7"
evidence-c28-t-s-50-3,1790597778.3058138,1790597779.3068638,207437,flyt-shm-worker,0.11,0.10988462165027908,"16,17,18,19"
evidence-c28-t-s-50-3,1790597778.3058138,1790597779.3068638,207571,qemu-kvm,0.23,0.22975875435967447,"0,1,2,3,4,5,6,7"
evidence-c28-t-s-50-3,1790597779.3068638,1790597780.3079531,207437,flyt-shm-worker,0.1,0.09989118508704599,"16,17,18,19"
evidence-c28-t-s-50-3,1790597779.3068638,1790597780.3079531,207571,qemu-kvm,0.23,0.22974972570020574,"0,1,2,3,4,5,6,7"
evidence-c28-t-s-50-3,1790597780.3079531,1790597781.309,207437,flyt-shm-worker,0.09,0.08990587789777538,"16,17,18,19"
evidence-c28-t-s-50-3,1790597780.3079531,1790597781.309,207571,qemu-kvm,0.23,0.22975946573875933,"0,1,2,3,4,5,6,7"
evidence-c28-t-s-50-3,1790597781.309,1790597782.3100486,207437,flyt-shm-worker,0.1,0.09989525334258065,"16,17,18,19"
evidence-c28-t-s-50-3,1790597781.309,1790597782.3100486,207571,qemu-kvm,0.21,0.20978003201941933,"0,1,2,3,4,5,6,7"
evidence-c28-t-s-50-3,1790597782.3100486,1790597783.3111055,207437,flyt-shm-worker,0.1,0.09989442063172807,"16,17,18,19"
evidence-c28-t-s-50-3,1790597782.3100486,1790597783.3111055,207571,qemu-kvm,0.22,0.21976772538980174,"0,1,2,3,4,5,6,7"
evidence-c28-t-s-50-3,1790597783.3111055,1790597784.3122063,207437,flyt-shm-worker,0.11,0.10987904749815489,"16,17,18,19"
evidence-c28-t-s-50-3,1790597783.3111055,1790597784.3122063,207571,qemu-kvm,0.21,0.2097690906782957,"0,1,2,3,4,5,6,7"
evidence-c28-t-s-50-3,1790597784.3122063,1790597785.3132558,207437,flyt-shm-worker,0.1,0.09989515817492342,"16,17,18,19"
evidence-c28-t-s-50-3,1790597784.3122063,1790597785.3132558,207571,qemu-kvm,0.24,0.23974837961981618,"0,1,2,3,4,5,6,7"
evidence-c28-t-s-50-3,1790597785.3132558,1790597786.3143146,207437,flyt-shm-worker,0.1,0.09989423029976816,"16,17,18,19"
evidence-c28-t-s-50-3,1790597785.3132558,1790597786.3143146,207571,qemu-kvm,0.21,0.2097778836295131,"0,1,2,3,4,5,6,7"
evidence-c28-t-s-50-3,1790597786.3143146,1790597787.3153644,207437,flyt-shm-worker,0.1,0.09989513438303745,"16,17,18,19"
evidence-c28-t-s-50-3,1790597786.3143146,1790597787.3153644,207571,qemu-kvm,0.21,0.20977978220437862,"0,1,2,3,4,5,6,7"
evidence-c28-t-s-50-3,1790597787.3153644,1790597788.316437,207437,flyt-shm-worker,0.1,0.09989285041474916,"16,17,18,19"
evidence-c28-t-s-50-3,1790597787.3153644,1790597788.316437,207571,qemu-kvm,0.22,0.21976427091244816,"0,1,2,3,4,5,6,7"
evidence-c28-t-s-50-3,1790597788.316437,1790597789.3174834,207437,flyt-shm-worker,0.09,0.08990592072342513,"16,17,18,19"
evidence-c28-t-s-50-3,1790597788.316437,1790597789.3174834,207571,qemu-kvm,0.25,0.24973866867618089,"0,1,2,3,4,5,6,7"
evidence-c28-t-s-50-3,1790597789.3174834,1790597790.318539,207437,flyt-shm-worker,0.1,0.09989456338117399,"16,17,18,19"
evidence-c28-t-s-50-3,1790597789.3174834,1790597790.318539,207571,qemu-kvm,0.21,0.20977858310046535,"0,1,2,3,4,5,6,7"
evidence-c28-t-s-50-3,1790597790.318539,1790597791.3195915,207437,flyt-shm-worker,0.1,0.09989484888128976,"16,17,18,19"
evidence-c28-t-s-50-3,1790597790.318539,1790597791.3195915,207571,qemu-kvm,0.24,0.23974763731509538,"0,1,2,3,4,5,6,7"
evidence-c28-t-s-50-3,1790597791.3195915,1790597792.3206406,207437,flyt-shm-worker,0.1,0.09989520575872937,"16,17,18,19"
evidence-c28-t-s-50-3,1790597791.3195915,1790597792.3206406,207571,qemu-kvm,0.21,0.20977993209333165,"0,1,2,3,4,5,6,7"
evidence-c28-t-s-50-3,1790597792.3206406,1790597793.3217432,207437,flyt-shm-worker,0.1,0.0998898528648615,"16,17,18,19"
evidence-c28-t-s-50-3,1790597792.3206406,1790597793.3217432,207571,qemu-kvm,0.21,0.20976869101620912,"0,1,2,3,4,5,6,7"
evidence-c28-t-s-50-3,1790597793.3217432,1790597794.3227963,207437,flyt-shm-worker,0.1,0.0998948012978238,"16,17,18,19"
evidence-c28-t-s-50-3,1790597793.3217432,1790597794.3227963,207571,qemu-kvm,0.22,0.21976856285521235,"0,1,2,3,4,5,6,7"
evidence-c28-t-s-50-3,1790597794.3227963,1790597795.323847,207437,flyt-shm-worker,0.1,0.09989503921560688,"16,17,18,19"
evidence-c28-t-s-50-3,1790597794.3227963,1790597795.323847,207571,qemu-kvm,0.21,0.20977958235277444,"0,1,2,3,4,5,6,7"
evidence-c28-t-s-50-3,1790597795.323847,1790597796.3248985,207437,flyt-shm-worker,0.1,0.09989496784015296,"16,17,18,19"
evidence-c28-t-s-50-3,1790597795.323847,1790597796.3248985,207571,qemu-kvm,0.23,0.22975842603235183,"0,1,2,3,4,5,6,7"
evidence-c28-t-s-50-3,1790597796.3248985,1790597797.325952,207437,flyt-shm-worker,0.1,0.09989475371440316,"16,17,18,19"
evidence-c28-t-s-50-3,1790597796.3248985,1790597797.325952,207571,qemu-kvm,0.23,0.2297579335431273,"0,1,2,3,4,5,6,7"
evidence-c28-t-s-50-3,1790597797.325952,1790597798.3270087,207437,flyt-shm-worker,0.11,0.10988388886560146,"16,17,18,19"
evidence-c28-t-s-50-3,1790597797.325952,1790597798.3270087,207571,qemu-kvm,0.23,0.22975722217353034,"0,1,2,3,4,5,6,7"
evidence-c28-t-s-50-3,1790597798.3270087,1790597799.3280535,207437,flyt-shm-worker,0.1,0.0998956340150228,"16,17,18,19"
evidence-c28-t-s-50-3,1790597798.3270087,1790597799.3280535,207571,qemu-kvm,0.22,0.21977039483305016,"0,1,2,3,4,5,6,7"
evidence-c28-t-s-50-3,1790597799.3280535,1790597800.329105,207437,flyt-shm-worker,0.1,0.09989496784015296,"16,17,18,19"
evidence-c28-t-s-50-3,1790597799.3280535,1790597800.329105,207571,qemu-kvm,0.22,0.21976892924833652,"0,1,2,3,4,5,6,7"
evidence-c28-t-s-50-3,1790597800.329105,1790597801.3301518,207437,flyt-shm-worker,0.1,0.09989541988641709,"16,17,18,19"
evidence-c28-t-s-50-3,1790597800.329105,1790597801.3301518,207571,qemu-kvm,0.21,0.20978038176147587,"0,1,2,3,4,5,6,7"
evidence-c28-t-s-50-3,1790597801.3301518,1790597802.3307636,207437,flyt-shm-worker,0.11,0.10993274511719447,"16,17,18,19"
evidence-c28-t-s-50-3,1790597801.3301518,1790597802.3307636,207571,qemu-kvm,0.22,0.21986549023438895,"0,1,2,3,4,5,6,7"
evidence-c28-t-s-50-3,1790597802.3307636,1790597803.3318245,207437,flyt-shm-worker,0.1,0.09989401617718019,"16,17,18,19"
evidence-c28-t-s-50-3,1790597802.3307636,1790597803.3318245,207571,qemu-kvm,0.2,0.19978803235436038,"0,1,2,3,4,5,6,7"
evidence-c28-t-s-50-3,1790597803.3318245,1790597804.332853,207437,flyt-shm-worker,0.1,0.09989725190526978,"16,17,18,19"
evidence-c28-t-s-50-3,1790597803.3318245,1790597804.332853,207571,qemu-kvm,0.23,0.2297636793821205,"0,1,2,3,4,5,6,7"
evidence-c28-t-s-50-3,1790597804.332853,1790597805.3338776,207437,flyt-shm-worker,0.09,0.089907890747418,"16,17,18,19"
evidence-c28-t-s-50-3,1790597804.332853,1790597805.3338776,207571,qemu-kvm,0.22,0.21977484404924402,"0,1,2,3,4,5,6,7"
evidence-c28-t-s-50-3,1790597805.3338776,1790597806.3347235,207437,flyt-shm-worker,0.1,0.09991548058387957,"16,17,18,19"
evidence-c28-t-s-50-3,1790597805.3338776,1790597806.3347235,207571,qemu-kvm,0.21,0.2098225092261471,"0,1,2,3,4,5,6,7"
evidence-c28-t-s-50-3,1790597806.3347235,1790597807.335732,207437,flyt-shm-worker,0.09,0.0899093254931364,"16,17,18,19"
evidence-c28-t-s-50-3,1790597806.3347235,1790597807.335732,207571,qemu-kvm,0.22,0.21977835120544456,"0,1,2,3,4,5,6,7"
evidence-c28-t-s-50-3,1790597807.335732,1790597808.3367221,207437,flyt-shm-worker,0.1,0.09990108270728985,"16,17,18,19"
evidence-c28-t-s-50-3,1790597807.335732,1790597808.3367221,207571,qemu-kvm,0.22,0.21978238195603766,"0,1,2,3,4,5,6,7"
evidence-c28-t-s-50-3,1790597808.3367221,1790597809.3378923,207437,flyt-shm-worker,0.11,0.10987143302124304,"16,17,18,19"
evidence-c28-t-s-50-3,1790597808.3367221,1790597809.3378923,207571,qemu-kvm,0.21,0.2097545539496458,"0,1,2,3,4,5,6,7"
evidence-c28-t-s-50-3,1790597809.3378923,1790597810.338926,207437,flyt-shm-worker,0.1,0.09989672846445516,"16,17,18,19"
evidence-c28-t-s-50-3,1790597809.3378923,1790597810.338926,207571,qemu-kvm,0.22,0.21977280262180135,"0,1,2,3,4,5,6,7"
evidence-c28-t-s-50-3,1790597810.338926,1790597811.3397589,207437,flyt-shm-worker,0.1,0.09991678968754326,"16,17,18,19"
evidence-c28-t-s-50-3,1790597810.338926,1790597811.3397589,207571,qemu-kvm,0.23,0.2298086162813495,"0,1,2,3,4,5,6,7"
evidence-c28-t-s-50-3,1790597811.3397589,1790597812.3408225,207437,flyt-shm-worker,0.09,0.08990437902573732,"16,17,18,19"
evidence-c28-t-s-50-3,1790597811.3397589,1790597812.3408225,207571,qemu-kvm,0.23,0.22975563528799542,"0,1,2,3,4,5,6,7"
evidence-c28-t-s-50-3,1790597812.3408225,1790597813.3418753,207437,flyt-shm-worker,0.11,0.10988430759850622,"16,17,18,19"
evidence-c28-t-s-50-3,1790597812.3408225,1790597813.3418753,207571,qemu-kvm,0.2,0.19978965017910222,"0,1,2,3,4,5,6,7"
evidence-c28-t-s-50-3,1790597813.3418753,1790597814.3430634,207437,flyt-shm-worker,0.09,0.08989320329855997,"16,17,18,19"
evidence-c28-t-s-50-3,1790597813.3418753,1790597814.3430634,207571,qemu-kvm,0.22,0.21973894139647993,"0,1,2,3,4,5,6,7"
evidence-c28-t-s-50-3,1790597814.3430634,1790597815.3441126,207437,flyt-shm-worker,0.1,0.09989518196682073,"16,17,18,19"
evidence-c28-t-s-50-3,1790597814.3430634,1790597815.3441126,207571,qemu-kvm,0.23,0.22975891852368768,"0,1,2,3,4,5,6,7"
evidence-c28-t-s-50-3,1790597815.3441126,1790597816.344764,207437,flyt-shm-worker,0.1,0.09993490644349966,"16,17,18,19"
evidence-c28-t-s-50-3,1790597815.3441126,1790597816.344764,207571,qemu-kvm,0.22,0.21985679417569923,"0,1,2,3,4,5,6,7"
evidence-c28-t-s-50-3,1790597816.344764,1790597817.3457832,207437,flyt-shm-worker,0.11,0.10988799782021488,"16,17,18,19"
evidence-c28-t-s-50-3,1790597816.344764,1790597817.3457832,207571,qemu-kvm,0.23,0.22976581362408569,"0,1,2,3,4,5,6,7"
evidence-c28-t-s-50-3,1790597817.3457832,1790597818.3467784,207437,flyt-shm-worker,0.1,0.09990058302079945,"16,17,18,19"
evidence-c28-t-s-50-3,1790597817.3457832,1790597818.3467784,207571,qemu-kvm,0.22,0.21978128264575877,"0,1,2,3,4,5,6,7"
evidence-c28-t-s-50-3,1790597818.3467784,1790597819.3477445,207437,flyt-shm-worker,0.1,0.09990348603119889,"16,17,18,19"
evidence-c28-t-s-50-3,1790597818.3467784,1790597819.3477445,207571,qemu-kvm,0.2,0.19980697206239778,"0,1,2,3,4,5,6,7"
evidence-c28-t-s-50-3,1790597819.3477445,1790597820.348788,207437,flyt-shm-worker,0.11,0.10988532827333156,"16,17,18,19"
evidence-c28-t-s-50-3,1790597819.3477445,1790597820.348788,207571,qemu-kvm,0.21,0.2097810812490875,"0,1,2,3,4,5,6,7"
evidence-c28-t-s-50-3,1790597820.348788,1790597821.3497677,207437,flyt-shm-worker,0.1,0.09990212968566933,"16,17,18,19"
evidence-c28-t-s-50-3,1790597820.348788,1790597821.3497677,207571,qemu-kvm,0.21,0.20979447233990556,"0,1,2,3,4,5,6,7"
evidence-c28-t-s-50-3,1790597821.3497677,1790597822.350803,207437,flyt-shm-worker,0.1,0.09989658570882137,"16,17,18,19"
evidence-c28-t-s-50-3,1790597821.3497677,1790597822.350803,207571,qemu-kvm,0.24,0.23975180570117127,"0,1,2,3,4,5,6,7"
evidence-c28-t-s-50-3,1790597822.350803,1790597823.351744,207437,flyt-shm-worker,0.09,0.08991538619296464,"16,17,18,19"
evidence-c28-t-s-50-3,1790597822.350803,1790597823.351744,207571,qemu-kvm,0.21,0.20980256778358417,"0,1,2,3,4,5,6,7"
evidence-c28-t-s-50-3,1790597823.351744,1790597824.3527677,207437,flyt-shm-worker,0.1,0.09989772776531596,"16,17,18,19"
evidence-c28-t-s-50-3,1790597823.351744,1790597824.3527677,207571,qemu-kvm,0.23,0.22976477386022667,"0,1,2,3,4,5,6,7"
evidence-c28-t-s-50-3,1790597824.3527677,1790597825.3537412,207437,flyt-shm-worker,0.1,0.09990274836502686,"16,17,18,19"
evidence-c28-t-s-50-3,1790597824.3527677,1790597825.3537412,207571,qemu-kvm,0.22,0.21978604640305907,"0,1,2,3,4,5,6,7"
evidence-c28-t-s-50-3,1790597825.3537412,1790597826.3548157,207437,flyt-shm-worker,0.1,0.09989266008877276,"16,17,18,19"
evidence-c28-t-s-50-3,1790597825.3537412,1790597826.3548157,207571,qemu-kvm,0.2,0.19978532017754552,"0,1,2,3,4,5,6,7"
evidence-c28-t-s-50-3,1790597826.3548157,1790597827.355864,207437,flyt-shm-worker,0.11,0.1098848048479756,"16,17,18,19"
evidence-c28-t-s-50-3,1790597826.3548157,1790597827.355864,207571,qemu-kvm,0.21,0.20978008198249887,"0,1,2,3,4,5,6,7"
evidence-c28-t-s-50-3,1790597827.355864,1790597828.3569212,207437,flyt-shm-worker,0.1,0.09989439684019341,"16,17,18,19"
evidence-c28-t-s-50-3,1790597827.355864,1790597828.3569212,207571,qemu-kvm,0.21,0.20977823336440615,"0,1,2,3,4,5,6,7"
evidence-c28-t-s-25-3,1790597912.4387546,1790597913.4397972,212896,flyt-shm-worker,0.11,0.10988543295900113,"16,17,18,19"
evidence-c28-t-s-25-3,1790597912.4387546,1790597913.4397972,213273,qemu-kvm,1.0,0.9989584814454648,"0,1,2,3,4,5,6,7"
evidence-c28-t-s-25-3,1790597913.4397972,1790597914.4408493,212896,flyt-shm-worker,0.1,0.09989489646480104,"16,17,18,19"
evidence-c28-t-s-25-3,1790597913.4397972,1790597914.4408493,213273,qemu-kvm,0.6,0.5993693787888061,"0,1,2,3,4,5,6,7"
evidence-c28-t-s-25-3,1790597914.4408493,1790597915.4418943,212896,flyt-shm-worker,0.1,0.09989561022291017,"16,17,18,19"
evidence-c28-t-s-25-3,1790597914.4408493,1790597915.4418943,213273,qemu-kvm,0.21,0.20978078146811133,"0,1,2,3,4,5,6,7"
evidence-c28-t-s-25-3,1790597915.4418943,1790597916.4429436,212896,flyt-shm-worker,0.11,0.1098847001635028,"16,17,18,19"
evidence-c28-t-s-25-3,1790597915.4418943,1790597916.4429436,213273,qemu-kvm,0.2,0.19979036393364147,"0,1,2,3,4,5,6,7"
evidence-c28-t-s-25-3,1790597916.4429436,1790597917.4440093,212896,flyt-shm-worker,0.1,0.09989354035249337,"16,17,18,19"
evidence-c28-t-s-25-3,1790597916.4429436,1790597917.4440093,213273,qemu-kvm,0.23,0.22975514281073475,"0,1,2,3,4,5,6,7"
evidence-c28-t-s-25-3,1790597917.4440093,1790597918.4450557,212896,flyt-shm-worker,0.1,0.09989546747047237,"16,17,18,19"
evidence-c28-t-s-25-3,1790597917.4440093,1790597918.4450557,213273,qemu-kvm,0.23,0.22975957518208642,"0,1,2,3,4,5,6,7"
evidence-c28-t-s-25-3,1790597918.4450557,1790597919.4461455,212896,flyt-shm-worker,0.11,0.10988025125777738,"16,17,18,19"
evidence-c28-t-s-25-3,1790597918.4450557,1790597919.4461455,213273,qemu-kvm,0.22,0.21976050251555476,"0,1,2,3,4,5,6,7"
evidence-c28-t-s-25-3,1790597919.4461455,1790597920.4472525,212896,flyt-shm-worker,0.09,0.08990048219232107,"16,17,18,19"
evidence-c28-t-s-25-3,1790597919.4461455,1790597920.4472525,213273,qemu-kvm,0.21,0.2097677917820825,"0,1,2,3,4,5,6,7"
evidence-c28-t-s-25-3,1790597920.4472525,1790597921.4482994,212896,flyt-shm-worker,0.09,0.08990587789777538,"16,17,18,19"
evidence-c28-t-s-25-3,1790597920.4472525,1790597921.4482994,213273,qemu-kvm,0.23,0.22975946573875933,"0,1,2,3,4,5,6,7"
evidence-c28-t-s-25-3,1790597921.4482994,1790597922.4493513,212896,flyt-shm-worker,0.11,0.10988441228223104,"16,17,18,19"
evidence-c28-t-s-25-3,1790597921.4482994,1790597922.4493513,213273,qemu-kvm,0.29,0.28969526874406365,"0,1,2,3,4,5,6,7"
evidence-c28-t-s-25-3,1790597922.4493513,1790597923.4504125,212896,flyt-shm-worker,0.11,0.109883391624422,"16,17,18,19"
evidence-c28-t-s-25-3,1790597922.4493513,1790597923.4504125,213273,qemu-kvm,0.22,0.219766783248844,"0,1,2,3,4,5,6,7"
evidence-c28-t-s-25-3,1790597923.4504125,1790597924.4514766,212896,flyt-shm-worker,0.1,0.09989370689061813,"16,17,18,19"
evidence-c28-t-s-25-3,1790597923.4504125,1790597924.4514766,213273,qemu-kvm,0.22,0.21976615515935988,"0,1,2,3,4,5,6,7"
evidence-c28-t-s-25-3,1790597924.4514766,1790597925.4525473,212896,flyt-shm-worker,0.11,0.1098823448155959,"16,17,18,19"
evidence-c28-t-s-25-3,1790597924.4514766,1790597925.4525473,213273,qemu-kvm,0.22,0.2197646896311918,"0,1,2,3,4,5,6,7"
evidence-c28-t-s-25-3,1790597925.4525473,1790597926.453595,212896,flyt-shm-worker,0.09,0.08990581365937726,"16,17,18,19"
evidence-c28-t-s-25-3,1790597925.4525473,1790597926.453595,213273,qemu-kvm,0.21,0.20978023187188027,"0,1,2,3,4,5,6,7"
evidence-c28-t-s-25-3,1790597926.453595,1790597927.4546523,212896,flyt-shm-worker,0.11,0.1098838103535371,"16,17,18,19"
evidence-c28-t-s-25-3,1790597926.453595,1790597927.4546523,213273,qemu-kvm,0.23,0.2297570580119412,"0,1,2,3,4,5,6,7"
evidence-c28-t-s-25-3,1790597927.4546523,1790597928.4557996,212896,flyt-shm-worker,0.09,0.08989686400661472,"16,17,18,19"
evidence-c28-t-s-25-3,1790597927.4546523,1790597928.4557996,213273,qemu-kvm,0.22,0.2197478897939471,"0,1,2,3,4,5,6,7"
evidence-c28-t-s-25-3,1790597928.4557996,1790597929.4568546,212896,flyt-shm-worker,0.11,0.10988407206085461,"16,17,18,19"
evidence-c28-t-s-25-3,1790597928.4557996,1790597929.4568546,213273,qemu-kvm,0.28,0.2797049107003572,"0,1,2,3,4,5,6,7"
evidence-c28-t-s-25-3,1790597929.4568546,1790597930.4577425,212896,flyt-shm-worker,0.1,0.09991129168266624,"16,17,18,19"
evidence-c28-t-s-25-3,1790597929.4568546,1790597930.4577425,213273,qemu-kvm,0.22,0.21980484170186573,"0,1,2,3,4,5,6,7"
evidence-c28-t-s-25-3,1790597930.4577425,1790597931.458803,212896,flyt-shm-worker,0.11,0.10988347013588799,"16,17,18,19"
evidence-c28-t-s-25-3,1790597930.4577425,1790597931.458803,213273,qemu-kvm,0.22,0.21976694027177598,"0,1,2,3,4,5,6,7"
evidence-c28-t-s-25-3,1790597931.458803,1790597932.4598563,212896,flyt-shm-worker,0.1,0.09989477750610781,"16,17,18,19"
evidence-c28-t-s-25-3,1790597931.458803,1790597932.4598563,213273,qemu-kvm,0.22,0.21976851051343718,"0,1,2,3,4,5,6,7"
evidence-c28-t-s-25-3,1790597932.4598563,1790597933.4609206,212896,flyt-shm-worker,0.1,0.09989368309942345,"16,17,18,19"
evidence-c28-t-s-25-3,1790597932.4598563,1790597933.4609206,213273,qemu-kvm,0.22,0.2197661028187316,"0,1,2,3,4,5,6,7"
evidence-c28-t-s-25-3,1790597933.4609206,1790597934.4619744,212896,flyt-shm-worker,0.1,0.09989472992270985,"16,17,18,19"
evidence-c28-t-s-25-3,1790597933.4609206,1790597934.4619744,213273,qemu-kvm,0.23,0.22975787882223267,"0,1,2,3,4,5,6,7"
evidence-c28-t-s-25-3,1790597934.4619744,1790597935.4630218,212896,flyt-shm-worker,0.11,0.10988490953264787,"16,17,18,19"
evidence-c28-t-s-25-3,1790597934.4619744,1790597935.4630218,213273,qemu-kvm,0.21,0.209780281835055,"0,1,2,3,4,5,6,7"
evidence-c28-t-s-25-3,1790597935.4630218,1790597936.4640625,212896,flyt-shm-worker,0.11,0.10988564233093868,"16,17,18,19"
evidence-c28-t-s-25-3,1790597935.4630218,1790597936.4640625,213273,qemu-kvm,0.23,0.22976088851014453,"0,1,2,3,4,5,6,7"
evidence-c28-t-s-25-3,1790597936.4640625,1790597937.4651184,212896,flyt-shm-worker,0.1,0.09989451579798002,"16,17,18,19"
evidence-c28-t-s-25-3,1790597936.4640625,1790597937.4651184,213273,qemu-kvm,0.21,0.209778483175758,"0,1,2,3,4,5,6,7"
evidence-c28-t-s-25-3,1790597937.4651184,1790597938.466173,212896,flyt-shm-worker,0.12,0.11987359025723748,"16,17,18,19"
evidence-c28-t-s-25-3,1790597937.4651184,1790597938.466173,213273,qemu-kvm,0.21,0.2097787829501656,"0,1,2,3,4,5,6,7"
evidence-c28-t-s-25-3,1790597938.466173,1790597939.467229,212896,flyt-shm-worker,0.09,0.08990506421818201,"16,17,18,19"
evidence-c28-t-s-25-3,1790597938.466173,1790597939.467229,213273,qemu-kvm,0.21,0.209778483175758,"0,1,2,3,4,5,6,7"
evidence-c28-t-s-25-3,1790597939.467229,1790597940.4678512,212896,flyt-shm-worker,0.11,0.10993159259398691,"16,17,18,19"
evidence-c28-t-s-25-3,1790597939.467229,1790597940.4678512,213273,qemu-kvm,0.24,0.23985074747778962,"0,1,2,3,4,5,6,7"
evidence-c28-t-s-25-3,1790597940.4678512,1790597941.4687984,212896,flyt-shm-worker,0.1,0.099905365939408,"16,17,18,19"
evidence-c28-t-s-25-3,1790597940.4678512,1790597941.4687984,213273,qemu-kvm,0.21,0.2098012684727568,"0,1,2,3,4,5,6,7"
evidence-c28-t-s-25-3,1790597941.4687984,1790597942.4698617,212896,flyt-shm-worker,0.11,0.10988315609069717,"16,17,18,19"
evidence-c28-t-s-25-3,1790597941.4687984,1790597942.4698617,213273,qemu-kvm,0.22,0.21976631218139434,"0,1,2,3,4,5,6,7"
evidence-c28-t-s-25-3,1790597942.4698617,1790597943.4709628,212896,flyt-shm-worker,0.1,0.09989001939069124,"16,17,18,19"
evidence-c28-t-s-25-3,1790597942.4698617,1790597943.4709628,213273,qemu-kvm,0.2,0.19978003878138248,"0,1,2,3,4,5,6,7"
evidence-c28-t-s-25-3,1790597943.4709628,1790597944.4720185,212896,flyt-shm-worker,0.11,0.10988399354852846,"16,17,18,19"
evidence-c28-t-s-25-3,1790597943.4709628,1790597944.4720185,213273,qemu-kvm,0.21,0.20977853313809977,"0,1,2,3,4,5,6,7"
evidence-c28-t-s-25-3,1790597944.4720185,1790597945.4730115,212896,flyt-shm-worker,0.1,0.09990079717154039,"16,17,18,19"
evidence-c28-t-s-25-3,1790597944.4720185,1790597945.4730115,213273,qemu-kvm,0.21,0.2097916740602348,"0,1,2,3,4,5,6,7"
evidence-c28-t-s-25-3,1790597945.4730115,1790597946.4740834,212896,flyt-shm-worker,0.11,0.10988221396589502,"16,17,18,19"
evidence-c28-t-s-25-3,1790597945.4730115,1790597946.4740834,213273,qemu-kvm,0.2,0.19978584357435458,"0,1,2,3,4,5,6,7"
evidence-c28-t-s-25-3,1790597946.4740834,1790597947.47513,212896,flyt-shm-worker,0.11,0.10988498804628297,"16,17,18,19"
evidence-c28-t-s-25-3,1790597946.4740834,1790597947.47513,213273,qemu-kvm,0.22,0.21976997609256593,"0,1,2,3,4,5,6,7"
evidence-c28-t-s-25-3,1790597947.47513,1790597948.4761803,212896,flyt-shm-worker,0.11,0.10988459547922945,"16,17,18,19"
evidence-c28-t-s-25-3,1790597947.47513,1790597948.4761803,213273,qemu-kvm,0.2,0.19979017359859902,"0,1,2,3,4,5,6,7"
evidence-c28-t-s-25-3,1790597948.4761803,1790597949.4772215,212896,flyt-shm-worker,0.11,0.10988558998787949,"16,17,18,19"
evidence-c28-t-s-25-3,1790597948.4761803,1790597949.4772215,213273,qemu-kvm,0.21,0.20978158088595175,"0,1,2,3,4,5,6,7"
evidence-c28-t-s-25-3,1790597949.4772215,1790597950.4777575,212896,flyt-shm-worker,0.11,0.10994107543526209,"16,17,18,19"
evidence-c28-t-s-25-3,1790597949.4772215,1790597950.4777575,213273,qemu-kvm,0.2,0.19989286442774926,"0,1,2,3,4,5,6,7"
evidence-c28-t-s-25-3,1790597950.4777575,1790597951.4788125,212896,flyt-shm-worker,0.11,0.10988407206085461,"16,17,18,19"
evidence-c28-t-s-25-3,1790597950.4777575,1790597951.4788125,213273,qemu-kvm,0.21,0.20977868302526786,"0,1,2,3,4,5,6,7"
evidence-c28-t-s-25-3,1790597951.4788125,1790597952.4798656,212896,flyt-shm-worker,0.1,0.0998948012978238,"16,17,18,19"
evidence-c28-t-s-25-3,1790597951.4788125,1790597952.4798656,213273,qemu-kvm,0.21,0.20977908272542994,"0,1,2,3,4,5,6,7"
evidence-c28-t-s-25-3,1790597952.4798656,1790597953.4809468,212896,flyt-shm-worker,0.11,0.10988119334892336,"16,17,18,19"
evidence-c28-t-s-25-3,1790597952.4798656,1790597953.4809468,213273,qemu-kvm,0.22,0.21976238669784673,"0,1,2,3,4,5,6,7"
evidence-c28-t-s-25-3,1790597953.4809468,1790597954.48199,212896,flyt-shm-worker,0.1,0.0998957767679366,"16,17,18,19"
evidence-c28-t-s-25-3,1790597953.4809468,1790597954.48199,213273,qemu-kvm,0.23,0.22976028656625416,"0,1,2,3,4,5,6,7"
evidence-c28-t-s-25-3,1790597954.48199,1790597955.4830773,212896,flyt-shm-worker,0.11,0.10988053911724695,"16,17,18,19"
evidence-c28-t-s-25-3,1790597954.48199,1790597955.4830773,213273,qemu-kvm,0.21,0.20977193831474417,"0,1,2,3,4,5,6,7"
evidence-c28-t-s-25-3,1790597955.4830773,1790597956.4841394,212896,flyt-shm-worker,0.11,0.10988328694264186,"16,17,18,19"
evidence-c28-t-s-25-3,1790597955.4830773,1790597956.4841394,213273,qemu-kvm,0.2,0.19978779444116704,"0,1,2,3,4,5,6,7"
evidence-c28-t-s-25-3,1790597956.4841394,1790597957.4852097,212896,flyt-shm-worker,0.1,0.09989308832323956,"16,17,18,19"
evidence-c28-t-s-25-3,1790597956.4841394,1790597957.4852097,213273,qemu-kvm,0.2,0.19978617664647913,"0,1,2,3,4,5,6,7"
evidence-c28-t-s-25-3,1790597957.4852097,1790597958.4862666,212896,flyt-shm-worker,0.1,0.09989442063172807,"16,17,18,19"
evidence-c28-t-s-25-3,1790597957.4852097,1790597958.4862666,213273,qemu-kvm,0.2,0.19978884126345614,"0,1,2,3,4,5,6,7"
evidence-c28-t-s-25-3,1790597958.4862666,1790597959.4873176,212896,flyt-shm-worker,0.1,0.09989501542377759,"16,17,18,19"
evidence-c28-t-s-25-3,1790597958.4862666,1790597959.4873176,213273,qemu-kvm,0.19,0.1898005293051774,"0,1,2,3,4,5,6,7"
evidence-c28-t-s-25-3,1790597959.4873176,1790597960.4883509,212896,flyt-shm-worker,0.11,0.10988645365473279,"16,17,18,19"
evidence-c28-t-s-25-3,1790597959.4873176,1790597960.4883509,213273,qemu-kvm,0.23,0.22976258491444132,"0,1,2,3,4,5,6,7"
evidence-c28-t-s-25-3,1790597960.4883509,1790597961.4887447,212896,flyt-shm-worker,0.1,0.09996062875778489,"16,17,18,19"
evidence-c28-t-s-25-3,1790597960.4883509,1790597961.4887447,213273,qemu-kvm,0.2,0.19992125751556977,"0,1,2,3,4,5,6,7"
evidence-c28-t-s-25-3,1790597961.4887447,1790597962.4898705,212896,flyt-shm-worker,0.11,0.1098762998847828,"16,17,18,19"
evidence-c28-t-s-25-3,1790597961.4887447,1790597962.4898705,213273,qemu-kvm,0.21,0.20976384523458536,"0,1,2,3,4,5,6,7"
evidence-c28-t-s-25-3,1790597962.4898705,1790597963.49093,212896,flyt-shm-worker,0.09,0.08990474303292315,"16,17,18,19"
evidence-c28-t-s-25-3,1790597962.4898705,1790597963.49093,213273,qemu-kvm,0.2,0.19978831785094034,"0,1,2,3,4,5,6,7"
evidence-c28-t-s-25-3,1790597963.49093,1790597964.4920487,212896,flyt-shm-worker,0.1,0.09988825900286641,"16,17,18,19"
evidence-c28-t-s-25-3,1790597963.49093,1790597964.4920487,213273,qemu-kvm,0.19,0.18978769210544616,"0,1,2,3,4,5,6,7"
evidence-c28-t-s-25-3,1790597964.4920487,1790597965.492734,212896,flyt-shm-worker,0.1,0.09993152542017518,"16,17,18,19"
evidence-c28-t-s-25-3,1790597964.4920487,1790597965.492734,213273,qemu-kvm,0.21,0.20985620338236785,"0,1,2,3,4,5,6,7"
evidence-c28-t-s-25-3,1790597965.492734,1790597966.4937792,212896,flyt-shm-worker,0.1,0.09989558643080887,"16,17,18,19"
evidence-c28-t-s-25-3,1790597965.492734,1790597966.4937792,213273,qemu-kvm,0.22,0.2197702901477795,"0,1,2,3,4,5,6,7"
evidence-c28-t-s-25-3,1790597966.4937792,1790597967.4948895,212896,flyt-shm-worker,0.11,0.10987800077209577,"16,17,18,19"
evidence-c28-t-s-25-3,1790597966.4937792,1790597967.4948895,213273,qemu-kvm,0.2,0.1997781832219923,"0,1,2,3,4,5,6,7"
evidence-c28-t-s-25-3,1790597967.4948895,1790597968.4957368,212896,flyt-shm-worker,0.1,0.09991533777464602,"16,17,18,19"
evidence-c28-t-s-25-3,1790597967.4948895,1790597968.4957368,213273,qemu-kvm,0.2,0.19983067554929204,"0,1,2,3,4,5,6,7"
evidence-c28-t-s-25-3,1790597968.4957368,1790597969.4968061,212896,flyt-shm-worker,0.11,0.10988250183564832,"16,17,18,19"
evidence-c28-t-s-25-3,1790597968.4957368,1790597969.4968061,213273,qemu-kvm,0.2,0.19978636697390606,"0,1,2,3,4,5,6,7"
evidence-c28-t-s-25-3,1790597969.4968061,1790597970.497857,212896,flyt-shm-worker,0.1,0.09989501542377759,"16,17,18,19"
evidence-c28-t-s-25-3,1790597969.4968061,1790597970.497857,213273,qemu-kvm,0.21,0.2097795323899329,"0,1,2,3,4,5,6,7"
evidence-c28-t-s-25-3,1790597970.497857,1790597971.4989066,212896,flyt-shm-worker,0.1,0.09989515817492342,"16,17,18,19"
evidence-c28-t-s-25-3,1790597970.497857,1790597971.4989066,213273,qemu-kvm,0.2,0.19979031634984684,"0,1,2,3,4,5,6,7"
