host_utc_seconds,gpu_uuid,utilization_percent,memory_mib,power_watts,sm_clock_mhz,collection_seconds,collector_errors
1790595489.20259,GPU-7d708c42-8d4a-16d5-0746-474567157aa3,92.0,563.0,413.62,2422.0,0.13321733474731445,0
1790595490.202726,GPU-7d708c42-8d4a-16d5-0746-474567157aa3,92.0,563.0,413.75,2422.0,0.13866066932678223,0
1790595491.2028496,GPU-7d708c42-8d4a-16d5-0746-474567157aa3,91.0,563.0,419.95,2422.0,0.13285207748413086,0
1790595492.2029707,GPU-7d708c42-8d4a-16d5-0746-474567157aa3,92.0,563.0,425.34,2422.0,0.12904047966003418,0
1790595493.2030926,GPU-7d708c42-8d4a-16d5-0746-474567157aa3,92.0,563.0,425.19,2422.0,0.13506197929382324,0
1790595494.203213,GPU-7d708c42-8d4a-16d5-0746-474567157aa3,92.0,563.0,416.23,2422.0,0.13598132133483887,0
1790595495.2033327,GPU-7d708c42-8d4a-16d5-0746-474567157aa3,93.0,563.0,418.88,2422.0,0.12958860397338867,0
1790595496.2034404,GPU-7d708c42-8d4a-16d5-0746-474567157aa3,92.0,563.0,432.0,2422.0,0.11912131309509277,0
1790595497.203546,GPU-7d708c42-8d4a-16d5-0746-474567157aa3,92.0,563.0,421.25,2422.0,0.1202239990234375,0
1790595498.2037103,GPU-7d708c42-8d4a-16d5-0746-474567157aa3,93.0,563.0,425.69,2422.0,0.13945794105529785,0
1790595499.2038634,GPU-7d708c42-8d4a-16d5-0746-474567157aa3,93.0,563.0,422.37,2422.0,0.13405895233154297,0
1790595500.203984,GPU-7d708c42-8d4a-16d5-0746-474567157aa3,90.0,563.0,410.59,2422.0,0.1314089298248291,0
1790595501.2041016,GPU-7d708c42-8d4a-16d5-0746-474567157aa3,94.0,563.0,424.83,2422.0,0.12367415428161621,0
1790595502.2042072,GPU-7d708c42-8d4a-16d5-0746-474567157aa3,90.0,563.0,431.82,2422.0,0.12554478645324707,0
1790595503.2043118,GPU-7d708c42-8d4a-16d5-0746-474567157aa3,92.0,563.0,417.26,2422.0,0.11996817588806152,0
1790595504.2044158,GPU-7d708c42-8d4a-16d5-0746-474567157aa3,91.0,563.0,420.3,2422.0,0.12232851982116699,0
1790595505.2045202,GPU-7d708c42-8d4a-16d5-0746-474567157aa3,91.0,563.0,421.04,2422.0,0.12318611145019531,0
1790595506.204605,GPU-7d708c42-8d4a-16d5-0746-474567157aa3,91.0,563.0,428.01,2422.0,0.12387514114379883,0
1790595507.2046914,GPU-7d708c42-8d4a-16d5-0746-474567157aa3,95.0,563.0,426.99,2422.0,0.09955477714538574,0
1790595508.2047672,GPU-7d708c42-8d4a-16d5-0746-474567157aa3,92.0,563.0,424.23,2422.0,0.1419391632080078,0
1790595509.204924,GPU-7d708c42-8d4a-16d5-0746-474567157aa3,92.0,563.0,425.74,2422.0,0.12529373168945312,0
1790595510.205037,GPU-7d708c42-8d4a-16d5-0746-474567157aa3,92.0,563.0,424.91,2422.0,0.12484216690063477,0
1790595511.2051094,GPU-7d708c42-8d4a-16d5-0746-474567157aa3,94.0,563.0,425.27,2422.0,0.122955322265625,0
1790595512.2052333,GPU-7d708c42-8d4a-16d5-0746-474567157aa3,90.0,563.0,436.83,2422.0,0.1233360767364502,0
1790595513.2086961,GPU-7d708c42-8d4a-16d5-0746-474567157aa3,92.0,563.0,426.28,2422.0,0.18387818336486816,0
1790595514.2088268,GPU-7d708c42-8d4a-16d5-0746-474567157aa3,90.0,563.0,427.42,2422.0,0.12920856475830078,0
1790595515.2089596,GPU-7d708c42-8d4a-16d5-0746-474567157aa3,93.0,563.0,421.07,2422.0,0.12642192840576172,0
1790595516.209078,GPU-7d708c42-8d4a-16d5-0746-474567157aa3,90.0,563.0,425.27,2422.0,0.12639594078063965,0
1790595517.2091827,GPU-7d708c42-8d4a-16d5-0746-474567157aa3,93.0,563.0,425.74,2422.0,0.1289365291595459,0
1790595518.2092597,GPU-7d708c42-8d4a-16d5-0746-474567157aa3,93.0,563.0,425.59,2422.0,0.11991143226623535,0
1790595519.2093647,GPU-7d708c42-8d4a-16d5-0746-474567157aa3,92.0,563.0,430.41,2422.0,0.1255052089691162,0
1790595520.2094817,GPU-7d708c42-8d4a-16d5-0746-474567157aa3,93.0,563.0,427.48,2422.0,0.12299442291259766,0
1790595521.2095902,GPU-7d708c42-8d4a-16d5-0746-474567157aa3,93.0,563.0,424.31,2422.0,0.1271960735321045,0
1790595522.2097259,GPU-7d708c42-8d4a-16d5-0746-474567157aa3,92.0,563.0,427.21,2422.0,0.11691880226135254,0
1790595523.2098143,GPU-7d708c42-8d4a-16d5-0746-474567157aa3,94.0,563.0,426.51,2422.0,0.12575769424438477,0
1790595524.2099226,GPU-7d708c42-8d4a-16d5-0746-474567157aa3,93.0,563.0,423.15,2422.0,0.1211695671081543,0
1790595525.2100306,GPU-7d708c42-8d4a-16d5-0746-474567157aa3,92.0,563.0,421.99,2422.0,0.11712193489074707,0
1790595526.2101362,GPU-7d708c42-8d4a-16d5-0746-474567157aa3,91.0,563.0,429.91,2422.0,0.12321162223815918,0
1790595527.2102625,GPU-7d708c42-8d4a-16d5-0746-474567157aa3,93.0,563.0,430.65,2422.0,0.12820768356323242,0
1790595528.2103624,GPU-7d708c42-8d4a-16d5-0746-474567157aa3,93.0,563.0,434.12,2422.0,0.1183309555053711,0
1790595529.2104647,GPU-7d708c42-8d4a-16d5-0746-474567157aa3,90.0,563.0,429.5,2422.0,0.12372326850891113,0
1790595530.2106256,GPU-7d708c42-8d4a-16d5-0746-474567157aa3,94.0,563.0,433.88,2422.0,0.12474656105041504,0
1790595531.210741,GPU-7d708c42-8d4a-16d5-0746-474567157aa3,91.0,563.0,434.45,2422.0,0.12752246856689453,0
1790595532.2108483,GPU-7d708c42-8d4a-16d5-0746-474567157aa3,93.0,563.0,424.27,2422.0,0.12297558784484863,0
1790595533.2110393,GPU-7d708c42-8d4a-16d5-0746-474567157aa3,95.0,563.0,424.17,2422.0,0.1280217170715332,0
1790595534.211156,GPU-7d708c42-8d4a-16d5-0746-474567157aa3,93.0,563.0,432.77,2422.0,0.12888526916503906,0
1790595535.2112827,GPU-7d708c42-8d4a-16d5-0746-474567157aa3,93.0,563.0,427.37,2422.0,0.12420320510864258,0
1790595536.2114635,GPU-7d708c42-8d4a-16d5-0746-474567157aa3,93.0,563.0,421.5,2422.0,0.12350201606750488,0
1790595537.2115445,GPU-7d708c42-8d4a-16d5-0746-474567157aa3,94.0,563.0,422.32,2422.0,0.12470555305480957,0
1790595538.2117267,GPU-7d708c42-8d4a-16d5-0746-474567157aa3,91.0,563.0,433.86,2422.0,0.12207865715026855,0
1790595539.21183,GPU-7d708c42-8d4a-16d5-0746-474567157aa3,91.0,563.0,420.28,2422.0,0.12462115287780762,0
1790595540.2119606,GPU-7d708c42-8d4a-16d5-0746-474567157aa3,92.0,563.0,429.54,2422.0,0.1235969066619873,0
1790595541.212039,GPU-7d708c42-8d4a-16d5-0746-474567157aa3,94.0,563.0,427.93,2422.0,0.12178397178649902,0
1790595542.212158,GPU-7d708c42-8d4a-16d5-0746-474567157aa3,92.0,563.0,424.93,2422.0,0.13085556030273438,0
1790595543.2122457,GPU-7d708c42-8d4a-16d5-0746-474567157aa3,92.0,563.0,418.31,2422.0,0.1461501121520996,0
1790595544.2123303,GPU-7d708c42-8d4a-16d5-0746-474567157aa3,92.0,563.0,428.46,2422.0,0.1271512508392334,0
1790595545.2124555,GPU-7d708c42-8d4a-16d5-0746-474567157aa3,92.0,563.0,427.43,2422.0,0.1269240379333496,0
1790595546.2125614,GPU-7d708c42-8d4a-16d5-0746-474567157aa3,92.0,563.0,424.78,2422.0,0.11993288993835449,0
1790595547.2127495,GPU-7d708c42-8d4a-16d5-0746-474567157aa3,93.0,563.0,428.32,2422.0,0.13005375862121582,0
1790595548.2156985,GPU-7d708c42-8d4a-16d5-0746-474567157aa3,93.0,563.0,426.68,2422.0,0.20580577850341797,0
1790595549.2158823,GPU-7d708c42-8d4a-16d5-0746-474567157aa3,91.0,563.0,426.05,2422.0,0.1206510066986084,0
1790595550.215993,GPU-7d708c42-8d4a-16d5-0746-474567157aa3,91.0,563.0,429.64,2422.0,0.13371896743774414,0
1790595551.2160888,GPU-7d708c42-8d4a-16d5-0746-474567157aa3,91.0,563.0,430.16,2422.0,0.1262664794921875,0
1790595552.2162044,GPU-7d708c42-8d4a-16d5-0746-474567157aa3,92.0,563.0,434.26,2422.0,0.1241607666015625,0
1790595553.2163112,GPU-7d708c42-8d4a-16d5-0746-474567157aa3,91.0,563.0,435.36,2422.0,0.12022042274475098,0
1790595554.2164617,GPU-7d708c42-8d4a-16d5-0746-474567157aa3,0.0,0.0,305.63,2422.0,0.1369936466217041,0
1790595555.216576,GPU-7d708c42-8d4a-16d5-0746-474567157aa3,0.0,0.0,92.83,2430.0,0.13931536674499512,0
1790595556.2166529,GPU-7d708c42-8d4a-16d5-0746-474567157aa3,0.0,0.0,39.11,2220.0,0.1333622932434082,0
1790595557.2167747,GPU-7d708c42-8d4a-16d5-0746-474567157aa3,0.0,0.0,38.62,315.0,0.13470697402954102,0
1790595558.2169316,GPU-7d708c42-8d4a-16d5-0746-474567157aa3,0.0,0.0,38.38,187.0,0.13955044746398926,0
1790595632.2260706,GPU-7d708c42-8d4a-16d5-0746-474567157aa3,91.0,563.0,416.15,2422.0,0.13043904304504395,0
1790595633.2261915,GPU-7d708c42-8d4a-16d5-0746-474567157aa3,94.0,563.0,416.24,2422.0,0.13417911529541016,0
1790595634.2263167,GPU-7d708c42-8d4a-16d5-0746-474567157aa3,93.0,563.0,418.76,2422.0,0.13413166999816895,0
1790595635.2263997,GPU-7d708c42-8d4a-16d5-0746-474567157aa3,93.0,563.0,422.17,2422.0,0.12460803985595703,0
1790595636.226507,GPU-7d708c42-8d4a-16d5-0746-474567157aa3,92.0,563.0,421.02,2422.0,0.12480998039245605,0
1790595637.226613,GPU-7d708c42-8d4a-16d5-0746-474567157aa3,91.0,563.0,424.73,2422.0,0.11972379684448242,0
1790595638.2267008,GPU-7d708c42-8d4a-16d5-0746-474567157aa3,92.0,563.0,422.48,2422.0,0.12684011459350586,0
1790595639.2268069,GPU-7d708c42-8d4a-16d5-0746-474567157aa3,92.0,563.0,427.37,2422.0,0.12323927879333496,0
1790595640.2268913,GPU-7d708c42-8d4a-16d5-0746-474567157aa3,92.0,563.0,421.51,2422.0,0.12442708015441895,0
1790595641.2269993,GPU-7d708c42-8d4a-16d5-0746-474567157aa3,92.0,563.0,425.64,2422.0,0.12671160697937012,0
1790595642.2270849,GPU-7d708c42-8d4a-16d5-0746-474567157aa3,91.0,563.0,427.82,2422.0,0.1272284984588623,0
1790595643.2272453,GPU-7d708c42-8d4a-16d5-0746-474567157aa3,93.0,563.0,423.36,2422.0,0.12116289138793945,0
1790595644.227344,GPU-7d708c42-8d4a-16d5-0746-474567157aa3,93.0,563.0,431.5,2422.0,0.12258124351501465,0
1790595645.2274497,GPU-7d708c42-8d4a-16d5-0746-474567157aa3,93.0,563.0,422.3,2422.0,0.11742186546325684,0
1790595646.2275531,GPU-7d708c42-8d4a-16d5-0746-474567157aa3,93.0,563.0,428.51,2422.0,0.12250304222106934,0
1790595647.2276595,GPU-7d708c42-8d4a-16d5-0746-474567157aa3,90.0,563.0,428.25,2422.0,0.1277766227722168,0
1790595648.2278032,GPU-7d708c42-8d4a-16d5-0746-474567157aa3,92.0,563.0,416.69,2422.0,0.12294340133666992,0
1790595649.2279065,GPU-7d708c42-8d4a-16d5-0746-474567157aa3,92.0,563.0,420.7,2422.0,0.12338876724243164,0
1790595650.2280293,GPU-7d708c42-8d4a-16d5-0746-474567157aa3,92.0,563.0,424.23,2422.0,0.13653326034545898,0
1790595651.2282064,GPU-7d708c42-8d4a-16d5-0746-474567157aa3,91.0,563.0,425.37,2422.0,0.14074063301086426,0
1790595652.2283306,GPU-7d708c42-8d4a-16d5-0746-474567157aa3,92.0,563.0,424.88,2422.0,0.1310110092163086,0
1790595653.228413,GPU-7d708c42-8d4a-16d5-0746-474567157aa3,93.0,563.0,421.91,2422.0,0.13090109825134277,0
1790595654.2285187,GPU-7d708c42-8d4a-16d5-0746-474567157aa3,92.0,563.0,423.58,2422.0,0.13501954078674316,0
1790595655.228642,GPU-7d708c42-8d4a-16d5-0746-474567157aa3,91.0,563.0,417.78,2422.0,0.13113999366760254,0
1790595656.2287626,GPU-7d708c42-8d4a-16d5-0746-474567157aa3,92.0,563.0,421.62,2422.0,0.13698387145996094,0
1790595657.2288857,GPU-7d708c42-8d4a-16d5-0746-474567157aa3,92.0,563.0,431.11,2422.0,0.13071465492248535,0
1790595658.2289913,GPU-7d708c42-8d4a-16d5-0746-474567157aa3,92.0,563.0,421.95,2422.0,0.12825703620910645,0
1790595659.2291138,GPU-7d708c42-8d4a-16d5-0746-474567157aa3,91.0,563.0,428.5,2422.0,0.13388609886169434,0
1790595660.2292361,GPU-7d708c42-8d4a-16d5-0746-474567157aa3,93.0,563.0,432.51,2422.0,0.13523411750793457,0
1790595661.2293434,GPU-7d708c42-8d4a-16d5-0746-474567157aa3,93.0,563.0,427.51,2422.0,0.12926483154296875,0
1790595662.2294493,GPU-7d708c42-8d4a-16d5-0746-474567157aa3,91.0,563.0,432.14,2422.0,0.12069988250732422,0
1790595663.2295527,GPU-7d708c42-8d4a-16d5-0746-474567157aa3,92.0,563.0,424.32,2422.0,0.12173223495483398,0
1790595664.229657,GPU-7d708c42-8d4a-16d5-0746-474567157aa3,91.0,563.0,417.47,2422.0,0.1266176700592041,0
1790595665.2297647,GPU-7d708c42-8d4a-16d5-0746-474567157aa3,93.0,563.0,424.47,2422.0,0.124114990234375,0
1790595666.22987,GPU-7d708c42-8d4a-16d5-0746-474567157aa3,91.0,563.0,426.63,2422.0,0.12137293815612793,0
1790595667.229952,GPU-7d708c42-8d4a-16d5-0746-474567157aa3,92.0,563.0,417.48,2422.0,0.12390613555908203,0
1790595668.2300541,GPU-7d708c42-8d4a-16d5-0746-474567157aa3,92.0,563.0,430.83,2422.0,0.1252765655517578,0
1790595669.2301655,GPU-7d708c42-8d4a-16d5-0746-474567157aa3,92.0,563.0,418.61,2422.0,0.12195181846618652,0
1790595670.2302625,GPU-7d708c42-8d4a-16d5-0746-474567157aa3,95.0,563.0,428.05,2422.0,0.12188005447387695,0
1790595671.2303426,GPU-7d708c42-8d4a-16d5-0746-474567157aa3,93.0,563.0,426.02,2422.0,0.12443733215332031,0
1790595672.2304502,GPU-7d708c42-8d4a-16d5-0746-474567157aa3,92.0,563.0,423.74,2422.0,0.1286909580230713,0
1790595673.2305322,GPU-7d708c42-8d4a-16d5-0746-474567157aa3,91.0,563.0,427.64,2422.0,0.11420369148254395,0
1790595674.2306368,GPU-7d708c42-8d4a-16d5-0746-474567157aa3,92.0,563.0,425.18,2422.0,0.11886405944824219,0
1790595675.2307498,GPU-7d708c42-8d4a-16d5-0746-474567157aa3,94.0,563.0,425.97,2422.0,0.13095712661743164,0
1790595676.230854,GPU-7d708c42-8d4a-16d5-0746-474567157aa3,93.0,563.0,427.58,2422.0,0.12728261947631836,0
1790595677.2309604,GPU-7d708c42-8d4a-16d5-0746-474567157aa3,90.0,563.0,434.53,2422.0,0.11907124519348145,0
1790595678.231062,GPU-7d708c42-8d4a-16d5-0746-474567157aa3,92.0,563.0,431.08,2422.0,0.11881422996520996,0
1790595679.2312102,GPU-7d708c42-8d4a-16d5-0746-474567157aa3,92.0,563.0,422.23,2422.0,0.12520980834960938,0
1790595680.2312932,GPU-7d708c42-8d4a-16d5-0746-474567157aa3,92.0,563.0,430.6,2422.0,0.12279415130615234,0
1790595681.2313964,GPU-7d708c42-8d4a-16d5-0746-474567157aa3,92.0,563.0,427.81,2422.0,0.12709450721740723,0
1790595682.2315152,GPU-7d708c42-8d4a-16d5-0746-474567157aa3,92.0,563.0,424.76,2422.0,0.12939071655273438,0
1790595683.2316394,GPU-7d708c42-8d4a-16d5-0746-474567157aa3,93.0,563.0,423.69,2422.0,0.12903189659118652,0
1790595684.2317362,GPU-7d708c42-8d4a-16d5-0746-474567157aa3,91.0,563.0,425.69,2422.0,0.12844181060791016,0
1790595685.2318616,GPU-7d708c42-8d4a-16d5-0746-474567157aa3,94.0,563.0,431.23,2422.0,0.13465523719787598,0
1790595686.2319891,GPU-7d708c42-8d4a-16d5-0746-474567157aa3,94.0,563.0,428.39,2422.0,0.1362590789794922,0
1790595687.2320726,GPU-7d708c42-8d4a-16d5-0746-474567157aa3,92.0,563.0,432.06,2422.0,0.13667774200439453,0
1790595688.2321932,GPU-7d708c42-8d4a-16d5-0746-474567157aa3,93.0,563.0,433.35,2422.0,0.1351323127746582,0
1790595689.2322786,GPU-7d708c42-8d4a-16d5-0746-474567157aa3,92.0,563.0,429.93,2422.0,0.13779282569885254,0
1790595690.2323558,GPU-7d708c42-8d4a-16d5-0746-474567157aa3,92.0,563.0,433.96,2422.0,0.11939120292663574,0
1790595691.2324336,GPU-7d708c42-8d4a-16d5-0746-474567157aa3,91.0,563.0,425.96,2422.0,0.12056541442871094,0
1790595692.232512,GPU-7d708c42-8d4a-16d5-0746-474567157aa3,93.0,563.0,430.78,2422.0,0.13010525703430176,0
1790595693.2326164,GPU-7d708c42-8d4a-16d5-0746-474567157aa3,94.0,563.0,427.54,2422.0,0.12509918212890625,0
1790595694.2327225,GPU-7d708c42-8d4a-16d5-0746-474567157aa3,92.0,563.0,434.37,2422.0,0.12578344345092773,0
1790595695.2328293,GPU-7d708c42-8d4a-16d5-0746-474567157aa3,93.0,563.0,425.67,2422.0,0.12593817710876465,0
1790595696.2329519,GPU-7d708c42-8d4a-16d5-0746-474567157aa3,94.0,563.0,430.82,2422.0,0.12137532234191895,0
1790595697.2330194,GPU-7d708c42-8d4a-16d5-0746-474567157aa3,71.0,0.0,342.55,2422.0,0.11758947372436523,0
1790595698.2332544,GPU-7d708c42-8d4a-16d5-0746-474567157aa3,0.0,0.0,101.87,2430.0,0.12343502044677734,0
1790595699.2333748,GPU-7d708c42-8d4a-16d5-0746-474567157aa3,0.0,0.0,40.06,660.0,0.146467924118042,0
1790595700.2334805,GPU-7d708c42-8d4a-16d5-0746-474567157aa3,0.0,0.0,38.62,390.0,0.14136433601379395,0
1790595701.233571,GPU-7d708c42-8d4a-16d5-0746-474567157aa3,0.0,0.0,39.11,225.0,0.13527941703796387,0
1790595778.2433305,GPU-7d708c42-8d4a-16d5-0746-474567157aa3,94.0,563.0,417.16,2422.0,0.13837647438049316,0
1790595779.2434497,GPU-7d708c42-8d4a-16d5-0746-474567157aa3,92.0,563.0,425.16,2422.0,0.14774751663208008,0
1790595780.243573,GPU-7d708c42-8d4a-16d5-0746-474567157aa3,92.0,563.0,417.91,2422.0,0.14286375045776367,0
1790595781.2437346,GPU-7d708c42-8d4a-16d5-0746-474567157aa3,91.0,563.0,409.57,2422.0,0.13036346435546875,0
1790595782.243818,GPU-7d708c42-8d4a-16d5-0746-474567157aa3,92.0,563.0,429.38,2422.0,0.14091801643371582,0
1790595783.2439404,GPU-7d708c42-8d4a-16d5-0746-474567157aa3,93.0,563.0,420.12,2422.0,0.13660955429077148,0
1790595784.2440772,GPU-7d708c42-8d4a-16d5-0746-474567157aa3,92.0,563.0,419.58,2422.0,0.13437223434448242,0
1790595785.2441688,GPU-7d708c42-8d4a-16d5-0746-474567157aa3,93.0,563.0,416.64,2422.0,0.1342024803161621,0
1790595786.244299,GPU-7d708c42-8d4a-16d5-0746-474567157aa3,92.0,563.0,413.98,2422.0,0.1410684585571289,0
1790595787.2443855,GPU-7d708c42-8d4a-16d5-0746-474567157aa3,92.0,563.0,426.22,2422.0,0.14032268524169922,0
1790595788.2445107,GPU-7d708c42-8d4a-16d5-0746-474567157aa3,91.0,563.0,422.68,2422.0,0.1322932243347168,0
1790595789.2446153,GPU-7d708c42-8d4a-16d5-0746-474567157aa3,92.0,563.0,414.66,2422.0,0.14264416694641113,0
1790595790.2447042,GPU-7d708c42-8d4a-16d5-0746-474567157aa3,92.0,563.0,420.68,2422.0,0.1300668716430664,0
1790595791.244804,GPU-7d708c42-8d4a-16d5-0746-474567157aa3,92.0,563.0,424.68,2422.0,0.13495135307312012,0
1790595792.2449112,GPU-7d708c42-8d4a-16d5-0746-474567157aa3,90.0,563.0,422.14,2422.0,0.14075517654418945,0
1790595793.245115,GPU-7d708c42-8d4a-16d5-0746-474567157aa3,93.0,563.0,422.34,2422.0,0.14088916778564453,0
1790595794.2452552,GPU-7d708c42-8d4a-16d5-0746-474567157aa3,92.0,563.0,420.54,2422.0,0.13945817947387695,0
1790595795.2454,GPU-7d708c42-8d4a-16d5-0746-474567157aa3,91.0,563.0,424.35,2422.0,0.13615679740905762,0
1790595796.245525,GPU-7d708c42-8d4a-16d5-0746-474567157aa3,92.0,563.0,426.23,2422.0,0.14162015914916992,0
1790595797.245647,GPU-7d708c42-8d4a-16d5-0746-474567157aa3,93.0,563.0,425.1,2422.0,0.13060736656188965,0
1790595798.2457402,GPU-7d708c42-8d4a-16d5-0746-474567157aa3,90.0,563.0,425.39,2422.0,0.13812637329101562,0
1790595799.2459257,GPU-7d708c42-8d4a-16d5-0746-474567157aa3,92.0,563.0,418.46,2422.0,0.13014531135559082,0
1790595800.2460294,GPU-7d708c42-8d4a-16d5-0746-474567157aa3,93.0,563.0,426.01,2422.0,0.12753891944885254,0
1790595801.2461338,GPU-7d708c42-8d4a-16d5-0746-474567157aa3,93.0,563.0,433.17,2422.0,0.1312274932861328,0
1790595802.2462409,GPU-7d708c42-8d4a-16d5-0746-474567157aa3,93.0,563.0,434.75,2422.0,0.12073779106140137,0
1790595803.2463424,GPU-7d708c42-8d4a-16d5-0746-474567157aa3,92.0,563.0,424.98,2422.0,0.13471460342407227,0
1790595804.2464292,GPU-7d708c42-8d4a-16d5-0746-474567157aa3,92.0,563.0,432.76,2422.0,0.10631823539733887,0
1790595805.2465093,GPU-7d708c42-8d4a-16d5-0746-474567157aa3,91.0,563.0,425.07,2422.0,0.19221186637878418,0
1790595806.246614,GPU-7d708c42-8d4a-16d5-0746-474567157aa3,91.0,563.0,421.25,2422.0,0.1299300193786621,0
1790595807.246716,GPU-7d708c42-8d4a-16d5-0746-474567157aa3,93.0,563.0,423.42,2422.0,0.12807464599609375,0
1790595808.2468626,GPU-7d708c42-8d4a-16d5-0746-474567157aa3,92.0,563.0,418.41,2422.0,0.12994861602783203,0
1790595809.2469652,GPU-7d708c42-8d4a-16d5-0746-474567157aa3,90.0,563.0,429.46,2422.0,0.12103486061096191,0
1790595810.2470412,GPU-7d708c42-8d4a-16d5-0746-474567157aa3,93.0,563.0,424.97,2422.0,0.15347719192504883,0
1790595811.2471225,GPU-7d708c42-8d4a-16d5-0746-474567157aa3,92.0,563.0,429.96,2422.0,0.12798523902893066,0
1790595812.2472034,GPU-7d708c42-8d4a-16d5-0746-474567157aa3,91.0,563.0,426.59,2422.0,0.12689781188964844,0
1790595813.2473044,GPU-7d708c42-8d4a-16d5-0746-474567157aa3,92.0,563.0,433.35,2422.0,0.12336897850036621,0
1790595814.2474082,GPU-7d708c42-8d4a-16d5-0746-474567157aa3,93.0,563.0,424.52,2422.0,0.12717509269714355,0
1790595815.2475147,GPU-7d708c42-8d4a-16d5-0746-474567157aa3,91.0,563.0,434.84,2422.0,0.17068719863891602,0
1790595816.247731,GPU-7d708c42-8d4a-16d5-0746-474567157aa3,92.0,563.0,427.29,2422.0,0.1340351104736328,0
1790595817.2478411,GPU-7d708c42-8d4a-16d5-0746-474567157aa3,93.0,563.0,430.49,2422.0,0.1284167766571045,0
1790595818.2479765,GPU-7d708c42-8d4a-16d5-0746-474567157aa3,92.0,563.0,423.23,2422.0,0.12150382995605469,0
1790595819.2480714,GPU-7d708c42-8d4a-16d5-0746-474567157aa3,92.0,563.0,436.63,2422.0,0.12952303886413574,0
1790595820.2481935,GPU-7d708c42-8d4a-16d5-0746-474567157aa3,93.0,563.0,426.42,2422.0,0.15114831924438477,0
1790595821.2482998,GPU-7d708c42-8d4a-16d5-0746-474567157aa3,92.0,563.0,430.83,2422.0,0.11983799934387207,0
1790595822.2484908,GPU-7d708c42-8d4a-16d5-0746-474567157aa3,93.0,563.0,422.58,2422.0,0.12541556358337402,0
1790595823.2485964,GPU-7d708c42-8d4a-16d5-0746-474567157aa3,93.0,563.0,426.67,2422.0,0.12849807739257812,0
1790595824.2487736,GPU-7d708c42-8d4a-16d5-0746-474567157aa3,90.0,563.0,428.11,2422.0,0.13178658485412598,0
1790595825.2488797,GPU-7d708c42-8d4a-16d5-0746-474567157aa3,92.0,563.0,428.69,2422.0,0.13074159622192383,0
1790595826.249064,GPU-7d708c42-8d4a-16d5-0746-474567157aa3,92.0,563.0,429.57,2422.0,0.1306610107421875,0
1790595827.249172,GPU-7d708c42-8d4a-16d5-0746-474567157aa3,92.0,563.0,419.9,2422.0,0.1220405101776123,0
1790595828.2492783,GPU-7d708c42-8d4a-16d5-0746-474567157aa3,93.0,563.0,432.66,2422.0,0.12909603118896484,0
1790595829.2493558,GPU-7d708c42-8d4a-16d5-0746-474567157aa3,93.0,563.0,427.93,2422.0,0.1330709457397461,0
1790595830.2494643,GPU-7d708c42-8d4a-16d5-0746-474567157aa3,91.0,563.0,428.33,2422.0,0.17603254318237305,0
1790595831.2495751,GPU-7d708c42-8d4a-16d5-0746-474567157aa3,92.0,563.0,420.89,2422.0,0.15419387817382812,0
1790595832.2497196,GPU-7d708c42-8d4a-16d5-0746-474567157aa3,95.0,563.0,429.26,2422.0,0.15491008758544922,0
1790595833.2498245,GPU-7d708c42-8d4a-16d5-0746-474567157aa3,92.0,563.0,427.65,2422.0,0.12874627113342285,0
1790595834.2499301,GPU-7d708c42-8d4a-16d5-0746-474567157aa3,92.0,563.0,422.25,2422.0,0.12714123725891113,0
1790595835.2500358,GPU-7d708c42-8d4a-16d5-0746-474567157aa3,90.0,563.0,427.25,2422.0,0.12883448600769043,0
1790595836.250143,GPU-7d708c42-8d4a-16d5-0746-474567157aa3,93.0,563.0,421.85,2422.0,0.13002967834472656,0
1790595837.250224,GPU-7d708c42-8d4a-16d5-0746-474567157aa3,90.0,563.0,432.11,2422.0,0.13104844093322754,0
1790595838.2503304,GPU-7d708c42-8d4a-16d5-0746-474567157aa3,92.0,563.0,425.51,2422.0,0.13275456428527832,0
1790595839.2504447,GPU-7d708c42-8d4a-16d5-0746-474567157aa3,90.0,563.0,429.26,2422.0,0.12716102600097656,0
1790595840.2505512,GPU-7d708c42-8d4a-16d5-0746-474567157aa3,91.0,563.0,431.32,2422.0,0.13224577903747559,0
1790595841.2506573,GPU-7d708c42-8d4a-16d5-0746-474567157aa3,92.0,563.0,429.5,2422.0,0.13486623764038086,0
1790595842.2507644,GPU-7d708c42-8d4a-16d5-0746-474567157aa3,91.0,563.0,423.82,2422.0,0.1280362606048584,0
1790595843.2508895,GPU-7d708c42-8d4a-16d5-0746-474567157aa3,0.0,0.0,248.51,2422.0,0.14446306228637695,0
1790595844.2510688,GPU-7d708c42-8d4a-16d5-0746-474567157aa3,0.0,0.0,92.81,2422.0,0.13700413703918457,0
1790595845.2512176,GPU-7d708c42-8d4a-16d5-0746-474567157aa3,0.0,0.0,39.6,667.0,0.14834856986999512,0
1790595846.2512977,GPU-7d708c42-8d4a-16d5-0746-474567157aa3,0.0,0.0,39.11,292.0,0.13704752922058105,0
1790595847.251433,GPU-7d708c42-8d4a-16d5-0746-474567157aa3,0.0,0.0,38.13,180.0,0.14501690864562988,0
1790595848.2516193,GPU-7d708c42-8d4a-16d5-0746-474567157aa3,0.0,0.0,38.87,180.0,0.13690876960754395,0
1790595920.2610044,GPU-7d708c42-8d4a-16d5-0746-474567157aa3,1.0,563.0,92.99,2295.0,0.13972973823547363,0
1790595921.2611248,GPU-7d708c42-8d4a-16d5-0746-474567157aa3,1.0,563.0,92.79,2295.0,0.14743304252624512,0
1790595922.2613153,GPU-7d708c42-8d4a-16d5-0746-474567157aa3,1.0,563.0,92.58,2295.0,0.14003419876098633,0
1790595923.2614553,GPU-7d708c42-8d4a-16d5-0746-474567157aa3,1.0,563.0,92.89,2295.0,0.12385773658752441,0
1790595924.2615738,GPU-7d708c42-8d4a-16d5-0746-474567157aa3,1.0,563.0,92.46,2295.0,0.13671183586120605,0
1790595925.2617311,GPU-7d708c42-8d4a-16d5-0746-474567157aa3,1.0,563.0,92.66,2295.0,0.13872528076171875,0
1790595926.2618515,GPU-7d708c42-8d4a-16d5-0746-474567157aa3,1.0,563.0,93.73,2295.0,0.1406106948852539,0
1790595927.2620173,GPU-7d708c42-8d4a-16d5-0746-474567157aa3,1.0,563.0,92.31,2295.0,0.13839387893676758,0
1790595928.2621114,GPU-7d708c42-8d4a-16d5-0746-474567157aa3,1.0,563.0,93.16,2295.0,0.13604331016540527,0
1790595929.2622333,GPU-7d708c42-8d4a-16d5-0746-474567157aa3,1.0,563.0,92.83,2295.0,0.14142227172851562,0
1790595930.2623272,GPU-7d708c42-8d4a-16d5-0746-474567157aa3,1.0,563.0,92.53,2295.0,0.14331603050231934,0
1790595931.262447,GPU-7d708c42-8d4a-16d5-0746-474567157aa3,1.0,563.0,92.37,2295.0,0.1370246410369873,0
1790595932.2625687,GPU-7d708c42-8d4a-16d5-0746-474567157aa3,1.0,563.0,92.2,2295.0,0.14365625381469727,0
1790595933.2627292,GPU-7d708c42-8d4a-16d5-0746-474567157aa3,1.0,563.0,92.87,2295.0,0.14170145988464355,0
1790595934.2628634,GPU-7d708c42-8d4a-16d5-0746-474567157aa3,1.0,563.0,94.25,2295.0,0.14668822288513184,0
1790595935.2629983,GPU-7d708c42-8d4a-16d5-0746-474567157aa3,1.0,563.0,92.24,2295.0,0.1387641429901123,0
1790595936.2631369,GPU-7d708c42-8d4a-16d5-0746-474567157aa3,1.0,563.0,92.29,2295.0,0.13879060745239258,0
1790595937.2632942,GPU-7d708c42-8d4a-16d5-0746-474567157aa3,1.0,563.0,93.6,2295.0,0.14060354232788086,0
1790595938.263431,GPU-7d708c42-8d4a-16d5-0746-474567157aa3,1.0,563.0,93.59,2295.0,0.1379098892211914,0
1790595939.2635512,GPU-7d708c42-8d4a-16d5-0746-474567157aa3,1.0,563.0,92.39,2295.0,0.14200258255004883,0
1790595940.263714,GPU-7d708c42-8d4a-16d5-0746-474567157aa3,1.0,563.0,92.59,2295.0,0.14417362213134766,0
1790595941.2638016,GPU-7d708c42-8d4a-16d5-0746-474567157aa3,1.0,563.0,91.96,2295.0,0.1281273365020752,0
1790595942.2638886,GPU-7d708c42-8d4a-16d5-0746-474567157aa3,1.0,563.0,92.94,2295.0,0.14533662796020508,0
1790595943.264,GPU-7d708c42-8d4a-16d5-0746-474567157aa3,1.0,563.0,92.39,2295.0,0.142195463180542,0
1790595944.2641156,GPU-7d708c42-8d4a-16d5-0746-474567157aa3,1.0,563.0,92.76,2295.0,0.13819551467895508,0
1790595945.2642236,GPU-7d708c42-8d4a-16d5-0746-474567157aa3,1.0,563.0,92.51,2295.0,0.14052391052246094,0
1790595946.2643185,GPU-7d708c42-8d4a-16d5-0746-474567157aa3,1.0,563.0,92.49,2295.0,0.14100432395935059,0
1790595947.2644107,GPU-7d708c42-8d4a-16d5-0746-474567157aa3,1.0,563.0,92.5,2295.0,0.14259123802185059,0
1790595948.2646122,GPU-7d708c42-8d4a-16d5-0746-474567157aa3,1.0,563.0,93.24,2295.0,0.14653539657592773,0
1790595949.2647388,GPU-7d708c42-8d4a-16d5-0746-474567157aa3,1.0,563.0,92.21,2295.0,0.14071249961853027,0
1790595950.264863,GPU-7d708c42-8d4a-16d5-0746-474567157aa3,1.0,563.0,92.49,2295.0,0.13808250427246094,0
1790595951.2650187,GPU-7d708c42-8d4a-16d5-0746-474567157aa3,1.0,563.0,92.84,2295.0,0.13872909545898438,0
1790595952.265163,GPU-7d708c42-8d4a-16d5-0746-474567157aa3,1.0,563.0,92.83,2295.0,0.14486479759216309,0
1790595953.2652829,GPU-7d708c42-8d4a-16d5-0746-474567157aa3,1.0,563.0,92.31,2295.0,0.14022564888000488,0
1790595954.2654755,GPU-7d708c42-8d4a-16d5-0746-474567157aa3,1.0,563.0,92.68,2295.0,0.13841843605041504,0
1790595955.2656,GPU-7d708c42-8d4a-16d5-0746-474567157aa3,1.0,563.0,92.75,2295.0,0.14709854125976562,0
1790595956.265725,GPU-7d708c42-8d4a-16d5-0746-474567157aa3,1.0,563.0,92.14,2295.0,0.14440464973449707,0
1790595957.2658482,GPU-7d708c42-8d4a-16d5-0746-474567157aa3,1.0,563.0,92.26,2295.0,0.14246726036071777,0
1790595958.2660728,GPU-7d708c42-8d4a-16d5-0746-474567157aa3,1.0,563.0,92.29,2295.0,0.1429736614227295,0
1790595959.2662163,GPU-7d708c42-8d4a-16d5-0746-474567157aa3,1.0,563.0,92.88,2295.0,0.15742206573486328,0
1790595960.2664156,GPU-7d708c42-8d4a-16d5-0746-474567157aa3,1.0,563.0,92.14,2295.0,0.139909029006958,0
1790595961.2665129,GPU-7d708c42-8d4a-16d5-0746-474567157aa3,1.0,563.0,92.4,2295.0,0.14095830917358398,0
1790595962.2666066,GPU-7d708c42-8d4a-16d5-0746-474567157aa3,1.0,563.0,92.73,2295.0,0.1359875202178955,0
1790595963.2667298,GPU-7d708c42-8d4a-16d5-0746-474567157aa3,1.0,563.0,92.15,2295.0,0.13819670677185059,0
1790595964.2668483,GPU-7d708c42-8d4a-16d5-0746-474567157aa3,1.0,563.0,92.35,2295.0,0.13519668579101562,0
1790595965.26697,GPU-7d708c42-8d4a-16d5-0746-474567157aa3,1.0,563.0,92.42,2295.0,0.13809800148010254,0
1790595966.2670987,GPU-7d708c42-8d4a-16d5-0746-474567157aa3,1.0,563.0,92.0,2295.0,0.1408400535583496,0
1790595967.267221,GPU-7d708c42-8d4a-16d5-0746-474567157aa3,1.0,563.0,91.94,2295.0,0.13120317459106445,0
1790595968.2673414,GPU-7d708c42-8d4a-16d5-0746-474567157aa3,1.0,563.0,92.17,2295.0,0.1425018310546875,0
1790595969.2674649,GPU-7d708c42-8d4a-16d5-0746-474567157aa3,1.0,563.0,92.92,2295.0,0.14339327812194824,0
1790595970.2675855,GPU-7d708c42-8d4a-16d5-0746-474567157aa3,1.0,563.0,92.28,2295.0,0.1458132266998291,0
1790595971.2677295,GPU-7d708c42-8d4a-16d5-0746-474567157aa3,1.0,563.0,92.1,2295.0,0.12712812423706055,0
1790595972.2678351,GPU-7d708c42-8d4a-16d5-0746-474567157aa3,1.0,563.0,92.96,2295.0,0.14717435836791992,0
1790595973.2679625,GPU-7d708c42-8d4a-16d5-0746-474567157aa3,1.0,563.0,92.51,2295.0,0.14629554748535156,0
1790595974.268085,GPU-7d708c42-8d4a-16d5-0746-474567157aa3,1.0,563.0,92.19,2295.0,0.13672327995300293,0
1790595975.2682068,GPU-7d708c42-8d4a-16d5-0746-474567157aa3,1.0,563.0,92.79,2295.0,0.13651680946350098,0
1790595976.2683234,GPU-7d708c42-8d4a-16d5-0746-474567157aa3,1.0,563.0,92.63,2295.0,0.13110852241516113,0
1790595977.2684488,GPU-7d708c42-8d4a-16d5-0746-474567157aa3,1.0,563.0,92.21,2295.0,0.14481830596923828,0
1790595978.26857,GPU-7d708c42-8d4a-16d5-0746-474567157aa3,1.0,563.0,92.96,2295.0,0.13814616203308105,0
1790595979.26874,GPU-7d708c42-8d4a-16d5-0746-474567157aa3,1.0,563.0,91.8,2295.0,0.13161396980285645,0
1790595980.2688603,GPU-7d708c42-8d4a-16d5-0746-474567157aa3,1.0,563.0,91.84,2295.0,0.14380574226379395,0
1790595981.2690027,GPU-7d708c42-8d4a-16d5-0746-474567157aa3,1.0,563.0,92.56,2295.0,0.1428978443145752,0
1790595982.2691267,GPU-7d708c42-8d4a-16d5-0746-474567157aa3,1.0,563.0,91.84,2295.0,0.1332399845123291,0
1790595983.2692442,GPU-7d708c42-8d4a-16d5-0746-474567157aa3,1.0,563.0,93.29,2295.0,0.1420283317565918,0
1790595984.2693658,GPU-7d708c42-8d4a-16d5-0746-474567157aa3,1.0,563.0,92.14,2295.0,0.14401793479919434,0
1790595985.2694538,GPU-7d708c42-8d4a-16d5-0746-474567157aa3,1.0,563.0,91.96,2295.0,0.13589119911193848,0
1790595986.269544,GPU-7d708c42-8d4a-16d5-0746-474567157aa3,0.0,0.0,91.38,2295.0,0.14377570152282715,0
1790595987.269669,GPU-7d708c42-8d4a-16d5-0746-474567157aa3,0.0,0.0,91.04,2295.0,0.14729881286621094,0
1790595988.2698967,GPU-7d708c42-8d4a-16d5-0746-474567157aa3,0.0,0.0,37.55,1987.0,0.15314841270446777,0
1790595989.2700002,GPU-7d708c42-8d4a-16d5-0746-474567157aa3,0.0,0.0,37.55,307.0,0.14995837211608887,0
1790596061.2793977,GPU-7d708c42-8d4a-16d5-0746-474567157aa3,1.0,563.0,90.78,2295.0,0.13212180137634277,0
1790596062.2795298,GPU-7d708c42-8d4a-16d5-0746-474567157aa3,1.0,563.0,91.71,2295.0,0.14884591102600098,0
1790596063.2796538,GPU-7d708c42-8d4a-16d5-0746-474567157aa3,1.0,563.0,91.11,2295.0,0.1469864845275879,0
1790596064.2797768,GPU-7d708c42-8d4a-16d5-0746-474567157aa3,1.0,563.0,90.82,2295.0,0.14554119110107422,0
1790596065.2799292,GPU-7d708c42-8d4a-16d5-0746-474567157aa3,1.0,563.0,91.36,2295.0,0.1473522186279297,0
1790596066.2800522,GPU-7d708c42-8d4a-16d5-0746-474567157aa3,1.0,563.0,91.27,2295.0,0.13045859336853027,0
1790596067.2801697,GPU-7d708c42-8d4a-16d5-0746-474567157aa3,1.0,563.0,91.58,2295.0,0.14702439308166504,0
1790596068.2802882,GPU-7d708c42-8d4a-16d5-0746-474567157aa3,1.0,563.0,91.44,2295.0,0.13967370986938477,0
1790596069.2804096,GPU-7d708c42-8d4a-16d5-0746-474567157aa3,1.0,563.0,91.43,2295.0,0.14093875885009766,0
1790596070.2805312,GPU-7d708c42-8d4a-16d5-0746-474567157aa3,1.0,563.0,91.35,2295.0,0.140608549118042,0
1790596071.28065,GPU-7d708c42-8d4a-16d5-0746-474567157aa3,1.0,563.0,91.07,2295.0,0.13314604759216309,0
1790596072.2807724,GPU-7d708c42-8d4a-16d5-0746-474567157aa3,1.0,563.0,91.18,2295.0,0.14104747772216797,0
1790596073.280921,GPU-7d708c42-8d4a-16d5-0746-474567157aa3,1.0,563.0,91.08,2295.0,0.14215898513793945,0
1790596074.2810447,GPU-7d708c42-8d4a-16d5-0746-474567157aa3,1.0,563.0,91.27,2295.0,0.1433873176574707,0
1790596075.281179,GPU-7d708c42-8d4a-16d5-0746-474567157aa3,1.0,563.0,91.11,2295.0,0.1395711898803711,0
1790596076.2813017,GPU-7d708c42-8d4a-16d5-0746-474567157aa3,1.0,563.0,91.09,2295.0,0.14328551292419434,0
1790596077.2813902,GPU-7d708c42-8d4a-16d5-0746-474567157aa3,1.0,563.0,90.78,2295.0,0.13340234756469727,0
1790596078.2815166,GPU-7d708c42-8d4a-16d5-0746-474567157aa3,1.0,563.0,91.23,2295.0,0.14892578125,0
1790596079.2816408,GPU-7d708c42-8d4a-16d5-0746-474567157aa3,1.0,563.0,91.07,2295.0,0.1406078338623047,0
1790596080.28178,GPU-7d708c42-8d4a-16d5-0746-474567157aa3,1.0,563.0,91.08,2295.0,0.13983678817749023,0
1790596081.2819045,GPU-7d708c42-8d4a-16d5-0746-474567157aa3,1.0,563.0,91.76,2295.0,0.14164423942565918,0
1790596082.2820137,GPU-7d708c42-8d4a-16d5-0746-474567157aa3,1.0,563.0,91.62,2295.0,0.1493237018585205,0
1790596083.2821407,GPU-7d708c42-8d4a-16d5-0746-474567157aa3,1.0,563.0,91.14,2295.0,0.13831853866577148,0
1790596084.2822454,GPU-7d708c42-8d4a-16d5-0746-474567157aa3,1.0,563.0,91.47,2295.0,0.13882088661193848,0
1790596085.2823682,GPU-7d708c42-8d4a-16d5-0746-474567157aa3,1.0,563.0,91.53,2295.0,0.14458703994750977,0
1790596086.2824583,GPU-7d708c42-8d4a-16d5-0746-474567157aa3,1.0,563.0,91.16,2295.0,0.1438744068145752,0
1790596087.2825835,GPU-7d708c42-8d4a-16d5-0746-474567157aa3,1.0,563.0,91.81,2295.0,0.14204096794128418,0
1790596088.2827122,GPU-7d708c42-8d4a-16d5-0746-474567157aa3,1.0,563.0,91.71,2295.0,0.15031862258911133,0
1790596089.2828007,GPU-7d708c42-8d4a-16d5-0746-474567157aa3,1.0,563.0,91.4,2295.0,0.14436721801757812,0
1790596090.2829335,GPU-7d708c42-8d4a-16d5-0746-474567157aa3,1.0,563.0,91.98,2295.0,0.1447281837463379,0
1790596091.2831352,GPU-7d708c42-8d4a-16d5-0746-474567157aa3,1.0,563.0,91.09,2295.0,0.1424849033355713,0
1790596092.2832422,GPU-7d708c42-8d4a-16d5-0746-474567157aa3,1.0,563.0,91.2,2295.0,0.14519190788269043,0
1790596093.283361,GPU-7d708c42-8d4a-16d5-0746-474567157aa3,1.0,563.0,90.95,2295.0,0.14612126350402832,0
1790596094.283504,GPU-7d708c42-8d4a-16d5-0746-474567157aa3,1.0,563.0,91.08,2295.0,0.14244890213012695,0
1790596095.2836275,GPU-7d708c42-8d4a-16d5-0746-474567157aa3,1.0,563.0,90.86,2295.0,0.14371466636657715,0
1790596096.2837462,GPU-7d708c42-8d4a-16d5-0746-474567157aa3,1.0,563.0,90.83,2295.0,0.14739251136779785,0
1790596097.2838695,GPU-7d708c42-8d4a-16d5-0746-474567157aa3,1.0,563.0,91.22,2295.0,0.14353656768798828,0
1790596098.2839923,GPU-7d708c42-8d4a-16d5-0746-474567157aa3,1.0,563.0,91.07,2295.0,0.14740753173828125,0
1790596099.284111,GPU-7d708c42-8d4a-16d5-0746-474567157aa3,1.0,563.0,91.62,2295.0,0.14217758178710938,0
1790596100.2842333,GPU-7d708c42-8d4a-16d5-0746-474567157aa3,1.0,563.0,91.54,2295.0,0.15023326873779297,0
1790596101.2843568,GPU-7d708c42-8d4a-16d5-0746-474567157aa3,1.0,563.0,91.12,2295.0,0.1493973731994629,0
1790596102.284479,GPU-7d708c42-8d4a-16d5-0746-474567157aa3,1.0,563.0,91.67,2295.0,0.14472341537475586,0
1790596103.2845995,GPU-7d708c42-8d4a-16d5-0746-474567157aa3,1.0,563.0,92.25,2295.0,0.14130926132202148,0
1790596104.2847245,GPU-7d708c42-8d4a-16d5-0746-474567157aa3,1.0,563.0,91.65,2295.0,0.13941717147827148,0
1790596105.2848241,GPU-7d708c42-8d4a-16d5-0746-474567157aa3,1.0,563.0,91.27,2295.0,0.16872000694274902,0
1790596106.2849064,GPU-7d708c42-8d4a-16d5-0746-474567157aa3,1.0,563.0,91.22,2295.0,0.14929842948913574,0
1790596107.2850318,GPU-7d708c42-8d4a-16d5-0746-474567157aa3,1.0,563.0,91.27,2295.0,0.14704632759094238,0
1790596108.285123,GPU-7d708c42-8d4a-16d5-0746-474567157aa3,1.0,563.0,90.82,2295.0,0.14201712608337402,0
1790596109.2852163,GPU-7d708c42-8d4a-16d5-0746-474567157aa3,1.0,563.0,90.82,2295.0,0.13929533958435059,0
1790596110.2853365,GPU-7d708c42-8d4a-16d5-0746-474567157aa3,1.0,563.0,91.11,2295.0,0.14770889282226562,0
1790596111.285537,GPU-7d708c42-8d4a-16d5-0746-474567157aa3,1.0,563.0,92.03,2295.0,0.13237476348876953,0
1790596112.2856283,GPU-7d708c42-8d4a-16d5-0746-474567157aa3,1.0,563.0,91.71,2295.0,0.13730525970458984,0
1790596113.2857993,GPU-7d708c42-8d4a-16d5-0746-474567157aa3,1.0,563.0,91.22,2295.0,0.1459507942199707,0
1790596114.2859216,GPU-7d708c42-8d4a-16d5-0746-474567157aa3,1.0,563.0,91.5,2295.0,0.14654803276062012,0
1790596115.2860253,GPU-7d708c42-8d4a-16d5-0746-474567157aa3,1.0,563.0,91.27,2295.0,0.1509239673614502,0
1790596116.2861474,GPU-7d708c42-8d4a-16d5-0746-474567157aa3,1.0,563.0,91.27,2295.0,0.13581037521362305,0
1790596117.2862368,GPU-7d708c42-8d4a-16d5-0746-474567157aa3,1.0,563.0,91.94,2295.0,0.14427685737609863,0
1790596118.2863595,GPU-7d708c42-8d4a-16d5-0746-474567157aa3,1.0,563.0,91.71,2295.0,0.13301873207092285,0
1790596119.2864563,GPU-7d708c42-8d4a-16d5-0746-474567157aa3,1.0,563.0,91.71,2295.0,0.14753079414367676,0
1790596120.2865806,GPU-7d708c42-8d4a-16d5-0746-474567157aa3,1.0,563.0,92.29,2295.0,0.15076684951782227,0
1790596121.2866685,GPU-7d708c42-8d4a-16d5-0746-474567157aa3,1.0,563.0,91.36,2295.0,0.14319753646850586,0
1790596122.2867906,GPU-7d708c42-8d4a-16d5-0746-474567157aa3,1.0,563.0,91.6,2295.0,0.14820528030395508,0
1790596123.2869155,GPU-7d708c42-8d4a-16d5-0746-474567157aa3,1.0,563.0,91.18,2295.0,0.14731073379516602,0
1790596124.287006,GPU-7d708c42-8d4a-16d5-0746-474567157aa3,1.0,563.0,91.46,2295.0,0.12895488739013672,0
1790596125.2871253,GPU-7d708c42-8d4a-16d5-0746-474567157aa3,1.0,563.0,91.45,2295.0,0.143294095993042,0
1790596126.2872024,GPU-7d708c42-8d4a-16d5-0746-474567157aa3,1.0,0.0,91.0,2302.0,0.14401912689208984,0
1790596127.2873383,GPU-7d708c42-8d4a-16d5-0746-474567157aa3,0.0,0.0,88.63,2302.0,0.1441359519958496,0
1790596128.2874386,GPU-7d708c42-8d4a-16d5-0746-474567157aa3,0.0,0.0,36.57,352.0,0.15541577339172363,0
1790596129.2875612,GPU-7d708c42-8d4a-16d5-0746-474567157aa3,0.0,0.0,36.57,210.0,0.1505119800567627,0
1790596130.287721,GPU-7d708c42-8d4a-16d5-0746-474567157aa3,0.0,0.0,36.57,180.0,0.1524491310119629,0
1790596204.299631,GPU-7d708c42-8d4a-16d5-0746-474567157aa3,1.0,563.0,90.05,2302.0,0.13959527015686035,0
1790596205.2997525,GPU-7d708c42-8d4a-16d5-0746-474567157aa3,1.0,563.0,90.97,2295.0,0.14718127250671387,0
1790596206.2998738,GPU-7d708c42-8d4a-16d5-0746-474567157aa3,1.0,563.0,90.44,2295.0,0.1537308692932129,0
1790596207.299983,GPU-7d708c42-8d4a-16d5-0746-474567157aa3,1.0,563.0,91.32,2295.0,0.1472606658935547,0
1790596208.300106,GPU-7d708c42-8d4a-16d5-0746-474567157aa3,1.0,563.0,90.85,2295.0,0.15241670608520508,0
1790596209.300201,GPU-7d708c42-8d4a-16d5-0746-474567157aa3,1.0,563.0,91.61,2295.0,0.1495227813720703,0
1790596210.300365,GPU-7d708c42-8d4a-16d5-0746-474567157aa3,1.0,563.0,90.82,2295.0,0.1444857120513916,0
1790596211.3004534,GPU-7d708c42-8d4a-16d5-0746-474567157aa3,1.0,563.0,90.78,2295.0,0.13591480255126953,0
1790596212.3005748,GPU-7d708c42-8d4a-16d5-0746-474567157aa3,1.0,563.0,90.2,2295.0,0.1504807472229004,0
1790596213.300719,GPU-7d708c42-8d4a-16d5-0746-474567157aa3,1.0,563.0,90.74,2295.0,0.14812445640563965,0
1790596214.300843,GPU-7d708c42-8d4a-16d5-0746-474567157aa3,1.0,563.0,90.72,2295.0,0.14522457122802734,0
1790596215.3009343,GPU-7d708c42-8d4a-16d5-0746-474567157aa3,1.0,563.0,90.33,2295.0,0.1345233917236328,0
1790596216.3010547,GPU-7d708c42-8d4a-16d5-0746-474567157aa3,1.0,563.0,90.88,2295.0,0.14448928833007812,0
1790596217.3011796,GPU-7d708c42-8d4a-16d5-0746-474567157aa3,1.0,563.0,90.11,2295.0,0.15353727340698242,0
1790596218.3014426,GPU-7d708c42-8d4a-16d5-0746-474567157aa3,1.0,563.0,90.54,2295.0,0.14825963973999023,0
1790596219.301639,GPU-7d708c42-8d4a-16d5-0746-474567157aa3,1.0,563.0,91.01,2295.0,0.14252567291259766,0
1790596220.3017597,GPU-7d708c42-8d4a-16d5-0746-474567157aa3,1.0,563.0,91.03,2295.0,0.1500072479248047,0
1790596221.3018818,GPU-7d708c42-8d4a-16d5-0746-474567157aa3,1.0,563.0,90.77,2295.0,0.1502997875213623,0
1790596222.3020177,GPU-7d708c42-8d4a-16d5-0746-474567157aa3,1.0,563.0,90.25,2295.0,0.1456747055053711,0
1790596223.3021545,GPU-7d708c42-8d4a-16d5-0746-474567157aa3,1.0,563.0,91.0,2295.0,0.14354634284973145,0
1790596224.3022761,GPU-7d708c42-8d4a-16d5-0746-474567157aa3,1.0,563.0,91.04,2295.0,0.14294004440307617,0
1790596225.3024015,GPU-7d708c42-8d4a-16d5-0746-474567157aa3,1.0,563.0,90.54,2295.0,0.1460254192352295,0
1790596226.3025255,GPU-7d708c42-8d4a-16d5-0746-474567157aa3,1.0,563.0,90.79,2295.0,0.14570283889770508,0
1790596227.3026123,GPU-7d708c42-8d4a-16d5-0746-474567157aa3,1.0,563.0,90.47,2295.0,0.15136122703552246,0
1790596228.3027377,GPU-7d708c42-8d4a-16d5-0746-474567157aa3,1.0,563.0,91.08,2295.0,0.14519286155700684,0
1790596229.3028455,GPU-7d708c42-8d4a-16d5-0746-474567157aa3,1.0,563.0,91.22,2295.0,0.1464853286743164,0
1790596230.3029716,GPU-7d708c42-8d4a-16d5-0746-474567157aa3,1.0,563.0,91.02,2295.0,0.14717769622802734,0
1790596231.3030944,GPU-7d708c42-8d4a-16d5-0746-474567157aa3,1.0,563.0,91.21,2295.0,0.15395832061767578,0
1790596232.3032186,GPU-7d708c42-8d4a-16d5-0746-474567157aa3,1.0,563.0,91.27,2295.0,0.147078275680542,0
1790596233.303338,GPU-7d708c42-8d4a-16d5-0746-474567157aa3,1.0,563.0,90.73,2295.0,0.14982342720031738,0
1790596234.3034663,GPU-7d708c42-8d4a-16d5-0746-474567157aa3,1.0,563.0,90.74,2295.0,0.14802217483520508,0
1790596235.3035903,GPU-7d708c42-8d4a-16d5-0746-474567157aa3,1.0,563.0,90.78,2295.0,0.15498900413513184,0
1790596236.303752,GPU-7d708c42-8d4a-16d5-0746-474567157aa3,1.0,563.0,90.83,2295.0,0.15104389190673828,0
1790596237.3038654,GPU-7d708c42-8d4a-16d5-0746-474567157aa3,1.0,563.0,91.1,2295.0,0.13900423049926758,0
1790596238.3040798,GPU-7d708c42-8d4a-16d5-0746-474567157aa3,1.0,563.0,90.87,2295.0,0.15095877647399902,0
1790596239.3042002,GPU-7d708c42-8d4a-16d5-0746-474567157aa3,1.0,563.0,90.58,2295.0,0.1474618911743164,0
1790596240.3043225,GPU-7d708c42-8d4a-16d5-0746-474567157aa3,1.0,563.0,90.74,2295.0,0.14773058891296387,0
1790596241.304442,GPU-7d708c42-8d4a-16d5-0746-474567157aa3,1.0,563.0,90.96,2295.0,0.15002751350402832,0
1790596242.3045664,GPU-7d708c42-8d4a-16d5-0746-474567157aa3,1.0,563.0,91.27,2295.0,0.14812183380126953,0
1790596243.3047352,GPU-7d708c42-8d4a-16d5-0746-474567157aa3,1.0,563.0,90.44,2295.0,0.1369316577911377,0
1790596244.3048763,GPU-7d708c42-8d4a-16d5-0746-474567157aa3,1.0,563.0,91.07,2295.0,0.1459496021270752,0
1790596245.3050117,GPU-7d708c42-8d4a-16d5-0746-474567157aa3,1.0,563.0,91.22,2295.0,0.14117908477783203,0
1790596246.3051174,GPU-7d708c42-8d4a-16d5-0746-474567157aa3,1.0,563.0,90.97,2295.0,0.1580350399017334,0
1790596247.30532,GPU-7d708c42-8d4a-16d5-0746-474567157aa3,1.0,563.0,91.09,2295.0,0.13121724128723145,0
1790596248.3054392,GPU-7d708c42-8d4a-16d5-0746-474567157aa3,1.0,563.0,91.36,2295.0,0.14704394340515137,0
1790596249.3055634,GPU-7d708c42-8d4a-16d5-0746-474567157aa3,1.0,563.0,91.02,2295.0,0.1483142375946045,0
1790596250.3057275,GPU-7d708c42-8d4a-16d5-0746-474567157aa3,1.0,563.0,91.18,2295.0,0.15014910697937012,0
1790596251.305837,GPU-7d708c42-8d4a-16d5-0746-474567157aa3,1.0,563.0,90.56,2295.0,0.13219833374023438,0
1790596252.3059564,GPU-7d708c42-8d4a-16d5-0746-474567157aa3,1.0,563.0,90.87,2295.0,0.14958858489990234,0
1790596253.3060846,GPU-7d708c42-8d4a-16d5-0746-474567157aa3,1.0,563.0,91.51,2295.0,0.1451890468597412,0
1790596254.3062084,GPU-7d708c42-8d4a-16d5-0746-474567157aa3,1.0,563.0,91.61,2295.0,0.14858555793762207,0
1790596255.3063316,GPU-7d708c42-8d4a-16d5-0746-474567157aa3,1.0,563.0,90.87,2295.0,0.1501765251159668,0
1790596256.306453,GPU-7d708c42-8d4a-16d5-0746-474567157aa3,1.0,563.0,90.78,2295.0,0.15161538124084473,0
1790596257.3066058,GPU-7d708c42-8d4a-16d5-0746-474567157aa3,1.0,563.0,90.78,2295.0,0.14796137809753418,0
1790596258.3067293,GPU-7d708c42-8d4a-16d5-0746-474567157aa3,1.0,563.0,91.32,2295.0,0.15006041526794434,0
1790596259.3068476,GPU-7d708c42-8d4a-16d5-0746-474567157aa3,1.0,563.0,90.91,2295.0,0.1459195613861084,0
1790596260.307002,GPU-7d708c42-8d4a-16d5-0746-474567157aa3,1.0,563.0,90.78,2295.0,0.1390836238861084,0
1790596261.3071218,GPU-7d708c42-8d4a-16d5-0746-474567157aa3,1.0,563.0,91.09,2295.0,0.14927911758422852,0
1790596262.3073041,GPU-7d708c42-8d4a-16d5-0746-474567157aa3,1.0,563.0,90.78,2295.0,0.13392853736877441,0
1790596263.307422,GPU-7d708c42-8d4a-16d5-0746-474567157aa3,1.0,563.0,91.27,2295.0,0.1517651081085205,0
1790596264.3075452,GPU-7d708c42-8d4a-16d5-0746-474567157aa3,1.0,563.0,91.43,2295.0,0.14701604843139648,0
1790596265.3076692,GPU-7d708c42-8d4a-16d5-0746-474567157aa3,1.0,563.0,91.41,2295.0,0.14467406272888184,0
1790596266.3078034,GPU-7d708c42-8d4a-16d5-0746-474567157aa3,1.0,563.0,91.1,2295.0,0.1445331573486328,0
1790596267.3079333,GPU-7d708c42-8d4a-16d5-0746-474567157aa3,1.0,563.0,91.02,2295.0,0.1418447494506836,0
1790596268.308057,GPU-7d708c42-8d4a-16d5-0746-474567157aa3,1.0,563.0,90.82,2295.0,0.14696931838989258,0
1790596269.3081422,GPU-7d708c42-8d4a-16d5-0746-474567157aa3,1.0,559.0,90.2,2295.0,0.1921989917755127,0
1790596270.3082628,GPU-7d708c42-8d4a-16d5-0746-474567157aa3,0.0,0.0,88.93,2302.0,0.14486169815063477,0
1790596271.308391,GPU-7d708c42-8d4a-16d5-0746-474567157aa3,0.0,0.0,88.24,2302.0,0.16178154945373535,0
1790596272.3085148,GPU-7d708c42-8d4a-16d5-0746-474567157aa3,0.0,0.0,37.16,2077.0,0.15279507637023926,0
1790596273.3086076,GPU-7d708c42-8d4a-16d5-0746-474567157aa3,0.0,0.0,36.57,307.0,0.15374755859375,0
1790596345.3193593,GPU-7d708c42-8d4a-16d5-0746-474567157aa3,92.0,563.0,408.58,2422.0,0.15063953399658203,0
1790596346.3194668,GPU-7d708c42-8d4a-16d5-0746-474567157aa3,91.0,563.0,409.93,2422.0,0.1449747085571289,0
1790596347.3195908,GPU-7d708c42-8d4a-16d5-0746-474567157aa3,93.0,563.0,413.45,2422.0,0.14956116676330566,0
1790596348.3197155,GPU-7d708c42-8d4a-16d5-0746-474567157aa3,93.0,563.0,411.64,2422.0,0.14057016372680664,0
1790596349.3198361,GPU-7d708c42-8d4a-16d5-0746-474567157aa3,94.0,563.0,420.89,2422.0,0.13279056549072266,0
1790596350.319956,GPU-7d708c42-8d4a-16d5-0746-474567157aa3,91.0,563.0,398.91,2422.0,0.14559578895568848,0
1790596351.3200824,GPU-7d708c42-8d4a-16d5-0746-474567157aa3,91.0,563.0,425.81,2422.0,0.14763903617858887,0
1790596352.3202064,GPU-7d708c42-8d4a-16d5-0746-474567157aa3,93.0,563.0,420.84,2422.0,0.13270950317382812,0
1790596353.3203297,GPU-7d708c42-8d4a-16d5-0746-474567157aa3,91.0,563.0,413.82,2422.0,0.1526796817779541,0
1790596354.3205001,GPU-7d708c42-8d4a-16d5-0746-474567157aa3,92.0,563.0,424.72,2422.0,0.1309819221496582,0
1790596355.3206103,GPU-7d708c42-8d4a-16d5-0746-474567157aa3,92.0,563.0,423.72,2422.0,0.1365528106689453,0
1790596356.320735,GPU-7d708c42-8d4a-16d5-0746-474567157aa3,92.0,563.0,414.31,2422.0,0.12717819213867188,0
1790596357.320838,GPU-7d708c42-8d4a-16d5-0746-474567157aa3,90.0,563.0,421.17,2422.0,0.13777804374694824,0
1790596358.3209424,GPU-7d708c42-8d4a-16d5-0746-474567157aa3,92.0,563.0,421.8,2422.0,0.13933897018432617,0
1790596359.3210363,GPU-7d708c42-8d4a-16d5-0746-474567157aa3,92.0,563.0,425.67,2422.0,0.1416301727294922,0
1790596360.321123,GPU-7d708c42-8d4a-16d5-0746-474567157aa3,93.0,563.0,422.96,2422.0,0.13923192024230957,0
1790596361.3212292,GPU-7d708c42-8d4a-16d5-0746-474567157aa3,91.0,563.0,424.32,2422.0,0.13979244232177734,0
1790596362.3213897,GPU-7d708c42-8d4a-16d5-0746-474567157aa3,92.0,563.0,426.13,2422.0,0.13764119148254395,0
1790596363.3215122,GPU-7d708c42-8d4a-16d5-0746-474567157aa3,94.0,563.0,418.66,2422.0,0.14288115501403809,0
1790596364.3216193,GPU-7d708c42-8d4a-16d5-0746-474567157aa3,92.0,563.0,426.79,2422.0,0.14130282402038574,0
1790596365.3217223,GPU-7d708c42-8d4a-16d5-0746-474567157aa3,91.0,563.0,420.94,2422.0,0.14149069786071777,0
1790596366.3218286,GPU-7d708c42-8d4a-16d5-0746-474567157aa3,92.0,563.0,430.32,2422.0,0.13739442825317383,0
1790596367.3219352,GPU-7d708c42-8d4a-16d5-0746-474567157aa3,91.0,563.0,426.73,2422.0,0.1253678798675537,0
1790596368.3220189,GPU-7d708c42-8d4a-16d5-0746-474567157aa3,93.0,563.0,417.97,2422.0,0.14150404930114746,0
1790596369.322125,GPU-7d708c42-8d4a-16d5-0746-474567157aa3,91.0,563.0,427.35,2422.0,0.14120984077453613,0
1790596370.3222167,GPU-7d708c42-8d4a-16d5-0746-474567157aa3,92.0,563.0,422.8,2422.0,0.13033032417297363,0
1790596371.3223352,GPU-7d708c42-8d4a-16d5-0746-474567157aa3,92.0,563.0,422.97,2422.0,0.14922547340393066,0
1790596372.3224425,GPU-7d708c42-8d4a-16d5-0746-474567157aa3,95.0,563.0,429.35,2422.0,0.12897849082946777,0
1790596373.322519,GPU-7d708c42-8d4a-16d5-0746-474567157aa3,92.0,563.0,426.2,2422.0,0.14136242866516113,0
1790596374.3226001,GPU-7d708c42-8d4a-16d5-0746-474567157aa3,93.0,563.0,424.48,2422.0,0.1384565830230713,0
1790596375.322704,GPU-7d708c42-8d4a-16d5-0746-474567157aa3,93.0,563.0,425.39,2422.0,0.14829301834106445,0
1790596376.3228238,GPU-7d708c42-8d4a-16d5-0746-474567157aa3,92.0,563.0,426.02,2422.0,0.14709162712097168,0
1790596377.3229473,GPU-7d708c42-8d4a-16d5-0746-474567157aa3,92.0,563.0,430.6,2422.0,0.15039324760437012,0
1790596378.3230693,GPU-7d708c42-8d4a-16d5-0746-474567157aa3,86.0,563.0,428.37,2422.0,0.14950823783874512,0
1790596379.3231852,GPU-7d708c42-8d4a-16d5-0746-474567157aa3,92.0,563.0,426.0,2422.0,0.13783907890319824,0
1790596380.3232913,GPU-7d708c42-8d4a-16d5-0746-474567157aa3,92.0,563.0,427.33,2422.0,0.1414482593536377,0
1790596381.3233964,GPU-7d708c42-8d4a-16d5-0746-474567157aa3,93.0,563.0,431.14,2422.0,0.14004850387573242,0
1790596382.323557,GPU-7d708c42-8d4a-16d5-0746-474567157aa3,92.0,563.0,430.57,2422.0,0.13550853729248047,0
1790596383.3236635,GPU-7d708c42-8d4a-16d5-0746-474567157aa3,90.0,563.0,425.85,2422.0,0.13976192474365234,0
1790596384.3238082,GPU-7d708c42-8d4a-16d5-0746-474567157aa3,95.0,563.0,423.42,2422.0,0.1395251750946045,0
1790596385.323914,GPU-7d708c42-8d4a-16d5-0746-474567157aa3,93.0,563.0,420.76,2422.0,0.140092134475708,0
1790596386.3240473,GPU-7d708c42-8d4a-16d5-0746-474567157aa3,92.0,563.0,417.06,2422.0,0.13952231407165527,0
1790596387.3241518,GPU-7d708c42-8d4a-16d5-0746-474567157aa3,92.0,563.0,421.3,2422.0,0.14081931114196777,0
1790596388.3242574,GPU-7d708c42-8d4a-16d5-0746-474567157aa3,92.0,563.0,433.61,2422.0,0.13942337036132812,0
1790596389.3243663,GPU-7d708c42-8d4a-16d5-0746-474567157aa3,92.0,563.0,433.15,2422.0,0.14423775672912598,0
1790596390.3244956,GPU-7d708c42-8d4a-16d5-0746-474567157aa3,91.0,563.0,431.33,2422.0,0.13999128341674805,0
1790596391.3246021,GPU-7d708c42-8d4a-16d5-0746-474567157aa3,91.0,563.0,424.66,2422.0,0.14387226104736328,0
1790596392.3247402,GPU-7d708c42-8d4a-16d5-0746-474567157aa3,92.0,563.0,435.04,2422.0,0.14183902740478516,0
1790596393.3249092,GPU-7d708c42-8d4a-16d5-0746-474567157aa3,93.0,563.0,433.23,2422.0,0.1450190544128418,0
1790596394.3249912,GPU-7d708c42-8d4a-16d5-0746-474567157aa3,91.0,563.0,424.33,2422.0,0.1373271942138672,0
1790596395.3250973,GPU-7d708c42-8d4a-16d5-0746-474567157aa3,92.0,563.0,422.35,2422.0,0.13979220390319824,0
1790596396.3252044,GPU-7d708c42-8d4a-16d5-0746-474567157aa3,92.0,563.0,426.66,2422.0,0.1389157772064209,0
1790596397.325309,GPU-7d708c42-8d4a-16d5-0746-474567157aa3,92.0,563.0,422.03,2422.0,0.14021944999694824,0
1790596398.3254147,GPU-7d708c42-8d4a-16d5-0746-474567157aa3,92.0,563.0,421.44,2422.0,0.13904953002929688,0
1790596399.3255212,GPU-7d708c42-8d4a-16d5-0746-474567157aa3,93.0,563.0,427.42,2422.0,0.13736987113952637,0
1790596400.3256345,GPU-7d708c42-8d4a-16d5-0746-474567157aa3,92.0,563.0,422.21,2422.0,0.12312483787536621,0
1790596401.3257265,GPU-7d708c42-8d4a-16d5-0746-474567157aa3,92.0,563.0,431.27,2422.0,0.14415574073791504,0
1790596402.3258362,GPU-7d708c42-8d4a-16d5-0746-474567157aa3,92.0,563.0,432.15,2422.0,0.1401674747467041,0
1790596403.3259432,GPU-7d708c42-8d4a-16d5-0746-474567157aa3,93.0,563.0,426.28,2422.0,0.13900542259216309,0
1790596404.32605,GPU-7d708c42-8d4a-16d5-0746-474567157aa3,92.0,563.0,423.41,2422.0,0.14374446868896484,0
1790596405.3261542,GPU-7d708c42-8d4a-16d5-0746-474567157aa3,92.0,563.0,433.59,2422.0,0.14054393768310547,0
1790596406.3264377,GPU-7d708c42-8d4a-16d5-0746-474567157aa3,92.0,563.0,423.51,2422.0,0.13907527923583984,0
1790596407.3265595,GPU-7d708c42-8d4a-16d5-0746-474567157aa3,92.0,563.0,430.92,2422.0,0.14513134956359863,0
1790596408.3266647,GPU-7d708c42-8d4a-16d5-0746-474567157aa3,93.0,563.0,428.56,2422.0,0.1455392837524414,0
1790596409.3267753,GPU-7d708c42-8d4a-16d5-0746-474567157aa3,91.0,563.0,420.67,2422.0,0.13907432556152344,0
1790596410.3268661,GPU-7d708c42-8d4a-16d5-0746-474567157aa3,93.0,563.0,426.27,2422.0,0.15366148948669434,0
1790596411.3269966,GPU-7d708c42-8d4a-16d5-0746-474567157aa3,0.0,0.0,157.05,2422.0,0.1541132926940918,0
1790596412.327091,GPU-7d708c42-8d4a-16d5-0746-474567157aa3,0.0,0.0,92.84,2430.0,0.157501220703125,0
1790596413.3272126,GPU-7d708c42-8d4a-16d5-0746-474567157aa3,0.0,0.0,39.6,1065.0,0.14958572387695312,0
1790596414.327308,GPU-7d708c42-8d4a-16d5-0746-474567157aa3,0.0,0.0,38.62,307.0,0.15979838371276855,0
1790596488.3373058,GPU-7d708c42-8d4a-16d5-0746-474567157aa3,92.0,563.0,418.19,2422.0,0.1485157012939453,0
1790596489.337378,GPU-7d708c42-8d4a-16d5-0746-474567157aa3,92.0,563.0,414.02,2422.0,0.14853167533874512,0
1790596490.3374574,GPU-7d708c42-8d4a-16d5-0746-474567157aa3,92.0,563.0,417.86,2422.0,0.1531665325164795,0
1790596491.337565,GPU-7d708c42-8d4a-16d5-0746-474567157aa3,93.0,563.0,422.7,2422.0,0.15423870086669922,0
1790596492.3376532,GPU-7d708c42-8d4a-16d5-0746-474567157aa3,92.0,563.0,418.41,2422.0,0.15091347694396973,0
1790596493.3377402,GPU-7d708c42-8d4a-16d5-0746-474567157aa3,91.0,563.0,414.89,2422.0,0.1492915153503418,0
1790596494.3378212,GPU-7d708c42-8d4a-16d5-0746-474567157aa3,90.0,563.0,416.74,2422.0,0.1508936882019043,0
1790596495.3378878,GPU-7d708c42-8d4a-16d5-0746-474567157aa3,91.0,563.0,422.8,2422.0,0.15255022048950195,0
1790596496.3380919,GPU-7d708c42-8d4a-16d5-0746-474567157aa3,93.0,563.0,428.82,2422.0,0.15485405921936035,0
1790596497.3381805,GPU-7d708c42-8d4a-16d5-0746-474567157aa3,92.0,563.0,420.37,2422.0,0.15338611602783203,0
1790596498.3382988,GPU-7d708c42-8d4a-16d5-0746-474567157aa3,91.0,563.0,428.0,2422.0,0.1309342384338379,0
1790596499.3384757,GPU-7d708c42-8d4a-16d5-0746-474567157aa3,93.0,563.0,426.29,2422.0,0.14902806282043457,0
1790596500.338569,GPU-7d708c42-8d4a-16d5-0746-474567157aa3,91.0,563.0,429.45,2422.0,0.151902437210083,0
1790596501.338703,GPU-7d708c42-8d4a-16d5-0746-474567157aa3,91.0,563.0,422.27,2422.0,0.15338897705078125,0
1790596502.3387856,GPU-7d708c42-8d4a-16d5-0746-474567157aa3,91.0,563.0,423.91,2422.0,0.1501317024230957,0
1790596503.338871,GPU-7d708c42-8d4a-16d5-0746-474567157aa3,91.0,563.0,430.85,2422.0,0.14049434661865234,0
1790596504.3389544,GPU-7d708c42-8d4a-16d5-0746-474567157aa3,92.0,563.0,424.77,2422.0,0.15311932563781738,0
1790596505.3390265,GPU-7d708c42-8d4a-16d5-0746-474567157aa3,93.0,563.0,429.74,2422.0,0.1454448699951172,0
1790596506.3391309,GPU-7d708c42-8d4a-16d5-0746-474567157aa3,92.0,563.0,429.07,2422.0,0.15151095390319824,0
1790596507.3392184,GPU-7d708c42-8d4a-16d5-0746-474567157aa3,91.0,563.0,421.07,2422.0,0.14759254455566406,0
1790596508.3392906,GPU-7d708c42-8d4a-16d5-0746-474567157aa3,93.0,563.0,421.35,2422.0,0.14842557907104492,0
1790596509.3393655,GPU-7d708c42-8d4a-16d5-0746-474567157aa3,91.0,563.0,428.68,2422.0,0.1417069435119629,0
1790596510.3394547,GPU-7d708c42-8d4a-16d5-0746-474567157aa3,93.0,563.0,428.44,2422.0,0.1419069766998291,0
1790596511.3395324,GPU-7d708c42-8d4a-16d5-0746-474567157aa3,91.0,563.0,430.85,2422.0,0.13777828216552734,0
1790596512.33964,GPU-7d708c42-8d4a-16d5-0746-474567157aa3,92.0,563.0,425.16,2422.0,0.139068603515625,0
1790596513.3397398,GPU-7d708c42-8d4a-16d5-0746-474567157aa3,90.0,563.0,429.05,2422.0,0.13249897956848145,0
1790596514.3398306,GPU-7d708c42-8d4a-16d5-0746-474567157aa3,95.0,563.0,425.48,2422.0,0.1415407657623291,0
1790596515.339939,GPU-7d708c42-8d4a-16d5-0746-474567157aa3,92.0,563.0,420.92,2422.0,0.14989757537841797,0
1790596516.340047,GPU-7d708c42-8d4a-16d5-0746-474567157aa3,93.0,563.0,428.23,2422.0,0.1391310691833496,0
1790596517.340116,GPU-7d708c42-8d4a-16d5-0746-474567157aa3,93.0,563.0,425.3,2422.0,0.12503361701965332,0
1790596518.3401895,GPU-7d708c42-8d4a-16d5-0746-474567157aa3,91.0,563.0,431.51,2422.0,0.1380608081817627,0
1790596519.340296,GPU-7d708c42-8d4a-16d5-0746-474567157aa3,92.0,563.0,424.82,2422.0,0.13850998878479004,0
1790596520.3404226,GPU-7d708c42-8d4a-16d5-0746-474567157aa3,91.0,563.0,430.77,2422.0,0.13903117179870605,0
1790596521.3405232,GPU-7d708c42-8d4a-16d5-0746-474567157aa3,92.0,563.0,431.7,2422.0,0.1368699073791504,0
1790596522.3405993,GPU-7d708c42-8d4a-16d5-0746-474567157aa3,91.0,563.0,435.43,2422.0,0.13992929458618164,0
1790596523.3406835,GPU-7d708c42-8d4a-16d5-0746-474567157aa3,94.0,563.0,423.49,2422.0,0.1425769329071045,0
1790596524.3407707,GPU-7d708c42-8d4a-16d5-0746-474567157aa3,93.0,563.0,428.79,2422.0,0.14143013954162598,0
1790596525.3408508,GPU-7d708c42-8d4a-16d5-0746-474567157aa3,92.0,563.0,424.18,2422.0,0.1509108543395996,0
1790596526.3409467,GPU-7d708c42-8d4a-16d5-0746-474567157aa3,92.0,563.0,428.83,2422.0,0.15459084510803223,0
1790596527.3410356,GPU-7d708c42-8d4a-16d5-0746-474567157aa3,93.0,563.0,425.14,2422.0,0.16273903846740723,0
1790596528.341117,GPU-7d708c42-8d4a-16d5-0746-474567157aa3,92.0,563.0,428.63,2422.0,0.14102745056152344,0
1790596529.3411903,GPU-7d708c42-8d4a-16d5-0746-474567157aa3,91.0,563.0,435.9,2422.0,0.146651029586792,0
1790596530.3412714,GPU-7d708c42-8d4a-16d5-0746-474567157aa3,92.0,563.0,424.86,2422.0,0.1378016471862793,0
1790596531.3413644,GPU-7d708c42-8d4a-16d5-0746-474567157aa3,90.0,563.0,434.15,2422.0,0.14869928359985352,0
1790596532.3414774,GPU-7d708c42-8d4a-16d5-0746-474567157aa3,91.0,563.0,426.41,2422.0,0.14493250846862793,0
1790596533.3415818,GPU-7d708c42-8d4a-16d5-0746-474567157aa3,91.0,563.0,428.07,2422.0,0.1253662109375,0
1790596534.341648,GPU-7d708c42-8d4a-16d5-0746-474567157aa3,93.0,563.0,429.56,2422.0,0.14109039306640625,0
1790596535.3417554,GPU-7d708c42-8d4a-16d5-0746-474567157aa3,91.0,563.0,438.56,2422.0,0.14444971084594727,0
1790596536.3418343,GPU-7d708c42-8d4a-16d5-0746-474567157aa3,92.0,563.0,434.29,2422.0,0.14333438873291016,0
1790596537.3419292,GPU-7d708c42-8d4a-16d5-0746-474567157aa3,90.0,563.0,435.98,2422.0,0.14531469345092773,0
1790596538.3419974,GPU-7d708c42-8d4a-16d5-0746-474567157aa3,91.0,563.0,433.63,2422.0,0.14622044563293457,0
1790596539.342067,GPU-7d708c42-8d4a-16d5-0746-474567157aa3,94.0,563.0,427.49,2422.0,0.14472222328186035,0
1790596540.342192,GPU-7d708c42-8d4a-16d5-0746-474567157aa3,91.0,563.0,434.23,2422.0,0.14399170875549316,0
1790596541.3422682,GPU-7d708c42-8d4a-16d5-0746-474567157aa3,93.0,563.0,430.6,2422.0,0.1422426700592041,0
1790596542.3424056,GPU-7d708c42-8d4a-16d5-0746-474567157aa3,92.0,563.0,432.23,2422.0,0.1447455883026123,0
1790596543.342476,GPU-7d708c42-8d4a-16d5-0746-474567157aa3,92.0,563.0,425.86,2422.0,0.14334392547607422,0
1790596544.3425512,GPU-7d708c42-8d4a-16d5-0746-474567157aa3,91.0,563.0,429.39,2422.0,0.14129114151000977,0
1790596545.342624,GPU-7d708c42-8d4a-16d5-0746-474567157aa3,93.0,563.0,430.96,2422.0,0.15068411827087402,0
1790596546.3427026,GPU-7d708c42-8d4a-16d5-0746-474567157aa3,93.0,563.0,436.33,2422.0,0.1418905258178711,0
1790596547.3427782,GPU-7d708c42-8d4a-16d5-0746-474567157aa3,92.0,563.0,423.66,2422.0,0.14288043975830078,0
1790596548.3429048,GPU-7d708c42-8d4a-16d5-0746-474567157aa3,92.0,563.0,426.13,2422.0,0.1423652172088623,0
1790596549.342989,GPU-7d708c42-8d4a-16d5-0746-474567157aa3,92.0,563.0,429.35,2422.0,0.14098143577575684,0
1790596550.3431091,GPU-7d708c42-8d4a-16d5-0746-474567157aa3,93.0,563.0,423.38,2422.0,0.13808941841125488,0
1790596551.343192,GPU-7d708c42-8d4a-16d5-0746-474567157aa3,91.0,563.0,428.62,2422.0,0.14410114288330078,0
1790596552.3432784,GPU-7d708c42-8d4a-16d5-0746-474567157aa3,92.0,563.0,425.23,2422.0,0.14326691627502441,0
1790596553.343356,GPU-7d708c42-8d4a-16d5-0746-474567157aa3,1.0,0.0,337.2,2422.0,0.14658188819885254,0
1790596554.343426,GPU-7d708c42-8d4a-16d5-0746-474567157aa3,0.0,0.0,97.03,2430.0,0.14178943634033203,0
1790596555.3435214,GPU-7d708c42-8d4a-16d5-0746-474567157aa3,0.0,0.0,39.57,1837.0,0.155167818069458,0
1790596556.343625,GPU-7d708c42-8d4a-16d5-0746-474567157aa3,0.0,0.0,39.11,315.0,0.1622614860534668,0
1790596557.3437486,GPU-7d708c42-8d4a-16d5-0746-474567157aa3,0.0,0.0,38.62,187.0,0.16112756729125977,0
1790596629.3516612,GPU-7d708c42-8d4a-16d5-0746-474567157aa3,92.0,563.0,419.28,2422.0,0.16406750679016113,0
1790596630.35173,GPU-7d708c42-8d4a-16d5-0746-474567157aa3,92.0,563.0,426.1,2422.0,0.12888813018798828,0
1790596631.351803,GPU-7d708c42-8d4a-16d5-0746-474567157aa3,92.0,563.0,424.14,2422.0,0.14766883850097656,0
1790596632.3519585,GPU-7d708c42-8d4a-16d5-0746-474567157aa3,92.0,563.0,424.61,2422.0,0.1497514247894287,0
1790596633.352062,GPU-7d708c42-8d4a-16d5-0746-474567157aa3,93.0,563.0,425.62,2422.0,0.13960480690002441,0
1790596634.3521674,GPU-7d708c42-8d4a-16d5-0746-474567157aa3,92.0,563.0,427.63,2422.0,0.14484024047851562,0
1790596635.3522732,GPU-7d708c42-8d4a-16d5-0746-474567157aa3,94.0,563.0,429.9,2422.0,0.145857572555542,0
1790596636.3523784,GPU-7d708c42-8d4a-16d5-0746-474567157aa3,92.0,563.0,427.91,2422.0,0.143510103225708,0
1790596637.352478,GPU-7d708c42-8d4a-16d5-0746-474567157aa3,92.0,563.0,430.3,2422.0,0.14191126823425293,0
1790596638.3525863,GPU-7d708c42-8d4a-16d5-0746-474567157aa3,92.0,563.0,419.36,2422.0,0.1255016326904297,0
1790596639.3527,GPU-7d708c42-8d4a-16d5-0746-474567157aa3,93.0,563.0,421.2,2422.0,0.14281797409057617,0
1790596640.352806,GPU-7d708c42-8d4a-16d5-0746-474567157aa3,92.0,563.0,428.62,2422.0,0.1461045742034912,0
1790596641.3529117,GPU-7d708c42-8d4a-16d5-0746-474567157aa3,91.0,563.0,424.86,2422.0,0.1446533203125,0
1790596642.3530245,GPU-7d708c42-8d4a-16d5-0746-474567157aa3,91.0,563.0,420.63,2422.0,0.14212274551391602,0
1790596643.3531306,GPU-7d708c42-8d4a-16d5-0746-474567157aa3,92.0,563.0,423.49,2422.0,0.1437978744506836,0
1790596644.3532374,GPU-7d708c42-8d4a-16d5-0746-474567157aa3,91.0,563.0,416.63,2422.0,0.14034438133239746,0
1790596645.353367,GPU-7d708c42-8d4a-16d5-0746-474567157aa3,91.0,563.0,435.09,2422.0,0.1427593231201172,0
1790596646.3534544,GPU-7d708c42-8d4a-16d5-0746-474567157aa3,91.0,563.0,427.98,2422.0,0.13219618797302246,0
1790596647.3535714,GPU-7d708c42-8d4a-16d5-0746-474567157aa3,93.0,563.0,421.43,2422.0,0.15697169303894043,0
1790596648.3537335,GPU-7d708c42-8d4a-16d5-0746-474567157aa3,92.0,563.0,422.92,2422.0,0.15404319763183594,0
1790596649.3538234,GPU-7d708c42-8d4a-16d5-0746-474567157aa3,90.0,563.0,420.77,2422.0,0.15175747871398926,0
1790596650.3539722,GPU-7d708c42-8d4a-16d5-0746-474567157aa3,91.0,563.0,420.79,2422.0,0.15407609939575195,0
1790596651.3540962,GPU-7d708c42-8d4a-16d5-0746-474567157aa3,93.0,563.0,422.75,2422.0,0.15536856651306152,0
1790596652.354223,GPU-7d708c42-8d4a-16d5-0746-474567157aa3,92.0,563.0,430.1,2422.0,0.15040326118469238,0
1790596653.3543468,GPU-7d708c42-8d4a-16d5-0746-474567157aa3,93.0,563.0,428.98,2422.0,0.15140557289123535,0
1790596654.3544707,GPU-7d708c42-8d4a-16d5-0746-474567157aa3,94.0,563.0,435.64,2422.0,0.1602306365966797,0
1790596655.3545902,GPU-7d708c42-8d4a-16d5-0746-474567157aa3,92.0,563.0,428.39,2422.0,0.15349483489990234,0
1790596656.3546948,GPU-7d708c42-8d4a-16d5-0746-474567157aa3,93.0,563.0,425.74,2422.0,0.15348339080810547,0
1790596657.3548005,GPU-7d708c42-8d4a-16d5-0746-474567157aa3,92.0,563.0,424.93,2422.0,0.1294252872467041,0
1790596658.3549037,GPU-7d708c42-8d4a-16d5-0746-474567157aa3,92.0,563.0,425.54,2422.0,0.14524531364440918,0
1790596659.3549926,GPU-7d708c42-8d4a-16d5-0746-474567157aa3,92.0,563.0,425.76,2422.0,0.15046262741088867,0
1790596660.3551073,GPU-7d708c42-8d4a-16d5-0746-474567157aa3,92.0,563.0,429.54,2422.0,0.14377093315124512,0
1790596661.3552048,GPU-7d708c42-8d4a-16d5-0746-474567157aa3,92.0,563.0,430.61,2422.0,0.14566969871520996,0
1790596662.355314,GPU-7d708c42-8d4a-16d5-0746-474567157aa3,93.0,563.0,417.71,2422.0,0.1409318447113037,0
1790596663.3553932,GPU-7d708c42-8d4a-16d5-0746-474567157aa3,92.0,563.0,435.23,2422.0,0.14157414436340332,0
1790596664.3555007,GPU-7d708c42-8d4a-16d5-0746-474567157aa3,95.0,563.0,433.54,2422.0,0.1418473720550537,0
1790596665.3556077,GPU-7d708c42-8d4a-16d5-0746-474567157aa3,92.0,563.0,428.61,2422.0,0.14289331436157227,0
1790596666.355734,GPU-7d708c42-8d4a-16d5-0746-474567157aa3,93.0,563.0,432.71,2422.0,0.1446976661682129,0
1790596667.3558168,GPU-7d708c42-8d4a-16d5-0746-474567157aa3,91.0,563.0,431.66,2422.0,0.13989710807800293,0
1790596668.355962,GPU-7d708c42-8d4a-16d5-0746-474567157aa3,93.0,563.0,436.02,2422.0,0.14615941047668457,0
1790596669.356068,GPU-7d708c42-8d4a-16d5-0746-474567157aa3,92.0,563.0,433.12,2422.0,0.1416633129119873,0
1790596670.3561754,GPU-7d708c42-8d4a-16d5-0746-474567157aa3,93.0,563.0,433.1,2422.0,0.14783501625061035,0
1790596671.3562825,GPU-7d708c42-8d4a-16d5-0746-474567157aa3,92.0,563.0,428.28,2422.0,0.14547014236450195,0
1790596672.356392,GPU-7d708c42-8d4a-16d5-0746-474567157aa3,91.0,563.0,429.95,2422.0,0.14238643646240234,0
1790596673.3564994,GPU-7d708c42-8d4a-16d5-0746-474567157aa3,94.0,563.0,431.07,2422.0,0.14469385147094727,0
1790596674.3566551,GPU-7d708c42-8d4a-16d5-0746-474567157aa3,92.0,563.0,433.41,2422.0,0.14421629905700684,0
1790596675.3567653,GPU-7d708c42-8d4a-16d5-0746-474567157aa3,92.0,563.0,429.58,2422.0,0.1452040672302246,0
1790596676.356849,GPU-7d708c42-8d4a-16d5-0746-474567157aa3,93.0,563.0,429.89,2422.0,0.14522790908813477,0
1790596677.357035,GPU-7d708c42-8d4a-16d5-0746-474567157aa3,91.0,563.0,426.09,2422.0,0.1437225341796875,0
1790596678.3571458,GPU-7d708c42-8d4a-16d5-0746-474567157aa3,93.0,563.0,430.43,2422.0,0.14304733276367188,0
1790596679.357254,GPU-7d708c42-8d4a-16d5-0746-474567157aa3,93.0,563.0,426.63,2422.0,0.15174126625061035,0
1790596680.3573716,GPU-7d708c42-8d4a-16d5-0746-474567157aa3,91.0,563.0,426.5,2422.0,0.14148473739624023,0
1790596681.3574512,GPU-7d708c42-8d4a-16d5-0746-474567157aa3,93.0,563.0,428.12,2422.0,0.12718629837036133,0
1790596682.3575568,GPU-7d708c42-8d4a-16d5-0746-474567157aa3,93.0,563.0,432.36,2422.0,0.14488673210144043,0
1790596683.3576622,GPU-7d708c42-8d4a-16d5-0746-474567157aa3,91.0,563.0,431.72,2422.0,0.1463322639465332,0
1790596684.3577678,GPU-7d708c42-8d4a-16d5-0746-474567157aa3,91.0,563.0,428.42,2422.0,0.14503812789916992,0
1790596685.3578737,GPU-7d708c42-8d4a-16d5-0746-474567157aa3,92.0,563.0,424.79,2422.0,0.1445784568786621,0
1790596686.3579776,GPU-7d708c42-8d4a-16d5-0746-474567157aa3,92.0,563.0,425.6,2422.0,0.14586830139160156,0
1790596687.3580568,GPU-7d708c42-8d4a-16d5-0746-474567157aa3,90.0,563.0,429.39,2422.0,0.14542293548583984,0
1790596688.358166,GPU-7d708c42-8d4a-16d5-0746-474567157aa3,92.0,563.0,429.43,2422.0,0.1443920135498047,0
1790596689.3582728,GPU-7d708c42-8d4a-16d5-0746-474567157aa3,91.0,563.0,425.5,2422.0,0.13991546630859375,0
1790596690.358377,GPU-7d708c42-8d4a-16d5-0746-474567157aa3,92.0,563.0,423.89,2422.0,0.14121699333190918,0
1790596691.3584857,GPU-7d708c42-8d4a-16d5-0746-474567157aa3,92.0,563.0,432.44,2422.0,0.14793992042541504,0
1790596692.3585844,GPU-7d708c42-8d4a-16d5-0746-474567157aa3,92.0,563.0,436.78,2422.0,0.12376856803894043,0
1790596693.3586967,GPU-7d708c42-8d4a-16d5-0746-474567157aa3,92.0,563.0,427.36,2422.0,0.1377124786376953,0
1790596694.358786,GPU-7d708c42-8d4a-16d5-0746-474567157aa3,0.0,0.0,184.12,2430.0,0.15636968612670898,0
1790596695.3589146,GPU-7d708c42-8d4a-16d5-0746-474567157aa3,0.0,0.0,94.77,2430.0,0.1412975788116455,0
1790596696.3590338,GPU-7d708c42-8d4a-16d5-0746-474567157aa3,0.0,0.0,39.6,675.0,0.16082262992858887,0
1790596697.3591623,GPU-7d708c42-8d4a-16d5-0746-474567157aa3,0.0,0.0,38.62,292.0,0.14305615425109863,0
1790596698.359269,GPU-7d708c42-8d4a-16d5-0746-474567157aa3,0.0,0.0,38.38,180.0,0.15857958793640137,0
1790596769.3681705,GPU-7d708c42-8d4a-16d5-0746-474567157aa3,1.0,563.0,92.47,2295.0,0.15143585205078125,0
1790596770.3682647,GPU-7d708c42-8d4a-16d5-0746-474567157aa3,1.0,563.0,92.35,2295.0,0.14497613906860352,0
1790596771.3683763,GPU-7d708c42-8d4a-16d5-0746-474567157aa3,1.0,563.0,91.71,2295.0,0.13744616508483887,0
1790596772.36851,GPU-7d708c42-8d4a-16d5-0746-474567157aa3,1.0,563.0,92.26,2295.0,0.15160226821899414,0
1790596773.3686361,GPU-7d708c42-8d4a-16d5-0746-474567157aa3,1.0,563.0,92.14,2295.0,0.15683317184448242,0
1790596774.3687978,GPU-7d708c42-8d4a-16d5-0746-474567157aa3,1.0,563.0,92.3,2295.0,0.14373064041137695,0
1790596775.368872,GPU-7d708c42-8d4a-16d5-0746-474567157aa3,1.0,563.0,93.03,2295.0,0.1625537872314453,0
1790596776.3689718,GPU-7d708c42-8d4a-16d5-0746-474567157aa3,1.0,563.0,92.42,2295.0,0.13459324836730957,0
1790596777.3691502,GPU-7d708c42-8d4a-16d5-0746-474567157aa3,1.0,563.0,92.42,2295.0,0.1536240577697754,0
1790596778.3692572,GPU-7d708c42-8d4a-16d5-0746-474567157aa3,1.0,563.0,91.84,2295.0,0.15219378471374512,0
1790596779.3693573,GPU-7d708c42-8d4a-16d5-0746-474567157aa3,1.0,563.0,92.4,2295.0,0.14899587631225586,0
1790596780.369464,GPU-7d708c42-8d4a-16d5-0746-474567157aa3,1.0,563.0,92.52,2295.0,0.1615443229675293,0
1790596781.3695533,GPU-7d708c42-8d4a-16d5-0746-474567157aa3,1.0,563.0,92.25,2295.0,0.16103553771972656,0
1790596782.3696601,GPU-7d708c42-8d4a-16d5-0746-474567157aa3,1.0,563.0,92.24,2295.0,0.1611640453338623,0
1790596783.3697364,GPU-7d708c42-8d4a-16d5-0746-474567157aa3,1.0,563.0,92.43,2295.0,0.15484905242919922,0
1790596784.3699396,GPU-7d708c42-8d4a-16d5-0746-474567157aa3,1.0,563.0,93.02,2295.0,0.16142845153808594,0
1790596785.3701386,GPU-7d708c42-8d4a-16d5-0746-474567157aa3,1.0,563.0,92.14,2295.0,0.16108965873718262,0
1790596786.370236,GPU-7d708c42-8d4a-16d5-0746-474567157aa3,1.0,563.0,92.4,2295.0,0.1366419792175293,0
1790596787.3703532,GPU-7d708c42-8d4a-16d5-0746-474567157aa3,1.0,563.0,92.48,2295.0,0.1570138931274414,0
1790596788.3704875,GPU-7d708c42-8d4a-16d5-0746-474567157aa3,1.0,563.0,92.21,2295.0,0.15715456008911133,0
1790596789.3705769,GPU-7d708c42-8d4a-16d5-0746-474567157aa3,1.0,563.0,92.46,2295.0,0.15744757652282715,0
1790596790.3707163,GPU-7d708c42-8d4a-16d5-0746-474567157aa3,1.0,563.0,92.23,2295.0,0.1604328155517578,0
1790596791.370841,GPU-7d708c42-8d4a-16d5-0746-474567157aa3,1.0,563.0,91.65,2295.0,0.14412260055541992,0
1790596792.3709962,GPU-7d708c42-8d4a-16d5-0746-474567157aa3,1.0,563.0,92.42,2295.0,0.1539015769958496,0
1790596793.3711138,GPU-7d708c42-8d4a-16d5-0746-474567157aa3,1.0,563.0,92.14,2295.0,0.16030335426330566,0
1790596794.3712034,GPU-7d708c42-8d4a-16d5-0746-474567157aa3,1.0,563.0,92.64,2295.0,0.15131235122680664,0
1790596795.3713171,GPU-7d708c42-8d4a-16d5-0746-474567157aa3,1.0,563.0,92.16,2295.0,0.16781115531921387,0
1790596796.3715138,GPU-7d708c42-8d4a-16d5-0746-474567157aa3,1.0,563.0,91.89,2295.0,0.15503668785095215,0
1790596797.3716526,GPU-7d708c42-8d4a-16d5-0746-474567157aa3,1.0,563.0,92.33,2295.0,0.15611958503723145,0
1790596798.371778,GPU-7d708c42-8d4a-16d5-0746-474567157aa3,1.0,563.0,92.39,2295.0,0.14096307754516602,0
1790596799.371863,GPU-7d708c42-8d4a-16d5-0746-474567157aa3,1.0,563.0,91.79,2295.0,0.154740571975708,0
1790596800.3719869,GPU-7d708c42-8d4a-16d5-0746-474567157aa3,1.0,563.0,92.47,2295.0,0.15418291091918945,0
1790596801.3721879,GPU-7d708c42-8d4a-16d5-0746-474567157aa3,1.0,563.0,92.04,2295.0,0.15776610374450684,0
1790596802.3723085,GPU-7d708c42-8d4a-16d5-0746-474567157aa3,1.0,563.0,92.47,2295.0,0.15985989570617676,0
1790596803.3724194,GPU-7d708c42-8d4a-16d5-0746-474567157aa3,1.0,563.0,92.16,2295.0,0.15830016136169434,0
1790596804.3726356,GPU-7d708c42-8d4a-16d5-0746-474567157aa3,1.0,563.0,92.23,2295.0,0.16924118995666504,0
1790596805.3728213,GPU-7d708c42-8d4a-16d5-0746-474567157aa3,1.0,563.0,91.55,2295.0,0.16360902786254883,0
1790596806.3730226,GPU-7d708c42-8d4a-16d5-0746-474567157aa3,1.0,563.0,91.53,2295.0,0.15741395950317383,0
1790596807.3731802,GPU-7d708c42-8d4a-16d5-0746-474567157aa3,1.0,563.0,92.35,2295.0,0.13789987564086914,0
1790596808.373291,GPU-7d708c42-8d4a-16d5-0746-474567157aa3,1.0,563.0,92.26,2295.0,0.15278887748718262,0
1790596809.373386,GPU-7d708c42-8d4a-16d5-0746-474567157aa3,1.0,563.0,92.01,2295.0,0.13631176948547363,0
1790596810.3735037,GPU-7d708c42-8d4a-16d5-0746-474567157aa3,1.0,563.0,92.06,2295.0,0.14527392387390137,0
1790596811.3736284,GPU-7d708c42-8d4a-16d5-0746-474567157aa3,1.0,563.0,92.02,2295.0,0.13447093963623047,0
1790596812.3737466,GPU-7d708c42-8d4a-16d5-0746-474567157aa3,1.0,563.0,92.33,2295.0,0.15865015983581543,0
1790596813.373861,GPU-7d708c42-8d4a-16d5-0746-474567157aa3,1.0,563.0,92.2,2295.0,0.1622779369354248,0
1790596814.3739636,GPU-7d708c42-8d4a-16d5-0746-474567157aa3,1.0,563.0,92.24,2295.0,0.13743042945861816,0
1790596815.374083,GPU-7d708c42-8d4a-16d5-0746-474567157aa3,1.0,563.0,91.95,2295.0,0.157867431640625,0
1790596816.3742042,GPU-7d708c42-8d4a-16d5-0746-474567157aa3,1.0,563.0,92.59,2295.0,0.14356374740600586,0
1790596817.3743184,GPU-7d708c42-8d4a-16d5-0746-474567157aa3,1.0,563.0,92.02,2295.0,0.16187644004821777,0
1790596818.3744378,GPU-7d708c42-8d4a-16d5-0746-474567157aa3,1.0,563.0,92.03,2295.0,0.13632941246032715,0
1790596819.3745482,GPU-7d708c42-8d4a-16d5-0746-474567157aa3,1.0,563.0,91.57,2295.0,0.1540064811706543,0
1790596820.3747554,GPU-7d708c42-8d4a-16d5-0746-474567157aa3,1.0,563.0,91.56,2295.0,0.13713335990905762,0
1790596821.3749392,GPU-7d708c42-8d4a-16d5-0746-474567157aa3,1.0,563.0,92.68,2295.0,0.15589070320129395,0
1790596822.3750653,GPU-7d708c42-8d4a-16d5-0746-474567157aa3,1.0,563.0,92.29,2295.0,0.1536729335784912,0
1790596823.37527,GPU-7d708c42-8d4a-16d5-0746-474567157aa3,1.0,563.0,91.56,2295.0,0.15726113319396973,0
1790596824.3753939,GPU-7d708c42-8d4a-16d5-0746-474567157aa3,1.0,563.0,92.06,2295.0,0.1600475311279297,0
1790596825.3755162,GPU-7d708c42-8d4a-16d5-0746-474567157aa3,1.0,563.0,92.15,2295.0,0.1516118049621582,0
1790596826.3756092,GPU-7d708c42-8d4a-16d5-0746-474567157aa3,1.0,563.0,92.15,2295.0,0.1556987762451172,0
1790596827.375831,GPU-7d708c42-8d4a-16d5-0746-474567157aa3,1.0,563.0,92.58,2295.0,0.15820837020874023,0
1790596828.3759565,GPU-7d708c42-8d4a-16d5-0746-474567157aa3,1.0,563.0,92.45,2295.0,0.15660977363586426,0
1790596829.3760834,GPU-7d708c42-8d4a-16d5-0746-474567157aa3,1.0,563.0,92.4,2295.0,0.16048550605773926,0
1790596830.3762088,GPU-7d708c42-8d4a-16d5-0746-474567157aa3,1.0,563.0,92.42,2295.0,0.15164470672607422,0
1790596831.3763335,GPU-7d708c42-8d4a-16d5-0746-474567157aa3,1.0,563.0,92.19,2295.0,0.16895103454589844,0
1790596832.376478,GPU-7d708c42-8d4a-16d5-0746-474567157aa3,1.0,563.0,92.34,2295.0,0.15029287338256836,0
1790596833.3765996,GPU-7d708c42-8d4a-16d5-0746-474567157aa3,1.0,563.0,91.6,2295.0,0.1545877456665039,0
1790596834.3767257,GPU-7d708c42-8d4a-16d5-0746-474567157aa3,1.0,563.0,92.11,2295.0,0.15983319282531738,0
1790596835.376849,GPU-7d708c42-8d4a-16d5-0746-474567157aa3,0.0,0.0,92.28,2302.0,0.15625572204589844,0
1790596836.3769205,GPU-7d708c42-8d4a-16d5-0746-474567157aa3,0.0,0.0,90.54,2302.0,0.14179396629333496,0
1790596837.3770187,GPU-7d708c42-8d4a-16d5-0746-474567157aa3,0.0,0.0,37.55,420.0,0.15855813026428223,0
1790596838.3770967,GPU-7d708c42-8d4a-16d5-0746-474567157aa3,0.0,0.0,37.3,247.0,0.16404199600219727,0
1790596913.3875415,GPU-7d708c42-8d4a-16d5-0746-474567157aa3,1.0,563.0,91.09,2295.0,0.1410377025604248,0
1790596914.3876588,GPU-7d708c42-8d4a-16d5-0746-474567157aa3,1.0,563.0,90.5,2295.0,0.15705084800720215,0
1790596915.387774,GPU-7d708c42-8d4a-16d5-0746-474567157aa3,1.0,563.0,90.96,2295.0,0.15331363677978516,0
1790596916.3879,GPU-7d708c42-8d4a-16d5-0746-474567157aa3,1.0,563.0,90.73,2295.0,0.16730070114135742,0
1790596917.3880248,GPU-7d708c42-8d4a-16d5-0746-474567157aa3,1.0,563.0,90.56,2295.0,0.14413976669311523,0
1790596918.3881428,GPU-7d708c42-8d4a-16d5-0746-474567157aa3,1.0,563.0,90.58,2295.0,0.13759088516235352,0
1790596919.388262,GPU-7d708c42-8d4a-16d5-0746-474567157aa3,1.0,563.0,90.38,2295.0,0.1600358486175537,0
1790596920.3883495,GPU-7d708c42-8d4a-16d5-0746-474567157aa3,1.0,563.0,90.82,2295.0,0.15663361549377441,0
1790596921.3884766,GPU-7d708c42-8d4a-16d5-0746-474567157aa3,1.0,563.0,90.39,2295.0,0.1510617733001709,0
1790596922.3886037,GPU-7d708c42-8d4a-16d5-0746-474567157aa3,1.0,563.0,91.12,2295.0,0.15505242347717285,0
1790596923.3887284,GPU-7d708c42-8d4a-16d5-0746-474567157aa3,1.0,563.0,90.46,2295.0,0.15612339973449707,0
1790596924.3888156,GPU-7d708c42-8d4a-16d5-0746-474567157aa3,1.0,563.0,91.0,2295.0,0.13339781761169434,0
1790596925.3889408,GPU-7d708c42-8d4a-16d5-0746-474567157aa3,1.0,563.0,90.69,2295.0,0.13454914093017578,0
1790596926.3890772,GPU-7d708c42-8d4a-16d5-0746-474567157aa3,1.0,563.0,90.78,2295.0,0.13524794578552246,0
1790596927.3892128,GPU-7d708c42-8d4a-16d5-0746-474567157aa3,1.0,563.0,91.03,2295.0,0.14067387580871582,0
1790596928.3893616,GPU-7d708c42-8d4a-16d5-0746-474567157aa3,1.0,563.0,91.12,2295.0,0.1342167854309082,0
1790596929.3894844,GPU-7d708c42-8d4a-16d5-0746-474567157aa3,1.0,563.0,91.35,2295.0,0.1342945098876953,0
1790596930.3896086,GPU-7d708c42-8d4a-16d5-0746-474567157aa3,1.0,563.0,90.9,2295.0,0.15671372413635254,0
1790596931.3897352,GPU-7d708c42-8d4a-16d5-0746-474567157aa3,1.0,563.0,90.64,2295.0,0.13804364204406738,0
1790596932.3898613,GPU-7d708c42-8d4a-16d5-0746-474567157aa3,1.0,563.0,91.18,2295.0,0.13913941383361816,0
1790596933.3899846,GPU-7d708c42-8d4a-16d5-0746-474567157aa3,1.0,563.0,90.96,2295.0,0.16485881805419922,0
1790596934.3900752,GPU-7d708c42-8d4a-16d5-0746-474567157aa3,1.0,563.0,90.39,2295.0,0.14251303672790527,0
1790596935.3901944,GPU-7d708c42-8d4a-16d5-0746-474567157aa3,1.0,563.0,90.52,2295.0,0.1571955680847168,0
1790596936.3903162,GPU-7d708c42-8d4a-16d5-0746-474567157aa3,1.0,563.0,90.56,2295.0,0.14217638969421387,0
1790596937.3904393,GPU-7d708c42-8d4a-16d5-0746-474567157aa3,1.0,563.0,90.72,2295.0,0.1644277572631836,0
1790596938.3905644,GPU-7d708c42-8d4a-16d5-0746-474567157aa3,1.0,563.0,90.26,2295.0,0.16250944137573242,0
1790596939.3907266,GPU-7d708c42-8d4a-16d5-0746-474567157aa3,1.0,563.0,90.73,2295.0,0.1614086627960205,0
1790596940.3908525,GPU-7d708c42-8d4a-16d5-0746-474567157aa3,1.0,563.0,90.78,2295.0,0.14002704620361328,0
1790596941.390948,GPU-7d708c42-8d4a-16d5-0746-474567157aa3,1.0,563.0,90.38,2295.0,0.15271425247192383,0
1790596942.3910718,GPU-7d708c42-8d4a-16d5-0746-474567157aa3,1.0,563.0,90.69,2295.0,0.1632368564605713,0
1790596943.3911994,GPU-7d708c42-8d4a-16d5-0746-474567157aa3,1.0,563.0,90.55,2295.0,0.16344738006591797,0
1790596944.3913267,GPU-7d708c42-8d4a-16d5-0746-474567157aa3,1.0,563.0,91.03,2295.0,0.15533685684204102,0
1790596945.3914511,GPU-7d708c42-8d4a-16d5-0746-474567157aa3,1.0,563.0,90.43,2295.0,0.13416194915771484,0
1790596946.3915749,GPU-7d708c42-8d4a-16d5-0746-474567157aa3,1.0,563.0,90.92,2295.0,0.1591479778289795,0
1790596947.3917122,GPU-7d708c42-8d4a-16d5-0746-474567157aa3,1.0,563.0,90.54,2295.0,0.1574263572692871,0
1790596948.3918571,GPU-7d708c42-8d4a-16d5-0746-474567157aa3,1.0,563.0,90.73,2295.0,0.15755009651184082,0
1790596949.391948,GPU-7d708c42-8d4a-16d5-0746-474567157aa3,1.0,563.0,91.21,2295.0,0.15486717224121094,0
1790596950.3920739,GPU-7d708c42-8d4a-16d5-0746-474567157aa3,1.0,563.0,90.73,2295.0,0.15880298614501953,0
1790596951.3921995,GPU-7d708c42-8d4a-16d5-0746-474567157aa3,1.0,563.0,90.68,2295.0,0.15604710578918457,0
1790596952.3923259,GPU-7d708c42-8d4a-16d5-0746-474567157aa3,1.0,563.0,90.82,2295.0,0.1639096736907959,0
1790596953.3924482,GPU-7d708c42-8d4a-16d5-0746-474567157aa3,1.0,563.0,91.16,2295.0,0.1619584560394287,0
1790596954.392571,GPU-7d708c42-8d4a-16d5-0746-474567157aa3,1.0,563.0,89.94,2295.0,0.13676166534423828,0
1790596955.3926592,GPU-7d708c42-8d4a-16d5-0746-474567157aa3,1.0,563.0,90.69,2295.0,0.15709280967712402,0
1790596956.3927844,GPU-7d708c42-8d4a-16d5-0746-474567157aa3,1.0,563.0,90.19,2295.0,0.1588425636291504,0
1790596957.3928952,GPU-7d708c42-8d4a-16d5-0746-474567157aa3,1.0,563.0,90.87,2295.0,0.14391541481018066,0
1790596958.3930197,GPU-7d708c42-8d4a-16d5-0746-474567157aa3,1.0,563.0,90.95,2295.0,0.13646316528320312,0
1790596959.3931715,GPU-7d708c42-8d4a-16d5-0746-474567157aa3,1.0,563.0,90.73,2295.0,0.13858723640441895,0
1790596960.3933144,GPU-7d708c42-8d4a-16d5-0746-474567157aa3,1.0,563.0,90.96,2295.0,0.16061997413635254,0
1790596961.393493,GPU-7d708c42-8d4a-16d5-0746-474567157aa3,1.0,563.0,91.57,2295.0,0.16366100311279297,0
1790596962.3935916,GPU-7d708c42-8d4a-16d5-0746-474567157aa3,1.0,563.0,91.09,2295.0,0.15943694114685059,0
1790596963.393711,GPU-7d708c42-8d4a-16d5-0746-474567157aa3,1.0,563.0,91.51,2295.0,0.164229154586792,0
1790596964.3938522,GPU-7d708c42-8d4a-16d5-0746-474567157aa3,1.0,563.0,90.44,2295.0,0.1596384048461914,0
1790596965.394033,GPU-7d708c42-8d4a-16d5-0746-474567157aa3,1.0,563.0,90.51,2295.0,0.1575155258178711,0
1790596966.3941228,GPU-7d708c42-8d4a-16d5-0746-474567157aa3,1.0,563.0,91.09,2295.0,0.1405045986175537,0
1790596967.3942258,GPU-7d708c42-8d4a-16d5-0746-474567157aa3,1.0,563.0,90.78,2295.0,0.16571760177612305,0
1790596968.3943682,GPU-7d708c42-8d4a-16d5-0746-474567157aa3,1.0,563.0,90.76,2295.0,0.16482162475585938,0
1790596969.394456,GPU-7d708c42-8d4a-16d5-0746-474567157aa3,1.0,563.0,90.39,2295.0,0.13942408561706543,0
1790596970.394542,GPU-7d708c42-8d4a-16d5-0746-474567157aa3,1.0,563.0,91.32,2295.0,0.16137194633483887,0
1790596971.3946643,GPU-7d708c42-8d4a-16d5-0746-474567157aa3,1.0,563.0,90.58,2295.0,0.1607673168182373,0
1790596972.3947864,GPU-7d708c42-8d4a-16d5-0746-474567157aa3,1.0,563.0,90.94,2295.0,0.16249585151672363,0
1790596973.3949106,GPU-7d708c42-8d4a-16d5-0746-474567157aa3,1.0,563.0,90.34,2295.0,0.16144466400146484,0
1790596974.3950741,GPU-7d708c42-8d4a-16d5-0746-474567157aa3,1.0,563.0,90.63,2295.0,0.1633608341217041,0
1790596975.3951902,GPU-7d708c42-8d4a-16d5-0746-474567157aa3,1.0,563.0,90.29,2295.0,0.16449904441833496,0
1790596976.3954446,GPU-7d708c42-8d4a-16d5-0746-474567157aa3,1.0,563.0,90.92,2295.0,0.15736937522888184,0
1790596977.3955328,GPU-7d708c42-8d4a-16d5-0746-474567157aa3,1.0,563.0,90.64,2295.0,0.1555004119873047,0
1790596978.3957264,GPU-7d708c42-8d4a-16d5-0746-474567157aa3,0.0,0.0,91.88,2295.0,0.1485154628753662,0
1790596979.3958087,GPU-7d708c42-8d4a-16d5-0746-474567157aa3,0.0,0.0,88.49,2302.0,0.1586310863494873,0
1790596980.3958948,GPU-7d708c42-8d4a-16d5-0746-474567157aa3,0.0,0.0,45.57,2302.0,0.16551876068115234,0
1790596981.3959804,GPU-7d708c42-8d4a-16d5-0746-474567157aa3,0.0,0.0,41.07,322.0,0.14395403861999512,0
1790596982.3960686,GPU-7d708c42-8d4a-16d5-0746-474567157aa3,0.0,0.0,36.57,187.0,0.16732549667358398,0
1790597056.4055233,GPU-7d708c42-8d4a-16d5-0746-474567157aa3,1.0,563.0,90.72,2302.0,0.14390850067138672,0
1790597057.4056146,GPU-7d708c42-8d4a-16d5-0746-474567157aa3,1.0,563.0,90.02,2302.0,0.16357064247131348,0
1790597058.4057424,GPU-7d708c42-8d4a-16d5-0746-474567157aa3,1.0,563.0,89.78,2302.0,0.16245436668395996,0
1790597059.4058664,GPU-7d708c42-8d4a-16d5-0746-474567157aa3,1.0,563.0,90.29,2302.0,0.16021943092346191,0
1790597060.4059904,GPU-7d708c42-8d4a-16d5-0746-474567157aa3,1.0,563.0,90.86,2302.0,0.1564786434173584,0
1790597061.40611,GPU-7d708c42-8d4a-16d5-0746-474567157aa3,1.0,563.0,90.32,2302.0,0.16600680351257324,0
1790597062.4061985,GPU-7d708c42-8d4a-16d5-0746-474567157aa3,1.0,563.0,90.44,2302.0,0.16209769248962402,0
1790597063.4063058,GPU-7d708c42-8d4a-16d5-0746-474567157aa3,1.0,563.0,90.02,2302.0,0.15756654739379883,0
1790597064.4064262,GPU-7d708c42-8d4a-16d5-0746-474567157aa3,1.0,563.0,90.73,2302.0,0.1612389087677002,0
1790597065.4065535,GPU-7d708c42-8d4a-16d5-0746-474567157aa3,1.0,563.0,90.61,2302.0,0.16068792343139648,0
1790597066.4067163,GPU-7d708c42-8d4a-16d5-0746-474567157aa3,1.0,563.0,90.23,2302.0,0.16550827026367188,0
1790597067.4068437,GPU-7d708c42-8d4a-16d5-0746-474567157aa3,1.0,563.0,90.39,2302.0,0.1575329303741455,0
1790597068.4069715,GPU-7d708c42-8d4a-16d5-0746-474567157aa3,1.0,563.0,90.38,2302.0,0.18032312393188477,0
1790597069.4070961,GPU-7d708c42-8d4a-16d5-0746-474567157aa3,1.0,563.0,90.47,2302.0,0.15907740592956543,0
1790597070.4072216,GPU-7d708c42-8d4a-16d5-0746-474567157aa3,1.0,563.0,90.1,2295.0,0.161545991897583,0
1790597071.4073265,GPU-7d708c42-8d4a-16d5-0746-474567157aa3,1.0,563.0,90.13,2295.0,0.15624213218688965,0
1790597072.407452,GPU-7d708c42-8d4a-16d5-0746-474567157aa3,1.0,563.0,90.15,2295.0,0.16160798072814941,0
1790597073.4075725,GPU-7d708c42-8d4a-16d5-0746-474567157aa3,1.0,563.0,90.69,2295.0,0.1568591594696045,0
1790597074.4077044,GPU-7d708c42-8d4a-16d5-0746-474567157aa3,1.0,563.0,90.68,2295.0,0.16330218315124512,0
1790597075.4078,GPU-7d708c42-8d4a-16d5-0746-474567157aa3,1.0,563.0,90.49,2295.0,0.1484849452972412,0
1790597076.4079316,GPU-7d708c42-8d4a-16d5-0746-474567157aa3,1.0,563.0,90.33,2295.0,0.15912175178527832,0
1790597077.4080565,GPU-7d708c42-8d4a-16d5-0746-474567157aa3,1.0,563.0,90.0,2295.0,0.15961432456970215,0
1790597078.4081469,GPU-7d708c42-8d4a-16d5-0746-474567157aa3,1.0,563.0,90.29,2295.0,0.15681171417236328,0
1790597079.408256,GPU-7d708c42-8d4a-16d5-0746-474567157aa3,1.0,563.0,90.33,2295.0,0.15954303741455078,0
1790597080.4083762,GPU-7d708c42-8d4a-16d5-0746-474567157aa3,1.0,563.0,90.34,2295.0,0.13750410079956055,0
1790597081.408496,GPU-7d708c42-8d4a-16d5-0746-474567157aa3,1.0,563.0,90.24,2295.0,0.13808798789978027,0
1790597082.4086528,GPU-7d708c42-8d4a-16d5-0746-474567157aa3,1.0,563.0,90.39,2295.0,0.1644604206085205,0
1790597083.4088316,GPU-7d708c42-8d4a-16d5-0746-474567157aa3,1.0,563.0,90.96,2295.0,0.16288280487060547,0
1790597084.408969,GPU-7d708c42-8d4a-16d5-0746-474567157aa3,1.0,563.0,90.51,2295.0,0.157578706741333,0
1790597085.4091072,GPU-7d708c42-8d4a-16d5-0746-474567157aa3,1.0,563.0,90.68,2295.0,0.15999221801757812,0
1790597086.4092543,GPU-7d708c42-8d4a-16d5-0746-474567157aa3,1.0,563.0,91.05,2295.0,0.1599431037902832,0
1790597087.4093804,GPU-7d708c42-8d4a-16d5-0746-474567157aa3,1.0,563.0,89.9,2295.0,0.17025113105773926,0
1790597088.409511,GPU-7d708c42-8d4a-16d5-0746-474567157aa3,1.0,563.0,90.46,2295.0,0.15884113311767578,0
1790597089.4096372,GPU-7d708c42-8d4a-16d5-0746-474567157aa3,1.0,563.0,89.69,2295.0,0.15276002883911133,0
1790597090.4097493,GPU-7d708c42-8d4a-16d5-0746-474567157aa3,1.0,563.0,90.44,2295.0,0.15506601333618164,0
1790597091.4098735,GPU-7d708c42-8d4a-16d5-0746-474567157aa3,1.0,563.0,90.39,2295.0,0.16141176223754883,0
1790597092.4099941,GPU-7d708c42-8d4a-16d5-0746-474567157aa3,1.0,563.0,90.78,2295.0,0.16078734397888184,0
1790597093.4101198,GPU-7d708c42-8d4a-16d5-0746-474567157aa3,1.0,563.0,90.64,2295.0,0.16387557983398438,0
1790597094.4102437,GPU-7d708c42-8d4a-16d5-0746-474567157aa3,1.0,563.0,91.14,2295.0,0.1586143970489502,0
1790597095.4103913,GPU-7d708c42-8d4a-16d5-0746-474567157aa3,1.0,563.0,90.5,2295.0,0.1651310920715332,0
1790597096.410601,GPU-7d708c42-8d4a-16d5-0746-474567157aa3,1.0,563.0,90.53,2295.0,0.16008830070495605,0
1790597097.4107225,GPU-7d708c42-8d4a-16d5-0746-474567157aa3,1.0,563.0,90.39,2295.0,0.15980744361877441,0
1790597098.4108617,GPU-7d708c42-8d4a-16d5-0746-474567157aa3,1.0,563.0,90.56,2295.0,0.1696488857269287,0
1790597099.4109857,GPU-7d708c42-8d4a-16d5-0746-474567157aa3,1.0,563.0,90.63,2295.0,0.16333746910095215,0
1790597100.4111292,GPU-7d708c42-8d4a-16d5-0746-474567157aa3,1.0,563.0,90.42,2295.0,0.16451358795166016,0
1790597101.4112527,GPU-7d708c42-8d4a-16d5-0746-474567157aa3,1.0,563.0,90.65,2295.0,0.16332626342773438,0
1790597102.4113739,GPU-7d708c42-8d4a-16d5-0746-474567157aa3,1.0,563.0,90.93,2295.0,0.16110587120056152,0
1790597103.4114969,GPU-7d708c42-8d4a-16d5-0746-474567157aa3,1.0,563.0,91.17,2295.0,0.1619107723236084,0
1790597104.4116216,GPU-7d708c42-8d4a-16d5-0746-474567157aa3,1.0,563.0,90.86,2295.0,0.16394615173339844,0
1790597105.411739,GPU-7d708c42-8d4a-16d5-0746-474567157aa3,1.0,563.0,90.63,2295.0,0.16835594177246094,0
1790597106.4118614,GPU-7d708c42-8d4a-16d5-0746-474567157aa3,1.0,563.0,90.06,2295.0,0.1585984230041504,0
1790597107.4120405,GPU-7d708c42-8d4a-16d5-0746-474567157aa3,1.0,563.0,90.87,2295.0,0.16381311416625977,0
1790597108.4121654,GPU-7d708c42-8d4a-16d5-0746-474567157aa3,1.0,563.0,90.68,2295.0,0.16408371925354004,0
1790597109.4122753,GPU-7d708c42-8d4a-16d5-0746-474567157aa3,1.0,563.0,90.69,2295.0,0.16190195083618164,0
1790597110.4124339,GPU-7d708c42-8d4a-16d5-0746-474567157aa3,1.0,563.0,91.26,2295.0,0.1694962978363037,0
1790597111.4125586,GPU-7d708c42-8d4a-16d5-0746-474567157aa3,1.0,563.0,90.52,2295.0,0.16048932075500488,0
1790597112.4127014,GPU-7d708c42-8d4a-16d5-0746-474567157aa3,1.0,563.0,90.29,2295.0,0.16834163665771484,0
1790597113.4128284,GPU-7d708c42-8d4a-16d5-0746-474567157aa3,1.0,563.0,90.83,2295.0,0.1603984832763672,0
1790597114.4129548,GPU-7d708c42-8d4a-16d5-0746-474567157aa3,1.0,563.0,90.29,2295.0,0.16756057739257812,0
1790597115.4130564,GPU-7d708c42-8d4a-16d5-0746-474567157aa3,1.0,563.0,90.92,2295.0,0.1440589427947998,0
1790597116.413178,GPU-7d708c42-8d4a-16d5-0746-474567157aa3,1.0,563.0,90.51,2295.0,0.1613779067993164,0
1790597117.4132953,GPU-7d708c42-8d4a-16d5-0746-474567157aa3,1.0,563.0,90.24,2295.0,0.15980076789855957,0
1790597118.4134176,GPU-7d708c42-8d4a-16d5-0746-474567157aa3,1.0,563.0,91.13,2295.0,0.1593797206878662,0
1790597119.4135125,GPU-7d708c42-8d4a-16d5-0746-474567157aa3,1.0,563.0,90.73,2295.0,0.16196203231811523,0
1790597120.4136355,GPU-7d708c42-8d4a-16d5-0746-474567157aa3,1.0,563.0,90.77,2295.0,0.1661384105682373,0
1790597121.4137785,GPU-7d708c42-8d4a-16d5-0746-474567157aa3,1.0,563.0,90.74,2295.0,0.1612381935119629,0
1790597122.413989,GPU-7d708c42-8d4a-16d5-0746-474567157aa3,0.0,0.0,89.95,2295.0,0.1408097743988037,0
1790597123.414175,GPU-7d708c42-8d4a-16d5-0746-474567157aa3,0.0,0.0,88.54,2302.0,0.17177033424377441,0
1790597124.4143004,GPU-7d708c42-8d4a-16d5-0746-474567157aa3,0.0,0.0,36.57,420.0,0.16543030738830566,0
1790597125.414409,GPU-7d708c42-8d4a-16d5-0746-474567157aa3,0.0,0.0,36.08,247.0,0.16750288009643555,0
1790597197.4233158,GPU-7d708c42-8d4a-16d5-0746-474567157aa3,94.0,563.0,409.39,2422.0,0.1658933162689209,0
1790597198.423402,GPU-7d708c42-8d4a-16d5-0746-474567157aa3,92.0,563.0,415.74,2422.0,0.1620190143585205,0
1790597199.423602,GPU-7d708c42-8d4a-16d5-0746-474567157aa3,93.0,563.0,411.43,2422.0,0.16083002090454102,0
1790597200.4237266,GPU-7d708c42-8d4a-16d5-0746-474567157aa3,93.0,563.0,416.14,2422.0,0.16591286659240723,0
1790597201.423838,GPU-7d708c42-8d4a-16d5-0746-474567157aa3,92.0,563.0,414.14,2422.0,0.16459941864013672,0
1790597202.4239504,GPU-7d708c42-8d4a-16d5-0746-474567157aa3,91.0,563.0,414.9,2422.0,0.16665196418762207,0
1790597203.4240723,GPU-7d708c42-8d4a-16d5-0746-474567157aa3,93.0,563.0,424.46,2422.0,0.16904020309448242,0
1790597204.424197,GPU-7d708c42-8d4a-16d5-0746-474567157aa3,91.0,563.0,412.25,2422.0,0.13443994522094727,0
1790597205.4243143,GPU-7d708c42-8d4a-16d5-0746-474567157aa3,91.0,563.0,422.62,2422.0,0.16120481491088867,0
1790597206.4244404,GPU-7d708c42-8d4a-16d5-0746-474567157aa3,92.0,563.0,416.94,2422.0,0.16220760345458984,0
1790597207.4245512,GPU-7d708c42-8d4a-16d5-0746-474567157aa3,93.0,563.0,427.34,2422.0,0.1607356071472168,0
1790597208.424711,GPU-7d708c42-8d4a-16d5-0746-474567157aa3,91.0,563.0,418.55,2422.0,0.14173054695129395,0
1790597209.4248345,GPU-7d708c42-8d4a-16d5-0746-474567157aa3,91.0,563.0,419.77,2422.0,0.14197659492492676,0
1790597210.4249527,GPU-7d708c42-8d4a-16d5-0746-474567157aa3,92.0,563.0,424.03,2422.0,0.16855978965759277,0
1790597211.425062,GPU-7d708c42-8d4a-16d5-0746-474567157aa3,90.0,563.0,415.08,2422.0,0.16355252265930176,0
1790597212.4251497,GPU-7d708c42-8d4a-16d5-0746-474567157aa3,91.0,563.0,413.29,2422.0,0.1639409065246582,0
1790597213.4252741,GPU-7d708c42-8d4a-16d5-0746-474567157aa3,92.0,563.0,424.95,2422.0,0.16153311729431152,0
1790597214.4253817,GPU-7d708c42-8d4a-16d5-0746-474567157aa3,93.0,563.0,424.02,2422.0,0.1508340835571289,0
1790597215.425476,GPU-7d708c42-8d4a-16d5-0746-474567157aa3,91.0,563.0,427.72,2422.0,0.152557373046875,0
1790597216.4255822,GPU-7d708c42-8d4a-16d5-0746-474567157aa3,93.0,563.0,422.13,2422.0,0.15062522888183594,0
1790597217.4256952,GPU-7d708c42-8d4a-16d5-0746-474567157aa3,91.0,563.0,423.71,2422.0,0.15410542488098145,0
1790597218.425854,GPU-7d708c42-8d4a-16d5-0746-474567157aa3,92.0,563.0,402.15,2422.0,0.17913413047790527,0
1790597219.4260812,GPU-7d708c42-8d4a-16d5-0746-474567157aa3,92.0,563.0,421.67,2422.0,0.15985965728759766,0
1790597220.4262092,GPU-7d708c42-8d4a-16d5-0746-474567157aa3,90.0,563.0,421.11,2422.0,0.15843439102172852,0
1790597221.4263356,GPU-7d708c42-8d4a-16d5-0746-474567157aa3,91.0,563.0,419.23,2422.0,0.16520428657531738,0
1790597222.426463,GPU-7d708c42-8d4a-16d5-0746-474567157aa3,92.0,563.0,428.14,2422.0,0.16816306114196777,0
1790597223.4266233,GPU-7d708c42-8d4a-16d5-0746-474567157aa3,93.0,563.0,421.45,2422.0,0.16929173469543457,0
1790597224.426745,GPU-7d708c42-8d4a-16d5-0746-474567157aa3,93.0,563.0,421.38,2422.0,0.16361713409423828,0
1790597225.4268684,GPU-7d708c42-8d4a-16d5-0746-474567157aa3,92.0,563.0,418.89,2422.0,0.16193342208862305,0
1790597226.4269938,GPU-7d708c42-8d4a-16d5-0746-474567157aa3,91.0,563.0,428.58,2422.0,0.1340324878692627,0
1790597227.4270947,GPU-7d708c42-8d4a-16d5-0746-474567157aa3,94.0,563.0,421.64,2422.0,0.15619611740112305,0
1790597228.4272022,GPU-7d708c42-8d4a-16d5-0746-474567157aa3,92.0,563.0,432.97,2422.0,0.15365099906921387,0
1790597229.4273276,GPU-7d708c42-8d4a-16d5-0746-474567157aa3,91.0,563.0,420.94,2422.0,0.15799331665039062,0
1790597230.4274352,GPU-7d708c42-8d4a-16d5-0746-474567157aa3,92.0,563.0,427.79,2422.0,0.1288280487060547,0
1790597231.4275172,GPU-7d708c42-8d4a-16d5-0746-474567157aa3,91.0,563.0,425.0,2422.0,0.15314316749572754,0
1790597232.4276247,GPU-7d708c42-8d4a-16d5-0746-474567157aa3,91.0,563.0,422.56,2422.0,0.15058588981628418,0
1790597233.4277318,GPU-7d708c42-8d4a-16d5-0746-474567157aa3,93.0,563.0,420.55,2422.0,0.15623092651367188,0
1790597234.4278378,GPU-7d708c42-8d4a-16d5-0746-474567157aa3,92.0,563.0,422.08,2422.0,0.14951133728027344,0
1790597235.4279454,GPU-7d708c42-8d4a-16d5-0746-474567157aa3,93.0,563.0,425.81,2422.0,0.15210628509521484,0
1790597236.428053,GPU-7d708c42-8d4a-16d5-0746-474567157aa3,95.0,563.0,428.21,2422.0,0.15027666091918945,0
1790597237.4281595,GPU-7d708c42-8d4a-16d5-0746-474567157aa3,93.0,563.0,422.67,2422.0,0.1540513038635254,0
1790597238.428263,GPU-7d708c42-8d4a-16d5-0746-474567157aa3,93.0,563.0,427.31,2422.0,0.1541121006011963,0
1790597239.4283705,GPU-7d708c42-8d4a-16d5-0746-474567157aa3,92.0,563.0,425.31,2422.0,0.1524674892425537,0
1790597240.4285545,GPU-7d708c42-8d4a-16d5-0746-474567157aa3,91.0,563.0,431.02,2422.0,0.1504993438720703,0
1790597241.428638,GPU-7d708c42-8d4a-16d5-0746-474567157aa3,94.0,563.0,406.49,2422.0,0.1327650547027588,0
1790597242.4287434,GPU-7d708c42-8d4a-16d5-0746-474567157aa3,93.0,563.0,434.36,2422.0,0.14807701110839844,0
1790597243.4288502,GPU-7d708c42-8d4a-16d5-0746-474567157aa3,93.0,563.0,425.29,2422.0,0.15479183197021484,0
1790597244.4289553,GPU-7d708c42-8d4a-16d5-0746-474567157aa3,92.0,563.0,428.35,2422.0,0.15749740600585938,0
1790597245.429142,GPU-7d708c42-8d4a-16d5-0746-474567157aa3,91.0,563.0,426.18,2422.0,0.1663050651550293,0
1790597246.4292686,GPU-7d708c42-8d4a-16d5-0746-474567157aa3,93.0,563.0,425.63,2422.0,0.16083884239196777,0
1790597247.4293966,GPU-7d708c42-8d4a-16d5-0746-474567157aa3,93.0,563.0,419.02,2422.0,0.16678214073181152,0
1790597248.429522,GPU-7d708c42-8d4a-16d5-0746-474567157aa3,90.0,563.0,415.58,2422.0,0.17562055587768555,0
1790597249.4296455,GPU-7d708c42-8d4a-16d5-0746-474567157aa3,93.0,563.0,426.66,2422.0,0.14504504203796387,0
1790597250.4298685,GPU-7d708c42-8d4a-16d5-0746-474567157aa3,92.0,563.0,432.53,2422.0,0.1404097080230713,0
1790597251.4300685,GPU-7d708c42-8d4a-16d5-0746-474567157aa3,92.0,563.0,426.8,2422.0,0.17600584030151367,0
1790597252.4301875,GPU-7d708c42-8d4a-16d5-0746-474567157aa3,93.0,563.0,429.83,2422.0,0.16103124618530273,0
1790597253.430331,GPU-7d708c42-8d4a-16d5-0746-474567157aa3,92.0,563.0,423.4,2422.0,0.16168689727783203,0
1790597254.4304883,GPU-7d708c42-8d4a-16d5-0746-474567157aa3,93.0,563.0,428.88,2422.0,0.1690959930419922,0
1790597255.4306357,GPU-7d708c42-8d4a-16d5-0746-474567157aa3,92.0,563.0,422.83,2422.0,0.17161273956298828,0
1790597256.4307456,GPU-7d708c42-8d4a-16d5-0746-474567157aa3,95.0,563.0,427.06,2422.0,0.15739083290100098,0
1790597257.430853,GPU-7d708c42-8d4a-16d5-0746-474567157aa3,91.0,563.0,424.99,2422.0,0.1502397060394287,0
1790597258.430962,GPU-7d708c42-8d4a-16d5-0746-474567157aa3,91.0,563.0,423.48,2422.0,0.1558089256286621,0
1790597259.4310417,GPU-7d708c42-8d4a-16d5-0746-474567157aa3,92.0,563.0,425.3,2422.0,0.13000822067260742,0
1790597260.4311185,GPU-7d708c42-8d4a-16d5-0746-474567157aa3,91.0,563.0,415.4,2422.0,0.15420174598693848,0
1790597261.4312217,GPU-7d708c42-8d4a-16d5-0746-474567157aa3,92.0,563.0,435.17,2422.0,0.15219330787658691,0
1790597262.431345,GPU-7d708c42-8d4a-16d5-0746-474567157aa3,0.0,0.0,260.34,2422.0,0.16872692108154297,0
1790597263.4314718,GPU-7d708c42-8d4a-16d5-0746-474567157aa3,0.0,0.0,91.42,2430.0,0.15974116325378418,0
1790597264.431587,GPU-7d708c42-8d4a-16d5-0746-474567157aa3,0.0,0.0,39.6,487.0,0.16917800903320312,0
1790597265.4316611,GPU-7d708c42-8d4a-16d5-0746-474567157aa3,0.0,0.0,38.62,292.0,0.17283248901367188,0
1790597266.4317892,GPU-7d708c42-8d4a-16d5-0746-474567157aa3,0.0,0.0,38.14,180.0,0.14690208435058594,0
1790597339.4407284,GPU-7d708c42-8d4a-16d5-0746-474567157aa3,91.0,563.0,412.27,2422.0,0.16552138328552246,0
1790597340.4408762,GPU-7d708c42-8d4a-16d5-0746-474567157aa3,93.0,563.0,417.01,2422.0,0.16798067092895508,0
1790597341.44101,GPU-7d708c42-8d4a-16d5-0746-474567157aa3,90.0,563.0,417.13,2422.0,0.16569137573242188,0
1790597342.441136,GPU-7d708c42-8d4a-16d5-0746-474567157aa3,93.0,563.0,412.29,2422.0,0.16527247428894043,0
1790597343.441255,GPU-7d708c42-8d4a-16d5-0746-474567157aa3,93.0,563.0,429.37,2422.0,0.16051888465881348,0
1790597344.4413757,GPU-7d708c42-8d4a-16d5-0746-474567157aa3,91.0,563.0,421.8,2422.0,0.17148065567016602,0
1790597345.4414616,GPU-7d708c42-8d4a-16d5-0746-474567157aa3,91.0,563.0,416.9,2422.0,0.15088248252868652,0
1790597346.4416115,GPU-7d708c42-8d4a-16d5-0746-474567157aa3,90.0,563.0,429.39,2422.0,0.15355968475341797,0
1790597347.4417145,GPU-7d708c42-8d4a-16d5-0746-474567157aa3,91.0,563.0,413.47,2422.0,0.1566929817199707,0
1790597348.4418218,GPU-7d708c42-8d4a-16d5-0746-474567157aa3,91.0,563.0,420.6,2422.0,0.1557934284210205,0
1790597349.442013,GPU-7d708c42-8d4a-16d5-0746-474567157aa3,92.0,563.0,427.65,2422.0,0.1509850025177002,0
1790597350.442126,GPU-7d708c42-8d4a-16d5-0746-474567157aa3,91.0,563.0,417.57,2422.0,0.15693879127502441,0
1790597351.442227,GPU-7d708c42-8d4a-16d5-0746-474567157aa3,92.0,563.0,419.76,2422.0,0.16405200958251953,0
1790597352.4423363,GPU-7d708c42-8d4a-16d5-0746-474567157aa3,93.0,563.0,415.99,2422.0,0.15363121032714844,0
1790597353.4424393,GPU-7d708c42-8d4a-16d5-0746-474567157aa3,91.0,563.0,428.94,2422.0,0.13336968421936035,0
1790597354.4425259,GPU-7d708c42-8d4a-16d5-0746-474567157aa3,92.0,563.0,423.0,2422.0,0.13191556930541992,0
1790597355.4426477,GPU-7d708c42-8d4a-16d5-0746-474567157aa3,92.0,563.0,427.43,2422.0,0.1590735912322998,0
1790597356.4427586,GPU-7d708c42-8d4a-16d5-0746-474567157aa3,93.0,563.0,426.96,2422.0,0.15622448921203613,0
1790597357.4429045,GPU-7d708c42-8d4a-16d5-0746-474567157aa3,92.0,563.0,428.64,2422.0,0.1530780792236328,0
1790597358.4430935,GPU-7d708c42-8d4a-16d5-0746-474567157aa3,93.0,563.0,427.58,2422.0,0.15689945220947266,0
1790597359.4432013,GPU-7d708c42-8d4a-16d5-0746-474567157aa3,91.0,563.0,426.49,2422.0,0.15563583374023438,0
1790597360.4433048,GPU-7d708c42-8d4a-16d5-0746-474567157aa3,92.0,563.0,417.68,2422.0,0.1590888500213623,0
1790597361.443403,GPU-7d708c42-8d4a-16d5-0746-474567157aa3,92.0,563.0,419.27,2422.0,0.1528472900390625,0
1790597362.4435258,GPU-7d708c42-8d4a-16d5-0746-474567157aa3,92.0,563.0,429.1,2422.0,0.16442203521728516,0
1790597363.443633,GPU-7d708c42-8d4a-16d5-0746-474567157aa3,92.0,563.0,419.75,2422.0,0.15350818634033203,0
1790597364.4438174,GPU-7d708c42-8d4a-16d5-0746-474567157aa3,91.0,563.0,423.73,2422.0,0.15576767921447754,0
1790597365.4439545,GPU-7d708c42-8d4a-16d5-0746-474567157aa3,92.0,563.0,424.5,2422.0,0.15345430374145508,0
1790597366.44406,GPU-7d708c42-8d4a-16d5-0746-474567157aa3,93.0,563.0,434.08,2422.0,0.15135717391967773,0
1790597367.444167,GPU-7d708c42-8d4a-16d5-0746-474567157aa3,92.0,563.0,430.35,2422.0,0.15259027481079102,0
1790597368.4442852,GPU-7d708c42-8d4a-16d5-0746-474567157aa3,91.0,563.0,428.27,2422.0,0.1685161590576172,0
1790597369.444388,GPU-7d708c42-8d4a-16d5-0746-474567157aa3,91.0,563.0,428.02,2422.0,0.1519019603729248,0
1790597370.4445047,GPU-7d708c42-8d4a-16d5-0746-474567157aa3,94.0,563.0,420.96,2422.0,0.14978313446044922,0
1790597371.4445791,GPU-7d708c42-8d4a-16d5-0746-474567157aa3,93.0,563.0,428.03,2422.0,0.1524810791015625,0
1790597372.4447117,GPU-7d708c42-8d4a-16d5-0746-474567157aa3,93.0,563.0,424.21,2422.0,0.15895438194274902,0
1790597373.4448493,GPU-7d708c42-8d4a-16d5-0746-474567157aa3,92.0,563.0,421.23,2422.0,0.15029335021972656,0
1790597374.444923,GPU-7d708c42-8d4a-16d5-0746-474567157aa3,94.0,563.0,428.98,2422.0,0.1559276580810547,0
1790597375.4450252,GPU-7d708c42-8d4a-16d5-0746-474567157aa3,91.0,563.0,424.02,2422.0,0.1564016342163086,0
1790597376.445133,GPU-7d708c42-8d4a-16d5-0746-474567157aa3,91.0,563.0,430.25,2422.0,0.12953615188598633,0
1790597377.4452384,GPU-7d708c42-8d4a-16d5-0746-474567157aa3,93.0,563.0,428.41,2422.0,0.15479278564453125,0
1790597378.4453611,GPU-7d708c42-8d4a-16d5-0746-474567157aa3,94.0,563.0,433.14,2422.0,0.14226460456848145,0
1790597379.4455004,GPU-7d708c42-8d4a-16d5-0746-474567157aa3,93.0,563.0,428.63,2422.0,0.16296911239624023,0
1790597380.4456093,GPU-7d708c42-8d4a-16d5-0746-474567157aa3,90.0,563.0,424.79,2422.0,0.15495610237121582,0
1790597381.4457173,GPU-7d708c42-8d4a-16d5-0746-474567157aa3,92.0,563.0,432.04,2422.0,0.15836453437805176,0
1790597382.445824,GPU-7d708c42-8d4a-16d5-0746-474567157aa3,92.0,563.0,433.71,2422.0,0.15361738204956055,0
1790597383.445909,GPU-7d708c42-8d4a-16d5-0746-474567157aa3,93.0,563.0,430.39,2422.0,0.16059041023254395,0
1790597384.445989,GPU-7d708c42-8d4a-16d5-0746-474567157aa3,92.0,563.0,427.88,2422.0,0.16085457801818848,0
1790597385.4460926,GPU-7d708c42-8d4a-16d5-0746-474567157aa3,92.0,563.0,430.26,2422.0,0.15244483947753906,0
1790597386.4462662,GPU-7d708c42-8d4a-16d5-0746-474567157aa3,93.0,563.0,426.8,2422.0,0.1547250747680664,0
1790597387.44637,GPU-7d708c42-8d4a-16d5-0746-474567157aa3,92.0,563.0,435.66,2422.0,0.1550464630126953,0
1790597388.4464765,GPU-7d708c42-8d4a-16d5-0746-474567157aa3,92.0,563.0,432.84,2422.0,0.15758037567138672,0
1790597389.4465845,GPU-7d708c42-8d4a-16d5-0746-474567157aa3,92.0,563.0,425.33,2422.0,0.15369653701782227,0
1790597390.4467294,GPU-7d708c42-8d4a-16d5-0746-474567157aa3,93.0,563.0,425.3,2422.0,0.15613675117492676,0
1790597391.4468374,GPU-7d708c42-8d4a-16d5-0746-474567157aa3,92.0,563.0,426.91,2422.0,0.13136625289916992,0
1790597392.4469428,GPU-7d708c42-8d4a-16d5-0746-474567157aa3,93.0,563.0,425.13,2422.0,0.15847182273864746,0
1790597393.447051,GPU-7d708c42-8d4a-16d5-0746-474567157aa3,93.0,563.0,424.21,2422.0,0.15802693367004395,0
1790597394.4471495,GPU-7d708c42-8d4a-16d5-0746-474567157aa3,94.0,563.0,424.88,2422.0,0.15503740310668945,0
1790597395.4472528,GPU-7d708c42-8d4a-16d5-0746-474567157aa3,93.0,563.0,424.77,2422.0,0.15795564651489258,0
1790597396.4473372,GPU-7d708c42-8d4a-16d5-0746-474567157aa3,92.0,563.0,420.01,2422.0,0.15540003776550293,0
1790597397.4474442,GPU-7d708c42-8d4a-16d5-0746-474567157aa3,93.0,563.0,429.11,2422.0,0.13690948486328125,0
1790597398.4475448,GPU-7d708c42-8d4a-16d5-0746-474567157aa3,92.0,563.0,425.17,2422.0,0.16752243041992188,0
1790597399.447652,GPU-7d708c42-8d4a-16d5-0746-474567157aa3,92.0,563.0,424.36,2422.0,0.1547856330871582,0
1790597400.44776,GPU-7d708c42-8d4a-16d5-0746-474567157aa3,92.0,563.0,425.5,2422.0,0.15509295463562012,0
1790597401.447845,GPU-7d708c42-8d4a-16d5-0746-474567157aa3,93.0,563.0,420.42,2422.0,0.15491962432861328,0
1790597402.447958,GPU-7d708c42-8d4a-16d5-0746-474567157aa3,94.0,563.0,429.8,2422.0,0.13100194931030273,0
1790597403.448035,GPU-7d708c42-8d4a-16d5-0746-474567157aa3,91.0,563.0,435.61,2422.0,0.15387940406799316,0
1790597404.4481432,GPU-7d708c42-8d4a-16d5-0746-474567157aa3,92.0,558.0,400.38,2422.0,0.19406485557556152,0
1790597405.4482596,GPU-7d708c42-8d4a-16d5-0746-474567157aa3,0.0,0.0,93.05,2430.0,0.1675868034362793,0
1790597406.4483519,GPU-7d708c42-8d4a-16d5-0746-474567157aa3,0.0,0.0,93.07,2422.0,0.1735990047454834,0
1790597407.44848,GPU-7d708c42-8d4a-16d5-0746-474567157aa3,0.0,0.0,39.57,1065.0,0.17575359344482422,0
1790597408.4486248,GPU-7d708c42-8d4a-16d5-0746-474567157aa3,0.0,0.0,39.08,300.0,0.1708066463470459,0
1790597481.4577885,GPU-7d708c42-8d4a-16d5-0746-474567157aa3,91.0,563.0,422.7,2422.0,0.16509032249450684,0
1790597482.4579117,GPU-7d708c42-8d4a-16d5-0746-474567157aa3,93.0,563.0,425.43,2422.0,0.16488885879516602,0
1790597483.458021,GPU-7d708c42-8d4a-16d5-0746-474567157aa3,92.0,563.0,424.28,2422.0,0.16561579704284668,0
1790597484.4581585,GPU-7d708c42-8d4a-16d5-0746-474567157aa3,93.0,563.0,414.56,2422.0,0.1620798110961914,0
1790597485.4582782,GPU-7d708c42-8d4a-16d5-0746-474567157aa3,93.0,563.0,424.36,2422.0,0.16597700119018555,0
1790597486.4583814,GPU-7d708c42-8d4a-16d5-0746-474567157aa3,92.0,563.0,423.0,2422.0,0.16984343528747559,0
1790597487.4585073,GPU-7d708c42-8d4a-16d5-0746-474567157aa3,92.0,563.0,415.5,2422.0,0.15141654014587402,0
1790597488.4585974,GPU-7d708c42-8d4a-16d5-0746-474567157aa3,92.0,563.0,429.48,2422.0,0.16186952590942383,0
1790597489.4587207,GPU-7d708c42-8d4a-16d5-0746-474567157aa3,91.0,563.0,425.6,2422.0,0.16497135162353516,0
1790597490.4588387,GPU-7d708c42-8d4a-16d5-0746-474567157aa3,92.0,563.0,422.33,2422.0,0.1662273406982422,0
1790597491.4589233,GPU-7d708c42-8d4a-16d5-0746-474567157aa3,93.0,563.0,427.78,2422.0,0.16519713401794434,0
1790597492.4590046,GPU-7d708c42-8d4a-16d5-0746-474567157aa3,92.0,563.0,424.44,2422.0,0.15708541870117188,0
1790597493.4590898,GPU-7d708c42-8d4a-16d5-0746-474567157aa3,93.0,563.0,424.78,2422.0,0.12984728813171387,0
1790597494.4591918,GPU-7d708c42-8d4a-16d5-0746-474567157aa3,91.0,563.0,425.79,2422.0,0.15624713897705078,0
1790597495.4592936,GPU-7d708c42-8d4a-16d5-0746-474567157aa3,92.0,563.0,426.79,2422.0,0.1545264720916748,0
1790597496.459401,GPU-7d708c42-8d4a-16d5-0746-474567157aa3,92.0,563.0,431.95,2422.0,0.15446877479553223,0
1790597497.459524,GPU-7d708c42-8d4a-16d5-0746-474567157aa3,92.0,563.0,424.13,2422.0,0.17983198165893555,0
1790597498.4597263,GPU-7d708c42-8d4a-16d5-0746-474567157aa3,92.0,563.0,418.99,2422.0,0.16612768173217773,0
1790597499.459847,GPU-7d708c42-8d4a-16d5-0746-474567157aa3,92.0,563.0,427.27,2422.0,0.14264178276062012,0
1790597500.459972,GPU-7d708c42-8d4a-16d5-0746-474567157aa3,93.0,563.0,432.0,2422.0,0.13914155960083008,0
1790597501.4600887,GPU-7d708c42-8d4a-16d5-0746-474567157aa3,92.0,563.0,431.04,2422.0,0.1457688808441162,0
1790597502.460212,GPU-7d708c42-8d4a-16d5-0746-474567157aa3,92.0,563.0,432.42,2422.0,0.17789053916931152,0
1790597503.4603314,GPU-7d708c42-8d4a-16d5-0746-474567157aa3,91.0,563.0,430.43,2422.0,0.1604297161102295,0
1790597504.4604542,GPU-7d708c42-8d4a-16d5-0746-474567157aa3,92.0,563.0,428.07,2422.0,0.1695542335510254,0
1790597505.4605777,GPU-7d708c42-8d4a-16d5-0746-474567157aa3,91.0,563.0,412.34,2422.0,0.16748929023742676,0
1790597506.4607377,GPU-7d708c42-8d4a-16d5-0746-474567157aa3,92.0,563.0,422.96,2422.0,0.17420434951782227,0
1790597507.4608576,GPU-7d708c42-8d4a-16d5-0746-474567157aa3,92.0,563.0,432.09,2422.0,0.16907143592834473,0
1790597508.4609816,GPU-7d708c42-8d4a-16d5-0746-474567157aa3,91.0,563.0,424.7,2422.0,0.16373181343078613,0
1790597509.4610991,GPU-7d708c42-8d4a-16d5-0746-474567157aa3,92.0,563.0,425.85,2422.0,0.16714835166931152,0
1790597510.4612095,GPU-7d708c42-8d4a-16d5-0746-474567157aa3,92.0,563.0,427.84,2422.0,0.16362428665161133,0
1790597511.4613116,GPU-7d708c42-8d4a-16d5-0746-474567157aa3,92.0,563.0,431.66,2422.0,0.1833512783050537,0
1790597512.461413,GPU-7d708c42-8d4a-16d5-0746-474567157aa3,92.0,563.0,429.46,2422.0,0.15944957733154297,0
1790597513.4614947,GPU-7d708c42-8d4a-16d5-0746-474567157aa3,93.0,563.0,431.76,2422.0,0.1552591323852539,0
1790597514.461641,GPU-7d708c42-8d4a-16d5-0746-474567157aa3,91.0,563.0,437.27,2422.0,0.15531563758850098,0
1790597515.4617436,GPU-7d708c42-8d4a-16d5-0746-474567157aa3,92.0,563.0,421.42,2422.0,0.1541733741760254,0
1790597516.461845,GPU-7d708c42-8d4a-16d5-0746-474567157aa3,91.0,563.0,421.67,2422.0,0.15387988090515137,0
1790597517.4620285,GPU-7d708c42-8d4a-16d5-0746-474567157aa3,92.0,563.0,416.05,2422.0,0.15822863578796387,0
1790597518.4621298,GPU-7d708c42-8d4a-16d5-0746-474567157aa3,92.0,563.0,423.65,2422.0,0.17034077644348145,0
1790597519.4622858,GPU-7d708c42-8d4a-16d5-0746-474567157aa3,92.0,563.0,424.64,2422.0,0.15575027465820312,0
1790597520.4623933,GPU-7d708c42-8d4a-16d5-0746-474567157aa3,92.0,563.0,419.92,2422.0,0.15989947319030762,0
1790597521.4625084,GPU-7d708c42-8d4a-16d5-0746-474567157aa3,91.0,563.0,423.31,2422.0,0.1640465259552002,0
1790597522.4626315,GPU-7d708c42-8d4a-16d5-0746-474567157aa3,91.0,563.0,423.08,2422.0,0.1717979907989502,0
1790597523.4627407,GPU-7d708c42-8d4a-16d5-0746-474567157aa3,90.0,563.0,420.13,2422.0,0.16220402717590332,0
1790597524.4628637,GPU-7d708c42-8d4a-16d5-0746-474567157aa3,91.0,563.0,422.41,2422.0,0.1707770824432373,0
1790597525.4629877,GPU-7d708c42-8d4a-16d5-0746-474567157aa3,91.0,563.0,429.92,2422.0,0.16472172737121582,0
1790597526.46311,GPU-7d708c42-8d4a-16d5-0746-474567157aa3,93.0,563.0,420.84,2422.0,0.16867756843566895,0
1790597527.4632277,GPU-7d708c42-8d4a-16d5-0746-474567157aa3,92.0,563.0,416.98,2422.0,0.16915440559387207,0
1790597528.4633505,GPU-7d708c42-8d4a-16d5-0746-474567157aa3,91.0,563.0,426.98,2422.0,0.1694488525390625,0
1790597529.4634736,GPU-7d708c42-8d4a-16d5-0746-474567157aa3,93.0,563.0,430.26,2422.0,0.17975878715515137,0
1790597530.4635935,GPU-7d708c42-8d4a-16d5-0746-474567157aa3,91.0,563.0,433.6,2422.0,0.1403484344482422,0
1790597531.4637182,GPU-7d708c42-8d4a-16d5-0746-474567157aa3,92.0,563.0,424.26,2422.0,0.13930010795593262,0
1790597532.46384,GPU-7d708c42-8d4a-16d5-0746-474567157aa3,92.0,563.0,422.07,2422.0,0.1601581573486328,0
1790597533.463964,GPU-7d708c42-8d4a-16d5-0746-474567157aa3,92.0,563.0,437.7,2422.0,0.1560039520263672,0
1790597534.46407,GPU-7d708c42-8d4a-16d5-0746-474567157aa3,93.0,563.0,432.02,2422.0,0.15710735321044922,0
1790597535.4641721,GPU-7d708c42-8d4a-16d5-0746-474567157aa3,92.0,563.0,431.74,2422.0,0.15228724479675293,0
1790597536.4642782,GPU-7d708c42-8d4a-16d5-0746-474567157aa3,91.0,563.0,431.54,2422.0,0.15838408470153809,0
1790597537.4643855,GPU-7d708c42-8d4a-16d5-0746-474567157aa3,93.0,563.0,432.65,2422.0,0.15820002555847168,0
1790597538.4644918,GPU-7d708c42-8d4a-16d5-0746-474567157aa3,92.0,563.0,430.4,2422.0,0.13795971870422363,0
1790597539.464585,GPU-7d708c42-8d4a-16d5-0746-474567157aa3,92.0,563.0,436.09,2422.0,0.13541913032531738,0
1790597540.4647262,GPU-7d708c42-8d4a-16d5-0746-474567157aa3,93.0,563.0,429.26,2422.0,0.1603398323059082,0
1790597541.4648232,GPU-7d708c42-8d4a-16d5-0746-474567157aa3,93.0,563.0,435.85,2422.0,0.16788434982299805,0
1790597542.4649446,GPU-7d708c42-8d4a-16d5-0746-474567157aa3,91.0,563.0,423.87,2422.0,0.167802095413208,0
1790597543.465062,GPU-7d708c42-8d4a-16d5-0746-474567157aa3,93.0,563.0,423.11,2422.0,0.16898226737976074,0
1790597544.4651816,GPU-7d708c42-8d4a-16d5-0746-474567157aa3,92.0,563.0,430.19,2422.0,0.16827726364135742,0
1790597545.465303,GPU-7d708c42-8d4a-16d5-0746-474567157aa3,91.0,563.0,426.53,2422.0,0.16785144805908203,0
1790597546.4653938,GPU-7d708c42-8d4a-16d5-0746-474567157aa3,1.0,0.0,295.21,2422.0,0.16607069969177246,0
1790597547.465469,GPU-7d708c42-8d4a-16d5-0746-474567157aa3,0.0,0.0,92.82,2430.0,0.15675711631774902,0
1790597548.4656043,GPU-7d708c42-8d4a-16d5-0746-474567157aa3,0.0,0.0,40.06,465.0,0.18186593055725098,0
1790597549.4658065,GPU-7d708c42-8d4a-16d5-0746-474567157aa3,0.0,0.0,39.11,277.0,0.15335369110107422,0
1790597550.465931,GPU-7d708c42-8d4a-16d5-0746-474567157aa3,0.0,0.0,38.62,180.0,0.17161202430725098,0
1790597621.4754007,GPU-7d708c42-8d4a-16d5-0746-474567157aa3,1.0,563.0,92.9,2295.0,0.16547679901123047,0
1790597622.4755244,GPU-7d708c42-8d4a-16d5-0746-474567157aa3,1.0,563.0,92.83,2295.0,0.16794300079345703,0
1790597623.475649,GPU-7d708c42-8d4a-16d5-0746-474567157aa3,1.0,563.0,93.59,2295.0,0.1678006649017334,0
1790597624.475716,GPU-7d708c42-8d4a-16d5-0746-474567157aa3,1.0,563.0,92.7,2295.0,0.14360475540161133,0
1790597625.4760668,GPU-7d708c42-8d4a-16d5-0746-474567157aa3,1.0,563.0,92.79,2295.0,0.1433877944946289,0
1790597626.4761987,GPU-7d708c42-8d4a-16d5-0746-474567157aa3,1.0,563.0,93.27,2295.0,0.167372465133667,0
1790597627.4763374,GPU-7d708c42-8d4a-16d5-0746-474567157aa3,1.0,563.0,93.13,2295.0,0.14156889915466309,0
1790597628.4765399,GPU-7d708c42-8d4a-16d5-0746-474567157aa3,1.0,563.0,92.73,2295.0,0.16823863983154297,0
1790597629.476626,GPU-7d708c42-8d4a-16d5-0746-474567157aa3,1.0,563.0,93.24,2295.0,0.16883397102355957,0
1790597630.4767315,GPU-7d708c42-8d4a-16d5-0746-474567157aa3,1.0,563.0,92.96,2295.0,0.1750030517578125,0
1790597631.476823,GPU-7d708c42-8d4a-16d5-0746-474567157aa3,1.0,563.0,92.86,2295.0,0.17161774635314941,0
1790597632.4769466,GPU-7d708c42-8d4a-16d5-0746-474567157aa3,1.0,563.0,92.43,2295.0,0.16656780242919922,0
1790597633.4770377,GPU-7d708c42-8d4a-16d5-0746-474567157aa3,1.0,563.0,93.12,2295.0,0.16994619369506836,0
1790597634.4771352,GPU-7d708c42-8d4a-16d5-0746-474567157aa3,1.0,563.0,92.94,2295.0,0.1605982780456543,0
1790597635.4772582,GPU-7d708c42-8d4a-16d5-0746-474567157aa3,1.0,563.0,92.89,2295.0,0.1451883316040039,0
1790597636.4773693,GPU-7d708c42-8d4a-16d5-0746-474567157aa3,1.0,563.0,92.76,2295.0,0.17258191108703613,0
1790597637.4774919,GPU-7d708c42-8d4a-16d5-0746-474567157aa3,1.0,563.0,92.34,2295.0,0.16315889358520508,0
1790597638.477616,GPU-7d708c42-8d4a-16d5-0746-474567157aa3,1.0,563.0,93.21,2295.0,0.17423057556152344,0
1790597639.4777415,GPU-7d708c42-8d4a-16d5-0746-474567157aa3,1.0,563.0,93.94,2295.0,0.16882634162902832,0
1790597640.477869,GPU-7d708c42-8d4a-16d5-0746-474567157aa3,1.0,563.0,93.68,2295.0,0.14400887489318848,0
1790597641.4779918,GPU-7d708c42-8d4a-16d5-0746-474567157aa3,1.0,563.0,94.27,2295.0,0.16773009300231934,0
1790597642.4781122,GPU-7d708c42-8d4a-16d5-0746-474567157aa3,1.0,563.0,93.0,2295.0,0.16724109649658203,0
1790597643.478234,GPU-7d708c42-8d4a-16d5-0746-474567157aa3,1.0,563.0,92.82,2295.0,0.17326903343200684,0
1790597644.47845,GPU-7d708c42-8d4a-16d5-0746-474567157aa3,1.0,563.0,92.85,2295.0,0.14075422286987305,0
1790597645.4785583,GPU-7d708c42-8d4a-16d5-0746-474567157aa3,1.0,563.0,92.83,2295.0,0.16966509819030762,0
1790597646.4786506,GPU-7d708c42-8d4a-16d5-0746-474567157aa3,1.0,563.0,93.6,2295.0,0.17095661163330078,0
1790597647.478752,GPU-7d708c42-8d4a-16d5-0746-474567157aa3,1.0,563.0,92.99,2295.0,0.1411147117614746,0
1790597648.478876,GPU-7d708c42-8d4a-16d5-0746-474567157aa3,1.0,563.0,92.9,2295.0,0.1710658073425293,0
1790597649.4790425,GPU-7d708c42-8d4a-16d5-0746-474567157aa3,1.0,563.0,92.89,2295.0,0.16815948486328125,0
1790597650.479201,GPU-7d708c42-8d4a-16d5-0746-474567157aa3,1.0,563.0,93.01,2295.0,0.17110013961791992,0
1790597651.4793262,GPU-7d708c42-8d4a-16d5-0746-474567157aa3,1.0,563.0,92.7,2295.0,0.16506528854370117,0
1790597652.4794111,GPU-7d708c42-8d4a-16d5-0746-474567157aa3,1.0,563.0,92.9,2295.0,0.16573715209960938,0
1790597653.4795122,GPU-7d708c42-8d4a-16d5-0746-474567157aa3,1.0,563.0,92.6,2295.0,0.14788126945495605,0
1790597654.4796352,GPU-7d708c42-8d4a-16d5-0746-474567157aa3,1.0,563.0,92.99,2295.0,0.14738011360168457,0
1790597655.4797661,GPU-7d708c42-8d4a-16d5-0746-474567157aa3,1.0,563.0,93.27,2295.0,0.1661074161529541,0
1790597656.4798932,GPU-7d708c42-8d4a-16d5-0746-474567157aa3,1.0,563.0,92.91,2295.0,0.1689774990081787,0
1790597657.480003,GPU-7d708c42-8d4a-16d5-0746-474567157aa3,1.0,563.0,93.21,2295.0,0.17166352272033691,0
1790597658.4801254,GPU-7d708c42-8d4a-16d5-0746-474567157aa3,1.0,563.0,92.98,2295.0,0.16797423362731934,0
1790597659.4803083,GPU-7d708c42-8d4a-16d5-0746-474567157aa3,1.0,563.0,93.06,2295.0,0.13907337188720703,0
1790597660.4804306,GPU-7d708c42-8d4a-16d5-0746-474567157aa3,1.0,563.0,92.96,2295.0,0.17020368576049805,0
1790597661.4805465,GPU-7d708c42-8d4a-16d5-0746-474567157aa3,1.0,563.0,93.2,2295.0,0.17206740379333496,0
1790597662.4806519,GPU-7d708c42-8d4a-16d5-0746-474567157aa3,1.0,563.0,92.95,2295.0,0.17237138748168945,0
1790597663.4807732,GPU-7d708c42-8d4a-16d5-0746-474567157aa3,1.0,563.0,93.23,2295.0,0.1630690097808838,0
1790597664.4808586,GPU-7d708c42-8d4a-16d5-0746-474567157aa3,1.0,563.0,93.22,2295.0,0.16912484169006348,0
1790597665.4809809,GPU-7d708c42-8d4a-16d5-0746-474567157aa3,1.0,563.0,92.65,2295.0,0.1715869903564453,0
1790597666.4811037,GPU-7d708c42-8d4a-16d5-0746-474567157aa3,1.0,563.0,92.18,2295.0,0.16967058181762695,0
1790597667.481225,GPU-7d708c42-8d4a-16d5-0746-474567157aa3,1.0,563.0,93.74,2295.0,0.1714160442352295,0
1790597668.4813104,GPU-7d708c42-8d4a-16d5-0746-474567157aa3,1.0,563.0,93.07,2295.0,0.14661645889282227,0
1790597669.4814339,GPU-7d708c42-8d4a-16d5-0746-474567157aa3,1.0,563.0,93.17,2295.0,0.16965937614440918,0
1790597670.4815564,GPU-7d708c42-8d4a-16d5-0746-474567157aa3,1.0,563.0,93.05,2295.0,0.17046761512756348,0
1790597671.4817243,GPU-7d708c42-8d4a-16d5-0746-474567157aa3,1.0,563.0,92.99,2295.0,0.16888713836669922,0
1790597672.481838,GPU-7d708c42-8d4a-16d5-0746-474567157aa3,1.0,563.0,92.92,2295.0,0.17327117919921875,0
1790597673.4819255,GPU-7d708c42-8d4a-16d5-0746-474567157aa3,1.0,563.0,93.14,2295.0,0.17042255401611328,0
1790597674.482017,GPU-7d708c42-8d4a-16d5-0746-474567157aa3,1.0,563.0,92.99,2295.0,0.17064523696899414,0
1790597675.4821393,GPU-7d708c42-8d4a-16d5-0746-474567157aa3,1.0,563.0,92.46,2295.0,0.16878104209899902,0
1790597676.4822633,GPU-7d708c42-8d4a-16d5-0746-474567157aa3,1.0,563.0,93.0,2295.0,0.16973352432250977,0
1790597677.482386,GPU-7d708c42-8d4a-16d5-0746-474567157aa3,1.0,563.0,92.5,2295.0,0.16801691055297852,0
1790597678.4825106,GPU-7d708c42-8d4a-16d5-0746-474567157aa3,1.0,563.0,92.77,2295.0,0.17527294158935547,0
1790597679.4826345,GPU-7d708c42-8d4a-16d5-0746-474567157aa3,1.0,563.0,93.05,2295.0,0.16924333572387695,0
1790597680.482715,GPU-7d708c42-8d4a-16d5-0746-474567157aa3,1.0,563.0,92.82,2295.0,0.17035818099975586,0
1790597681.4828632,GPU-7d708c42-8d4a-16d5-0746-474567157aa3,1.0,563.0,92.76,2295.0,0.16827130317687988,0
1790597682.482988,GPU-7d708c42-8d4a-16d5-0746-474567157aa3,1.0,563.0,92.72,2295.0,0.16709399223327637,0
1790597683.4831045,GPU-7d708c42-8d4a-16d5-0746-474567157aa3,1.0,563.0,92.0,2295.0,0.14483189582824707,0
1790597684.4832296,GPU-7d708c42-8d4a-16d5-0746-474567157aa3,1.0,563.0,92.71,2295.0,0.1715683937072754,0
1790597685.483355,GPU-7d708c42-8d4a-16d5-0746-474567157aa3,1.0,563.0,92.25,2295.0,0.17241334915161133,0
1790597686.4834807,GPU-7d708c42-8d4a-16d5-0746-474567157aa3,1.0,563.0,91.9,2295.0,0.1555619239807129,0
1790597687.4835944,GPU-7d708c42-8d4a-16d5-0746-474567157aa3,0.0,0.0,90.84,2302.0,0.1414806842803955,0
1790597688.4837177,GPU-7d708c42-8d4a-16d5-0746-474567157aa3,0.0,0.0,89.72,2302.0,0.17510342597961426,0
1790597689.483843,GPU-7d708c42-8d4a-16d5-0746-474567157aa3,0.0,0.0,37.65,982.0,0.17973041534423828,0
1790597690.483925,GPU-7d708c42-8d4a-16d5-0746-474567157aa3,0.0,0.0,37.06,292.0,0.1726670265197754,0
1790597764.4942117,GPU-7d708c42-8d4a-16d5-0746-474567157aa3,1.0,563.0,91.41,2295.0,0.17325997352600098,0
1790597765.4943178,GPU-7d708c42-8d4a-16d5-0746-474567157aa3,1.0,563.0,90.73,2295.0,0.1664113998413086,0
1790597766.494441,GPU-7d708c42-8d4a-16d5-0746-474567157aa3,1.0,563.0,91.01,2295.0,0.1699519157409668,0
1790597767.4945774,GPU-7d708c42-8d4a-16d5-0746-474567157aa3,1.0,563.0,90.93,2295.0,0.150770902633667,0
1790597768.4947505,GPU-7d708c42-8d4a-16d5-0746-474567157aa3,1.0,563.0,91.21,2295.0,0.1470479965209961,0
1790597769.494824,GPU-7d708c42-8d4a-16d5-0746-474567157aa3,1.0,563.0,91.02,2295.0,0.16788363456726074,0
1790597770.494947,GPU-7d708c42-8d4a-16d5-0746-474567157aa3,1.0,563.0,90.99,2295.0,0.17186903953552246,0
1790597771.4950728,GPU-7d708c42-8d4a-16d5-0746-474567157aa3,1.0,563.0,91.26,2295.0,0.16927027702331543,0
1790597772.4951925,GPU-7d708c42-8d4a-16d5-0746-474567157aa3,1.0,563.0,91.07,2295.0,0.17189455032348633,0
1790597773.495314,GPU-7d708c42-8d4a-16d5-0746-474567157aa3,1.0,563.0,91.27,2295.0,0.17125654220581055,0
1790597774.4954329,GPU-7d708c42-8d4a-16d5-0746-474567157aa3,1.0,563.0,91.4,2295.0,0.16357946395874023,0
1790597775.4955647,GPU-7d708c42-8d4a-16d5-0746-474567157aa3,1.0,563.0,91.47,2295.0,0.14470434188842773,0
1790597776.4957244,GPU-7d708c42-8d4a-16d5-0746-474567157aa3,1.0,563.0,91.13,2295.0,0.1470019817352295,0
1790597777.495903,GPU-7d708c42-8d4a-16d5-0746-474567157aa3,1.0,563.0,91.02,2295.0,0.17362022399902344,0
1790597778.496035,GPU-7d708c42-8d4a-16d5-0746-474567157aa3,1.0,563.0,91.83,2295.0,0.17174482345581055,0
1790597779.4961252,GPU-7d708c42-8d4a-16d5-0746-474567157aa3,1.0,563.0,91.41,2295.0,0.17842388153076172,0
1790597780.4962742,GPU-7d708c42-8d4a-16d5-0746-474567157aa3,1.0,563.0,91.23,2295.0,0.1647930145263672,0
1790597781.4963915,GPU-7d708c42-8d4a-16d5-0746-474567157aa3,1.0,563.0,91.32,2295.0,0.1656022071838379,0
1790597782.4965146,GPU-7d708c42-8d4a-16d5-0746-474567157aa3,1.0,563.0,92.47,2295.0,0.16939115524291992,0
1790597783.4966383,GPU-7d708c42-8d4a-16d5-0746-474567157aa3,1.0,563.0,91.5,2295.0,0.16712594032287598,0
1790597784.4967575,GPU-7d708c42-8d4a-16d5-0746-474567157aa3,1.0,563.0,91.61,2295.0,0.17398667335510254,0
1790597785.4968681,GPU-7d708c42-8d4a-16d5-0746-474567157aa3,1.0,563.0,91.58,2295.0,0.17335057258605957,0
1790597786.4969702,GPU-7d708c42-8d4a-16d5-0746-474567157aa3,1.0,563.0,91.53,2295.0,0.16932368278503418,0
1790597787.497089,GPU-7d708c42-8d4a-16d5-0746-474567157aa3,1.0,563.0,91.79,2295.0,0.14560675621032715,0
1790597788.4972086,GPU-7d708c42-8d4a-16d5-0746-474567157aa3,1.0,563.0,91.36,2295.0,0.17365193367004395,0
1790597789.497358,GPU-7d708c42-8d4a-16d5-0746-474567157aa3,1.0,563.0,91.14,2295.0,0.14365911483764648,0
1790597790.4974647,GPU-7d708c42-8d4a-16d5-0746-474567157aa3,1.0,563.0,91.42,2295.0,0.17032194137573242,0
1790597791.4975874,GPU-7d708c42-8d4a-16d5-0746-474567157aa3,1.0,563.0,91.52,2295.0,0.162247896194458,0
1790597792.4977198,GPU-7d708c42-8d4a-16d5-0746-474567157aa3,1.0,563.0,90.78,2295.0,0.1657259464263916,0
1790597793.497844,GPU-7d708c42-8d4a-16d5-0746-474567157aa3,1.0,563.0,91.27,2295.0,0.17329692840576172,0
1790597794.4979348,GPU-7d708c42-8d4a-16d5-0746-474567157aa3,1.0,563.0,91.0,2295.0,0.17411017417907715,0
1790597795.4980593,GPU-7d708c42-8d4a-16d5-0746-474567157aa3,1.0,563.0,91.32,2295.0,0.16377568244934082,0
1790597796.4981823,GPU-7d708c42-8d4a-16d5-0746-474567157aa3,1.0,563.0,91.67,2295.0,0.1634197235107422,0
1790597797.4983397,GPU-7d708c42-8d4a-16d5-0746-474567157aa3,1.0,563.0,91.95,2295.0,0.17067289352416992,0
1790597798.4984643,GPU-7d708c42-8d4a-16d5-0746-474567157aa3,1.0,563.0,90.99,2295.0,0.17459583282470703,0
1790597799.498645,GPU-7d708c42-8d4a-16d5-0746-474567157aa3,1.0,563.0,91.47,2295.0,0.1762862205505371,0
1790597800.4987702,GPU-7d708c42-8d4a-16d5-0746-474567157aa3,1.0,563.0,91.85,2295.0,0.17699503898620605,0
1790597801.4988956,GPU-7d708c42-8d4a-16d5-0746-474567157aa3,1.0,563.0,91.6,2295.0,0.16725659370422363,0
1790597802.4990463,GPU-7d708c42-8d4a-16d5-0746-474567157aa3,1.0,563.0,91.22,2295.0,0.1689605712890625,0
1790597803.4991841,GPU-7d708c42-8d4a-16d5-0746-474567157aa3,1.0,563.0,91.91,2295.0,0.17084002494812012,0
1790597804.4993029,GPU-7d708c42-8d4a-16d5-0746-474567157aa3,1.0,563.0,91.98,2295.0,0.17043495178222656,0
1790597805.4994252,GPU-7d708c42-8d4a-16d5-0746-474567157aa3,1.0,563.0,92.44,2295.0,0.1665349006652832,0
1790597806.4995537,GPU-7d708c42-8d4a-16d5-0746-474567157aa3,1.0,563.0,90.86,2295.0,0.17424225807189941,0
1790597807.4997222,GPU-7d708c42-8d4a-16d5-0746-474567157aa3,1.0,563.0,90.97,2295.0,0.17388534545898438,0
1790597808.4998558,GPU-7d708c42-8d4a-16d5-0746-474567157aa3,1.0,563.0,91.32,2295.0,0.1679987907409668,0
1790597809.4999762,GPU-7d708c42-8d4a-16d5-0746-474567157aa3,1.0,563.0,92.24,2295.0,0.14454126358032227,0
1790597810.5002062,GPU-7d708c42-8d4a-16d5-0746-474567157aa3,1.0,563.0,91.62,2295.0,0.17076969146728516,0
1790597811.5003278,GPU-7d708c42-8d4a-16d5-0746-474567157aa3,1.0,563.0,91.46,2295.0,0.1770484447479248,0
1790597812.5004873,GPU-7d708c42-8d4a-16d5-0746-474567157aa3,1.0,563.0,91.45,2295.0,0.14600825309753418,0
1790597813.5007536,GPU-7d708c42-8d4a-16d5-0746-474567157aa3,1.0,563.0,91.49,2295.0,0.1693727970123291,0
1790597814.5009782,GPU-7d708c42-8d4a-16d5-0746-474567157aa3,1.0,563.0,91.26,2295.0,0.17688751220703125,0
1790597815.501103,GPU-7d708c42-8d4a-16d5-0746-474567157aa3,1.0,563.0,91.04,2295.0,0.16949105262756348,0
1790597816.5012627,GPU-7d708c42-8d4a-16d5-0746-474567157aa3,1.0,563.0,91.18,2295.0,0.17362356185913086,0
1790597817.5013871,GPU-7d708c42-8d4a-16d5-0746-474567157aa3,1.0,563.0,91.37,2295.0,0.1737046241760254,0
1790597818.5015116,GPU-7d708c42-8d4a-16d5-0746-474567157aa3,1.0,563.0,91.63,2295.0,0.1712334156036377,0
1790597819.5016487,GPU-7d708c42-8d4a-16d5-0746-474567157aa3,1.0,563.0,91.47,2295.0,0.1705322265625,0
1790597820.501787,GPU-7d708c42-8d4a-16d5-0746-474567157aa3,1.0,563.0,91.92,2295.0,0.16977429389953613,0
1790597821.501911,GPU-7d708c42-8d4a-16d5-0746-474567157aa3,1.0,563.0,91.47,2295.0,0.1731562614440918,0
1790597822.504728,GPU-7d708c42-8d4a-16d5-0746-474567157aa3,1.0,563.0,91.66,2295.0,0.15953540802001953,0
1790597823.5048268,GPU-7d708c42-8d4a-16d5-0746-474567157aa3,1.0,563.0,91.85,2295.0,0.17128825187683105,0
1790597824.5049462,GPU-7d708c42-8d4a-16d5-0746-474567157aa3,1.0,563.0,91.6,2295.0,0.17275667190551758,0
1790597825.5050592,GPU-7d708c42-8d4a-16d5-0746-474567157aa3,1.0,563.0,91.17,2295.0,0.17139363288879395,0
1790597826.5051837,GPU-7d708c42-8d4a-16d5-0746-474567157aa3,1.0,563.0,91.85,2295.0,0.16947197914123535,0
1790597827.505317,GPU-7d708c42-8d4a-16d5-0746-474567157aa3,1.0,563.0,91.62,2295.0,0.17353439331054688,0
1790597828.5054426,GPU-7d708c42-8d4a-16d5-0746-474567157aa3,1.0,563.0,92.25,2295.0,0.1422581672668457,0
1790597829.5055592,GPU-7d708c42-8d4a-16d5-0746-474567157aa3,0.0,0.0,90.47,2302.0,0.17206454277038574,0
1790597830.5057197,GPU-7d708c42-8d4a-16d5-0746-474567157aa3,0.0,0.0,88.58,2302.0,0.18027114868164062,0
1790597831.5058427,GPU-7d708c42-8d4a-16d5-0746-474567157aa3,0.0,0.0,37.16,427.0,0.18577861785888672,0
1790597832.5059845,GPU-7d708c42-8d4a-16d5-0746-474567157aa3,0.0,0.0,36.67,247.0,0.18139052391052246,0
1790597833.5061097,GPU-7d708c42-8d4a-16d5-0746-474567157aa3,0.0,0.0,36.62,180.0,0.18068885803222656,0
1790597907.5151668,GPU-7d708c42-8d4a-16d5-0746-474567157aa3,1.0,563.0,91.1,2302.0,0.17053818702697754,0
1790597908.515277,GPU-7d708c42-8d4a-16d5-0746-474567157aa3,1.0,563.0,90.49,2302.0,0.16888761520385742,0
1790597909.5153935,GPU-7d708c42-8d4a-16d5-0746-474567157aa3,1.0,563.0,91.51,2302.0,0.16535449028015137,0
1790597910.5155582,GPU-7d708c42-8d4a-16d5-0746-474567157aa3,1.0,563.0,90.78,2302.0,0.17370891571044922,0
1790597911.5157206,GPU-7d708c42-8d4a-16d5-0746-474567157aa3,1.0,563.0,90.23,2302.0,0.1734142303466797,0
1790597912.5157964,GPU-7d708c42-8d4a-16d5-0746-474567157aa3,1.0,563.0,90.73,2295.0,0.1452336311340332,0
1790597913.5158849,GPU-7d708c42-8d4a-16d5-0746-474567157aa3,1.0,563.0,90.73,2295.0,0.1442415714263916,0
1790597914.5160627,GPU-7d708c42-8d4a-16d5-0746-474567157aa3,1.0,563.0,91.01,2295.0,0.1715683937072754,0
1790597915.516189,GPU-7d708c42-8d4a-16d5-0746-474567157aa3,1.0,563.0,90.2,2295.0,0.1736433506011963,0
1790597916.5162778,GPU-7d708c42-8d4a-16d5-0746-474567157aa3,1.0,563.0,91.32,2295.0,0.17126774787902832,0
1790597917.5163682,GPU-7d708c42-8d4a-16d5-0746-474567157aa3,1.0,563.0,90.32,2295.0,0.17284250259399414,0
1790597918.5164852,GPU-7d708c42-8d4a-16d5-0746-474567157aa3,1.0,563.0,90.88,2295.0,0.16945672035217285,0
1790597919.5166104,GPU-7d708c42-8d4a-16d5-0746-474567157aa3,1.0,563.0,90.83,2295.0,0.1645336151123047,0
1790597920.516742,GPU-7d708c42-8d4a-16d5-0746-474567157aa3,1.0,563.0,90.78,2295.0,0.1462855339050293,0
1790597921.5168815,GPU-7d708c42-8d4a-16d5-0746-474567157aa3,1.0,563.0,90.78,2295.0,0.17267298698425293,0
1790597922.516994,GPU-7d708c42-8d4a-16d5-0746-474567157aa3,1.0,563.0,90.58,2295.0,0.17148470878601074,0
1790597923.5171177,GPU-7d708c42-8d4a-16d5-0746-474567157aa3,1.0,563.0,91.03,2295.0,0.16925358772277832,0
1790597924.5172722,GPU-7d708c42-8d4a-16d5-0746-474567157aa3,1.0,563.0,90.52,2295.0,0.1763777732849121,0
1790597925.5173626,GPU-7d708c42-8d4a-16d5-0746-474567157aa3,1.0,563.0,90.78,2295.0,0.17003583908081055,0
1790597926.5174844,GPU-7d708c42-8d4a-16d5-0746-474567157aa3,1.0,563.0,90.67,2295.0,0.14654541015625,0
1790597927.517607,GPU-7d708c42-8d4a-16d5-0746-474567157aa3,1.0,563.0,91.27,2295.0,0.17256498336791992,0
1790597928.517741,GPU-7d708c42-8d4a-16d5-0746-474567157aa3,1.0,563.0,91.0,2295.0,0.16868042945861816,0
1790597929.5178463,GPU-7d708c42-8d4a-16d5-0746-474567157aa3,1.0,563.0,90.78,2295.0,0.17676424980163574,0
1790597930.5179274,GPU-7d708c42-8d4a-16d5-0746-474567157aa3,1.0,563.0,90.4,2295.0,0.17206120491027832,0
1790597931.5180635,GPU-7d708c42-8d4a-16d5-0746-474567157aa3,1.0,563.0,91.01,2295.0,0.1761007308959961,0
1790597932.5181844,GPU-7d708c42-8d4a-16d5-0746-474567157aa3,1.0,563.0,90.6,2295.0,0.14731621742248535,0
1790597933.5183275,GPU-7d708c42-8d4a-16d5-0746-474567157aa3,1.0,563.0,91.51,2295.0,0.14291977882385254,0
1790597934.518451,GPU-7d708c42-8d4a-16d5-0746-474567157aa3,1.0,563.0,91.13,2295.0,0.1683509349822998,0
1790597935.5186038,GPU-7d708c42-8d4a-16d5-0746-474567157aa3,1.0,563.0,91.22,2295.0,0.17380952835083008,0
1790597936.518719,GPU-7d708c42-8d4a-16d5-0746-474567157aa3,1.0,563.0,90.24,2295.0,0.1424393653869629,0
1790597937.5188413,GPU-7d708c42-8d4a-16d5-0746-474567157aa3,1.0,563.0,90.83,2295.0,0.17363953590393066,0
1790597938.5189936,GPU-7d708c42-8d4a-16d5-0746-474567157aa3,1.0,563.0,91.09,2295.0,0.1731414794921875,0
1790597939.5191731,GPU-7d708c42-8d4a-16d5-0746-474567157aa3,1.0,563.0,90.79,2295.0,0.16721868515014648,0
1790597940.5193062,GPU-7d708c42-8d4a-16d5-0746-474567157aa3,1.0,563.0,91.18,2295.0,0.16893863677978516,0
1790597941.5194035,GPU-7d708c42-8d4a-16d5-0746-474567157aa3,1.0,563.0,90.32,2295.0,0.15073013305664062,0
1790597942.5194898,GPU-7d708c42-8d4a-16d5-0746-474567157aa3,1.0,563.0,91.22,2295.0,0.17105841636657715,0
1790597943.5196133,GPU-7d708c42-8d4a-16d5-0746-474567157aa3,1.0,563.0,90.87,2295.0,0.17581415176391602,0
1790597944.519742,GPU-7d708c42-8d4a-16d5-0746-474567157aa3,1.0,563.0,90.83,2295.0,0.1474161148071289,0
1790597945.5199108,GPU-7d708c42-8d4a-16d5-0746-474567157aa3,1.0,563.0,91.13,2295.0,0.17507481575012207,0
1790597946.5200372,GPU-7d708c42-8d4a-16d5-0746-474567157aa3,1.0,563.0,90.97,2295.0,0.16992616653442383,0
1790597947.520137,GPU-7d708c42-8d4a-16d5-0746-474567157aa3,1.0,563.0,91.13,2295.0,0.17374944686889648,0
1790597948.520253,GPU-7d708c42-8d4a-16d5-0746-474567157aa3,1.0,563.0,91.09,2295.0,0.1753373146057129,0
1790597949.520372,GPU-7d708c42-8d4a-16d5-0746-474567157aa3,1.0,563.0,91.27,2295.0,0.17086291313171387,0
1790597950.5204725,GPU-7d708c42-8d4a-16d5-0746-474567157aa3,1.0,563.0,92.73,2295.0,0.17270255088806152,0
1790597951.5205948,GPU-7d708c42-8d4a-16d5-0746-474567157aa3,1.0,563.0,91.53,2295.0,0.1737833023071289,0
1790597952.5207179,GPU-7d708c42-8d4a-16d5-0746-474567157aa3,1.0,563.0,91.36,2295.0,0.17363619804382324,0
1790597953.5209498,GPU-7d708c42-8d4a-16d5-0746-474567157aa3,1.0,563.0,91.05,2295.0,0.16984128952026367,0
1790597954.5210664,GPU-7d708c42-8d4a-16d5-0746-474567157aa3,1.0,563.0,91.07,2295.0,0.17854619026184082,0
1790597955.5211875,GPU-7d708c42-8d4a-16d5-0746-474567157aa3,1.0,563.0,90.96,2295.0,0.17550230026245117,0
1790597956.5213094,GPU-7d708c42-8d4a-16d5-0746-474567157aa3,1.0,563.0,91.16,2295.0,0.1732652187347412,0
1790597957.5214336,GPU-7d708c42-8d4a-16d5-0746-474567157aa3,1.0,563.0,91.08,2295.0,0.17929983139038086,0
1790597958.521593,GPU-7d708c42-8d4a-16d5-0746-474567157aa3,1.0,563.0,90.98,2295.0,0.16556930541992188,0
1790597959.521716,GPU-7d708c42-8d4a-16d5-0746-474567157aa3,1.0,563.0,91.03,2295.0,0.16877341270446777,0
1790597960.5218365,GPU-7d708c42-8d4a-16d5-0746-474567157aa3,1.0,563.0,91.23,2295.0,0.17097234725952148,0
1790597961.5219204,GPU-7d708c42-8d4a-16d5-0746-474567157aa3,1.0,563.0,91.42,2295.0,0.1522660255432129,0
1790597962.5221326,GPU-7d708c42-8d4a-16d5-0746-474567157aa3,1.0,563.0,91.22,2295.0,0.14253854751586914,0
1790597963.5223324,GPU-7d708c42-8d4a-16d5-0746-474567157aa3,1.0,563.0,90.83,2295.0,0.17569494247436523,0
1790597964.522439,GPU-7d708c42-8d4a-16d5-0746-474567157aa3,1.0,563.0,91.26,2295.0,0.14878129959106445,0
1790597965.5225623,GPU-7d708c42-8d4a-16d5-0746-474567157aa3,1.0,563.0,91.52,2295.0,0.1781327724456787,0
1790597966.5227504,GPU-7d708c42-8d4a-16d5-0746-474567157aa3,1.0,563.0,91.23,2295.0,0.17232370376586914,0
1790597967.5229526,GPU-7d708c42-8d4a-16d5-0746-474567157aa3,1.0,563.0,91.61,2295.0,0.17351365089416504,0
1790597968.5230865,GPU-7d708c42-8d4a-16d5-0746-474567157aa3,1.0,563.0,90.74,2295.0,0.1737060546875,0
1790597969.5232089,GPU-7d708c42-8d4a-16d5-0746-474567157aa3,1.0,563.0,90.79,2295.0,0.14899778366088867,0
1790597970.5233,GPU-7d708c42-8d4a-16d5-0746-474567157aa3,1.0,563.0,91.31,2295.0,0.17612671852111816,0
1790597971.5234332,GPU-7d708c42-8d4a-16d5-0746-474567157aa3,1.0,563.0,91.03,2295.0,0.16691040992736816,0
1790597972.5235586,GPU-7d708c42-8d4a-16d5-0746-474567157aa3,0.0,0.0,89.51,2302.0,0.17465519905090332,0
1790597973.523726,GPU-7d708c42-8d4a-16d5-0746-474567157aa3,0.0,0.0,88.52,2295.0,0.15579676628112793,0
1790597974.523816,GPU-7d708c42-8d4a-16d5-0746-474567157aa3,0.0,0.0,36.57,382.0,0.17829179763793945,0
1790597975.52397,GPU-7d708c42-8d4a-16d5-0746-474567157aa3,0.0,0.0,36.62,225.0,0.17671656608581543,0
1790597976.524169,GPU-7d708c42-8d4a-16d5-0746-474567157aa3,0.0,0.0,36.57,180.0,0.1537337303161621,0
