run_id,host_utc_seconds,gpu_uuid,pid,process,memory_mib,matches_requested_gpu
evidence-c28-t-l-100-1,1790595494.203213,GPU-7d708c42-8d4a-16d5-0746-474567157aa3,115980,/opt/flyt/bin/flyt-shm-worker,554.0,True
evidence-c28-t-l-100-1,1790595495.2033327,GPU-7d708c42-8d4a-16d5-0746-474567157aa3,115980,/opt/flyt/bin/flyt-shm-worker,554.0,True
evidence-c28-t-l-100-1,1790595496.2034404,GPU-7d708c42-8d4a-16d5-0746-474567157aa3,115980,/opt/flyt/bin/flyt-shm-worker,554.0,True
evidence-c28-t-l-100-1,1790595497.203546,GPU-7d708c42-8d4a-16d5-0746-474567157aa3,115980,/opt/flyt/bin/flyt-shm-worker,554.0,True
evidence-c28-t-l-100-1,1790595498.2037103,GPU-7d708c42-8d4a-16d5-0746-474567157aa3,115980,/opt/flyt/bin/flyt-shm-worker,554.0,True
evidence-c28-t-l-100-1,1790595499.2038634,GPU-7d708c42-8d4a-16d5-0746-474567157aa3,115980,/opt/flyt/bin/flyt-shm-worker,554.0,True
evidence-c28-t-l-100-1,1790595500.203984,GPU-7d708c42-8d4a-16d5-0746-474567157aa3,115980,/opt/flyt/bin/flyt-shm-worker,554.0,True
evidence-c28-t-l-100-1,1790595501.2041016,GPU-7d708c42-8d4a-16d5-0746-474567157aa3,115980,/opt/flyt/bin/flyt-shm-worker,554.0,True
evidence-c28-t-l-100-1,1790595502.2042072,GPU-7d708c42-8d4a-16d5-0746-474567157aa3,115980,/opt/flyt/bin/flyt-shm-worker,554.0,True
evidence-c28-t-l-100-1,1790595503.2043118,GPU-7d708c42-8d4a-16d5-0746-474567157aa3,115980,/opt/flyt/bin/flyt-shm-worker,554.0,True
evidence-c28-t-l-100-1,1790595504.2044158,GPU-7d708c42-8d4a-16d5-0746-474567157aa3,115980,/opt/flyt/bin/flyt-shm-worker,554.0,True
evidence-c28-t-l-100-1,1790595505.2045202,GPU-7d708c42-8d4a-16d5-0746-474567157aa3,115980,/opt/flyt/bin/flyt-shm-worker,554.0,True
evidence-c28-t-l-100-1,1790595506.204605,GPU-7d708c42-8d4a-16d5-0746-474567157aa3,115980,/opt/flyt/bin/flyt-shm-worker,554.0,True
evidence-c28-t-l-100-1,1790595507.2046914,GPU-7d708c42-8d4a-16d5-0746-474567157aa3,115980,/opt/flyt/bin/flyt-shm-worker,554.0,True
evidence-c28-t-l-100-1,1790595508.2047672,GPU-7d708c42-8d4a-16d5-0746-474567157aa3,115980,/opt/flyt/bin/flyt-shm-worker,554.0,True
evidence-c28-t-l-100-1,1790595509.204924,GPU-7d708c42-8d4a-16d5-0746-474567157aa3,115980,/opt/flyt/bin/flyt-shm-worker,554.0,True
evidence-c28-t-l-100-1,1790595510.205037,GPU-7d708c42-8d4a-16d5-0746-474567157aa3,115980,/opt/flyt/bin/flyt-shm-worker,554.0,True
evidence-c28-t-l-100-1,1790595511.2051094,GPU-7d708c42-8d4a-16d5-0746-474567157aa3,115980,/opt/flyt/bin/flyt-shm-worker,554.0,True
evidence-c28-t-l-100-1,1790595512.2052333,GPU-7d708c42-8d4a-16d5-0746-474567157aa3,115980,/opt/flyt/bin/flyt-shm-worker,554.0,True
evidence-c28-t-l-100-1,1790595513.2086961,GPU-7d708c42-8d4a-16d5-0746-474567157aa3,115980,/opt/flyt/bin/flyt-shm-worker,554.0,True
evidence-c28-t-l-100-1,1790595514.2088268,GPU-7d708c42-8d4a-16d5-0746-474567157aa3,115980,/opt/flyt/bin/flyt-shm-worker,554.0,True
evidence-c28-t-l-100-1,1790595515.2089596,GPU-7d708c42-8d4a-16d5-0746-474567157aa3,115980,/opt/flyt/bin/flyt-shm-worker,554.0,True
evidence-c28-t-l-100-1,1790595516.209078,GPU-7d708c42-8d4a-16d5-0746-474567157aa3,115980,/opt/flyt/bin/flyt-shm-worker,554.0,True
evidence-c28-t-l-100-1,1790595517.2091827,GPU-7d708c42-8d4a-16d5-0746-474567157aa3,115980,/opt/flyt/bin/flyt-shm-worker,554.0,True
evidence-c28-t-l-100-1,1790595518.2092597,GPU-7d708c42-8d4a-16d5-0746-474567157aa3,115980,/opt/flyt/bin/flyt-shm-worker,554.0,True
evidence-c28-t-l-100-1,1790595519.2093647,GPU-7d708c42-8d4a-16d5-0746-474567157aa3,115980,/opt/flyt/bin/flyt-shm-worker,554.0,True
evidence-c28-t-l-100-1,1790595520.2094817,GPU-7d708c42-8d4a-16d5-0746-474567157aa3,115980,/opt/flyt/bin/flyt-shm-worker,554.0,True
evidence-c28-t-l-100-1,1790595521.2095902,GPU-7d708c42-8d4a-16d5-0746-474567157aa3,115980,/opt/flyt/bin/flyt-shm-worker,554.0,True
evidence-c28-t-l-100-1,1790595522.2097259,GPU-7d708c42-8d4a-16d5-0746-474567157aa3,115980,/opt/flyt/bin/flyt-shm-worker,554.0,True
evidence-c28-t-l-100-1,1790595523.2098143,GPU-7d708c42-8d4a-16d5-0746-474567157aa3,115980,/opt/flyt/bin/flyt-shm-worker,554.0,True
evidence-c28-t-l-100-1,1790595524.2099226,GPU-7d708c42-8d4a-16d5-0746-474567157aa3,115980,/opt/flyt/bin/flyt-shm-worker,554.0,True
evidence-c28-t-l-100-1,1790595525.2100306,GPU-7d708c42-8d4a-16d5-0746-474567157aa3,115980,/opt/flyt/bin/flyt-shm-worker,554.0,True
evidence-c28-t-l-100-1,1790595526.2101362,GPU-7d708c42-8d4a-16d5-0746-474567157aa3,115980,/opt/flyt/bin/flyt-shm-worker,554.0,True
evidence-c28-t-l-100-1,1790595527.2102625,GPU-7d708c42-8d4a-16d5-0746-474567157aa3,115980,/opt/flyt/bin/flyt-shm-worker,554.0,True
evidence-c28-t-l-100-1,1790595528.2103624,GPU-7d708c42-8d4a-16d5-0746-474567157aa3,115980,/opt/flyt/bin/flyt-shm-worker,554.0,True
evidence-c28-t-l-100-1,1790595529.2104647,GPU-7d708c42-8d4a-16d5-0746-474567157aa3,115980,/opt/flyt/bin/flyt-shm-worker,554.0,True
evidence-c28-t-l-100-1,1790595530.2106256,GPU-7d708c42-8d4a-16d5-0746-474567157aa3,115980,/opt/flyt/bin/flyt-shm-worker,554.0,True
evidence-c28-t-l-100-1,1790595531.210741,GPU-7d708c42-8d4a-16d5-0746-474567157aa3,115980,/opt/flyt/bin/flyt-shm-worker,554.0,True
evidence-c28-t-l-100-1,1790595532.2108483,GPU-7d708c42-8d4a-16d5-0746-474567157aa3,115980,/opt/flyt/bin/flyt-shm-worker,554.0,True
evidence-c28-t-l-100-1,1790595533.2110393,GPU-7d708c42-8d4a-16d5-0746-474567157aa3,115980,/opt/flyt/bin/flyt-shm-worker,554.0,True
evidence-c28-t-l-100-1,1790595534.211156,GPU-7d708c42-8d4a-16d5-0746-474567157aa3,115980,/opt/flyt/bin/flyt-shm-worker,554.0,True
evidence-c28-t-l-100-1,1790595535.2112827,GPU-7d708c42-8d4a-16d5-0746-474567157aa3,115980,/opt/flyt/bin/flyt-shm-worker,554.0,True
evidence-c28-t-l-100-1,1790595536.2114635,GPU-7d708c42-8d4a-16d5-0746-474567157aa3,115980,/opt/flyt/bin/flyt-shm-worker,554.0,True
evidence-c28-t-l-100-1,1790595537.2115445,GPU-7d708c42-8d4a-16d5-0746-474567157aa3,115980,/opt/flyt/bin/flyt-shm-worker,554.0,True
evidence-c28-t-l-100-1,1790595538.2117267,GPU-7d708c42-8d4a-16d5-0746-474567157aa3,115980,/opt/flyt/bin/flyt-shm-worker,554.0,True
evidence-c28-t-l-100-1,1790595539.21183,GPU-7d708c42-8d4a-16d5-0746-474567157aa3,115980,/opt/flyt/bin/flyt-shm-worker,554.0,True
evidence-c28-t-l-100-1,1790595540.2119606,GPU-7d708c42-8d4a-16d5-0746-474567157aa3,115980,/opt/flyt/bin/flyt-shm-worker,554.0,True
evidence-c28-t-l-100-1,1790595541.212039,GPU-7d708c42-8d4a-16d5-0746-474567157aa3,115980,/opt/flyt/bin/flyt-shm-worker,554.0,True
evidence-c28-t-l-100-1,1790595542.212158,GPU-7d708c42-8d4a-16d5-0746-474567157aa3,115980,/opt/flyt/bin/flyt-shm-worker,554.0,True
evidence-c28-t-l-100-1,1790595543.2122457,GPU-7d708c42-8d4a-16d5-0746-474567157aa3,115980,/opt/flyt/bin/flyt-shm-worker,554.0,True
evidence-c28-t-l-100-1,1790595544.2123303,GPU-7d708c42-8d4a-16d5-0746-474567157aa3,115980,/opt/flyt/bin/flyt-shm-worker,554.0,True
evidence-c28-t-l-100-1,1790595545.2124555,GPU-7d708c42-8d4a-16d5-0746-474567157aa3,115980,/opt/flyt/bin/flyt-shm-worker,554.0,True
evidence-c28-t-l-100-1,1790595546.2125614,GPU-7d708c42-8d4a-16d5-0746-474567157aa3,115980,/opt/flyt/bin/flyt-shm-worker,554.0,True
evidence-c28-t-l-100-1,1790595547.2127495,GPU-7d708c42-8d4a-16d5-0746-474567157aa3,115980,/opt/flyt/bin/flyt-shm-worker,554.0,True
evidence-c28-t-l-100-1,1790595548.2156985,GPU-7d708c42-8d4a-16d5-0746-474567157aa3,115980,/opt/flyt/bin/flyt-shm-worker,554.0,True
evidence-c28-t-l-100-1,1790595549.2158823,GPU-7d708c42-8d4a-16d5-0746-474567157aa3,115980,/opt/flyt/bin/flyt-shm-worker,554.0,True
evidence-c28-t-l-100-1,1790595550.215993,GPU-7d708c42-8d4a-16d5-0746-474567157aa3,115980,/opt/flyt/bin/flyt-shm-worker,554.0,True
evidence-c28-t-l-100-1,1790595551.2160888,GPU-7d708c42-8d4a-16d5-0746-474567157aa3,115980,/opt/flyt/bin/flyt-shm-worker,554.0,True
evidence-c28-t-l-100-1,1790595552.2162044,GPU-7d708c42-8d4a-16d5-0746-474567157aa3,115980,/opt/flyt/bin/flyt-shm-worker,554.0,True
evidence-c28-t-l-100-1,1790595553.2163112,GPU-7d708c42-8d4a-16d5-0746-474567157aa3,115980,/opt/flyt/bin/flyt-shm-worker,554.0,True
evidence-c28-t-l-100-2,1790596634.3521674,GPU-7d708c42-8d4a-16d5-0746-474567157aa3,162602,/opt/flyt/bin/flyt-shm-worker,554.0,True
evidence-c28-t-l-100-2,1790596635.3522732,GPU-7d708c42-8d4a-16d5-0746-474567157aa3,162602,/opt/flyt/bin/flyt-shm-worker,554.0,True
evidence-c28-t-l-100-2,1790596636.3523784,GPU-7d708c42-8d4a-16d5-0746-474567157aa3,162602,/opt/flyt/bin/flyt-shm-worker,554.0,True
evidence-c28-t-l-100-2,1790596637.352478,GPU-7d708c42-8d4a-16d5-0746-474567157aa3,162602,/opt/flyt/bin/flyt-shm-worker,554.0,True
evidence-c28-t-l-100-2,1790596638.3525863,GPU-7d708c42-8d4a-16d5-0746-474567157aa3,162602,/opt/flyt/bin/flyt-shm-worker,554.0,True
evidence-c28-t-l-100-2,1790596639.3527,GPU-7d708c42-8d4a-16d5-0746-474567157aa3,162602,/opt/flyt/bin/flyt-shm-worker,554.0,True
evidence-c28-t-l-100-2,1790596640.352806,GPU-7d708c42-8d4a-16d5-0746-474567157aa3,162602,/opt/flyt/bin/flyt-shm-worker,554.0,True
evidence-c28-t-l-100-2,1790596641.3529117,GPU-7d708c42-8d4a-16d5-0746-474567157aa3,162602,/opt/flyt/bin/flyt-shm-worker,554.0,True
evidence-c28-t-l-100-2,1790596642.3530245,GPU-7d708c42-8d4a-16d5-0746-474567157aa3,162602,/opt/flyt/bin/flyt-shm-worker,554.0,True
evidence-c28-t-l-100-2,1790596643.3531306,GPU-7d708c42-8d4a-16d5-0746-474567157aa3,162602,/opt/flyt/bin/flyt-shm-worker,554.0,True
evidence-c28-t-l-100-2,1790596644.3532374,GPU-7d708c42-8d4a-16d5-0746-474567157aa3,162602,/opt/flyt/bin/flyt-shm-worker,554.0,True
evidence-c28-t-l-100-2,1790596645.353367,GPU-7d708c42-8d4a-16d5-0746-474567157aa3,162602,/opt/flyt/bin/flyt-shm-worker,554.0,True
evidence-c28-t-l-100-2,1790596646.3534544,GPU-7d708c42-8d4a-16d5-0746-474567157aa3,162602,/opt/flyt/bin/flyt-shm-worker,554.0,True
evidence-c28-t-l-100-2,1790596647.3535714,GPU-7d708c42-8d4a-16d5-0746-474567157aa3,162602,/opt/flyt/bin/flyt-shm-worker,554.0,True
evidence-c28-t-l-100-2,1790596648.3537335,GPU-7d708c42-8d4a-16d5-0746-474567157aa3,162602,/opt/flyt/bin/flyt-shm-worker,554.0,True
evidence-c28-t-l-100-2,1790596649.3538234,GPU-7d708c42-8d4a-16d5-0746-474567157aa3,162602,/opt/flyt/bin/flyt-shm-worker,554.0,True
evidence-c28-t-l-100-2,1790596650.3539722,GPU-7d708c42-8d4a-16d5-0746-474567157aa3,162602,/opt/flyt/bin/flyt-shm-worker,554.0,True
evidence-c28-t-l-100-2,1790596651.3540962,GPU-7d708c42-8d4a-16d5-0746-474567157aa3,162602,/opt/flyt/bin/flyt-shm-worker,554.0,True
evidence-c28-t-l-100-2,1790596652.354223,GPU-7d708c42-8d4a-16d5-0746-474567157aa3,162602,/opt/flyt/bin/flyt-shm-worker,554.0,True
evidence-c28-t-l-100-2,1790596653.3543468,GPU-7d708c42-8d4a-16d5-0746-474567157aa3,162602,/opt/flyt/bin/flyt-shm-worker,554.0,True
evidence-c28-t-l-100-2,1790596654.3544707,GPU-7d708c42-8d4a-16d5-0746-474567157aa3,162602,/opt/flyt/bin/flyt-shm-worker,554.0,True
evidence-c28-t-l-100-2,1790596655.3545902,GPU-7d708c42-8d4a-16d5-0746-474567157aa3,162602,/opt/flyt/bin/flyt-shm-worker,554.0,True
evidence-c28-t-l-100-2,1790596656.3546948,GPU-7d708c42-8d4a-16d5-0746-474567157aa3,162602,/opt/flyt/bin/flyt-shm-worker,554.0,True
evidence-c28-t-l-100-2,1790596657.3548005,GPU-7d708c42-8d4a-16d5-0746-474567157aa3,162602,/opt/flyt/bin/flyt-shm-worker,554.0,True
evidence-c28-t-l-100-2,1790596658.3549037,GPU-7d708c42-8d4a-16d5-0746-474567157aa3,162602,/opt/flyt/bin/flyt-shm-worker,554.0,True
evidence-c28-t-l-100-2,1790596659.3549926,GPU-7d708c42-8d4a-16d5-0746-474567157aa3,162602,/opt/flyt/bin/flyt-shm-worker,554.0,True
evidence-c28-t-l-100-2,1790596660.3551073,GPU-7d708c42-8d4a-16d5-0746-474567157aa3,162602,/opt/flyt/bin/flyt-shm-worker,554.0,True
evidence-c28-t-l-100-2,1790596661.3552048,GPU-7d708c42-8d4a-16d5-0746-474567157aa3,162602,/opt/flyt/bin/flyt-shm-worker,554.0,True
evidence-c28-t-l-100-2,1790596662.355314,GPU-7d708c42-8d4a-16d5-0746-474567157aa3,162602,/opt/flyt/bin/flyt-shm-worker,554.0,True
evidence-c28-t-l-100-2,1790596663.3553932,GPU-7d708c42-8d4a-16d5-0746-474567157aa3,162602,/opt/flyt/bin/flyt-shm-worker,554.0,True
evidence-c28-t-l-100-2,1790596664.3555007,GPU-7d708c42-8d4a-16d5-0746-474567157aa3,162602,/opt/flyt/bin/flyt-shm-worker,554.0,True
evidence-c28-t-l-100-2,1790596665.3556077,GPU-7d708c42-8d4a-16d5-0746-474567157aa3,162602,/opt/flyt/bin/flyt-shm-worker,554.0,True
evidence-c28-t-l-100-2,1790596666.355734,GPU-7d708c42-8d4a-16d5-0746-474567157aa3,162602,/opt/flyt/bin/flyt-shm-worker,554.0,True
evidence-c28-t-l-100-2,1790596667.3558168,GPU-7d708c42-8d4a-16d5-0746-474567157aa3,162602,/opt/flyt/bin/flyt-shm-worker,554.0,True
evidence-c28-t-l-100-2,1790596668.355962,GPU-7d708c42-8d4a-16d5-0746-474567157aa3,162602,/opt/flyt/bin/flyt-shm-worker,554.0,True
evidence-c28-t-l-100-2,1790596669.356068,GPU-7d708c42-8d4a-16d5-0746-474567157aa3,162602,/opt/flyt/bin/flyt-shm-worker,554.0,True
evidence-c28-t-l-100-2,1790596670.3561754,GPU-7d708c42-8d4a-16d5-0746-474567157aa3,162602,/opt/flyt/bin/flyt-shm-worker,554.0,True
evidence-c28-t-l-100-2,1790596671.3562825,GPU-7d708c42-8d4a-16d5-0746-474567157aa3,162602,/opt/flyt/bin/flyt-shm-worker,554.0,True
evidence-c28-t-l-100-2,1790596672.356392,GPU-7d708c42-8d4a-16d5-0746-474567157aa3,162602,/opt/flyt/bin/flyt-shm-worker,554.0,True
evidence-c28-t-l-100-2,1790596673.3564994,GPU-7d708c42-8d4a-16d5-0746-474567157aa3,162602,/opt/flyt/bin/flyt-shm-worker,554.0,True
evidence-c28-t-l-100-2,1790596674.3566551,GPU-7d708c42-8d4a-16d5-0746-474567157aa3,162602,/opt/flyt/bin/flyt-shm-worker,554.0,True
evidence-c28-t-l-100-2,1790596675.3567653,GPU-7d708c42-8d4a-16d5-0746-474567157aa3,162602,/opt/flyt/bin/flyt-shm-worker,554.0,True
evidence-c28-t-l-100-2,1790596676.356849,GPU-7d708c42-8d4a-16d5-0746-474567157aa3,162602,/opt/flyt/bin/flyt-shm-worker,554.0,True
evidence-c28-t-l-100-2,1790596677.357035,GPU-7d708c42-8d4a-16d5-0746-474567157aa3,162602,/opt/flyt/bin/flyt-shm-worker,554.0,True
evidence-c28-t-l-100-2,1790596678.3571458,GPU-7d708c42-8d4a-16d5-0746-474567157aa3,162602,/opt/flyt/bin/flyt-shm-worker,554.0,True
evidence-c28-t-l-100-2,1790596679.357254,GPU-7d708c42-8d4a-16d5-0746-474567157aa3,162602,/opt/flyt/bin/flyt-shm-worker,554.0,True
evidence-c28-t-l-100-2,1790596680.3573716,GPU-7d708c42-8d4a-16d5-0746-474567157aa3,162602,/opt/flyt/bin/flyt-shm-worker,554.0,True
evidence-c28-t-l-100-2,1790596681.3574512,GPU-7d708c42-8d4a-16d5-0746-474567157aa3,162602,/opt/flyt/bin/flyt-shm-worker,554.0,True
evidence-c28-t-l-100-2,1790596682.3575568,GPU-7d708c42-8d4a-16d5-0746-474567157aa3,162602,/opt/flyt/bin/flyt-shm-worker,554.0,True
evidence-c28-t-l-100-2,1790596683.3576622,GPU-7d708c42-8d4a-16d5-0746-474567157aa3,162602,/opt/flyt/bin/flyt-shm-worker,554.0,True
evidence-c28-t-l-100-2,1790596684.3577678,GPU-7d708c42-8d4a-16d5-0746-474567157aa3,162602,/opt/flyt/bin/flyt-shm-worker,554.0,True
evidence-c28-t-l-100-2,1790596685.3578737,GPU-7d708c42-8d4a-16d5-0746-474567157aa3,162602,/opt/flyt/bin/flyt-shm-worker,554.0,True
evidence-c28-t-l-100-2,1790596686.3579776,GPU-7d708c42-8d4a-16d5-0746-474567157aa3,162602,/opt/flyt/bin/flyt-shm-worker,554.0,True
evidence-c28-t-l-100-2,1790596687.3580568,GPU-7d708c42-8d4a-16d5-0746-474567157aa3,162602,/opt/flyt/bin/flyt-shm-worker,554.0,True
evidence-c28-t-l-100-2,1790596688.358166,GPU-7d708c42-8d4a-16d5-0746-474567157aa3,162602,/opt/flyt/bin/flyt-shm-worker,554.0,True
evidence-c28-t-l-100-2,1790596689.3582728,GPU-7d708c42-8d4a-16d5-0746-474567157aa3,162602,/opt/flyt/bin/flyt-shm-worker,554.0,True
evidence-c28-t-l-100-2,1790596690.358377,GPU-7d708c42-8d4a-16d5-0746-474567157aa3,162602,/opt/flyt/bin/flyt-shm-worker,554.0,True
evidence-c28-t-l-100-2,1790596691.3584857,GPU-7d708c42-8d4a-16d5-0746-474567157aa3,162602,/opt/flyt/bin/flyt-shm-worker,554.0,True
evidence-c28-t-l-100-2,1790596692.3585844,GPU-7d708c42-8d4a-16d5-0746-474567157aa3,162602,/opt/flyt/bin/flyt-shm-worker,554.0,True
evidence-c28-t-l-100-2,1790596693.3586967,GPU-7d708c42-8d4a-16d5-0746-474567157aa3,162602,/opt/flyt/bin/flyt-shm-worker,554.0,True
evidence-c28-t-l-100-3,1790597202.4239504,GPU-7d708c42-8d4a-16d5-0746-474567157aa3,184912,/opt/flyt/bin/flyt-shm-worker,554.0,True
evidence-c28-t-l-100-3,1790597203.4240723,GPU-7d708c42-8d4a-16d5-0746-474567157aa3,184912,/opt/flyt/bin/flyt-shm-worker,554.0,True
evidence-c28-t-l-100-3,1790597204.424197,GPU-7d708c42-8d4a-16d5-0746-474567157aa3,184912,/opt/flyt/bin/flyt-shm-worker,554.0,True
evidence-c28-t-l-100-3,1790597205.4243143,GPU-7d708c42-8d4a-16d5-0746-474567157aa3,184912,/opt/flyt/bin/flyt-shm-worker,554.0,True
evidence-c28-t-l-100-3,1790597206.4244404,GPU-7d708c42-8d4a-16d5-0746-474567157aa3,184912,/opt/flyt/bin/flyt-shm-worker,554.0,True
evidence-c28-t-l-100-3,1790597207.4245512,GPU-7d708c42-8d4a-16d5-0746-474567157aa3,184912,/opt/flyt/bin/flyt-shm-worker,554.0,True
evidence-c28-t-l-100-3,1790597208.424711,GPU-7d708c42-8d4a-16d5-0746-474567157aa3,184912,/opt/flyt/bin/flyt-shm-worker,554.0,True
evidence-c28-t-l-100-3,1790597209.4248345,GPU-7d708c42-8d4a-16d5-0746-474567157aa3,184912,/opt/flyt/bin/flyt-shm-worker,554.0,True
evidence-c28-t-l-100-3,1790597210.4249527,GPU-7d708c42-8d4a-16d5-0746-474567157aa3,184912,/opt/flyt/bin/flyt-shm-worker,554.0,True
evidence-c28-t-l-100-3,1790597211.425062,GPU-7d708c42-8d4a-16d5-0746-474567157aa3,184912,/opt/flyt/bin/flyt-shm-worker,554.0,True
evidence-c28-t-l-100-3,1790597212.4251497,GPU-7d708c42-8d4a-16d5-0746-474567157aa3,184912,/opt/flyt/bin/flyt-shm-worker,554.0,True
evidence-c28-t-l-100-3,1790597213.4252741,GPU-7d708c42-8d4a-16d5-0746-474567157aa3,184912,/opt/flyt/bin/flyt-shm-worker,554.0,True
evidence-c28-t-l-100-3,1790597214.4253817,GPU-7d708c42-8d4a-16d5-0746-474567157aa3,184912,/opt/flyt/bin/flyt-shm-worker,554.0,True
evidence-c28-t-l-100-3,1790597215.425476,GPU-7d708c42-8d4a-16d5-0746-474567157aa3,184912,/opt/flyt/bin/flyt-shm-worker,554.0,True
evidence-c28-t-l-100-3,1790597216.4255822,GPU-7d708c42-8d4a-16d5-0746-474567157aa3,184912,/opt/flyt/bin/flyt-shm-worker,554.0,True
evidence-c28-t-l-100-3,1790597217.4256952,GPU-7d708c42-8d4a-16d5-0746-474567157aa3,184912,/opt/flyt/bin/flyt-shm-worker,554.0,True
evidence-c28-t-l-100-3,1790597218.425854,GPU-7d708c42-8d4a-16d5-0746-474567157aa3,184912,/opt/flyt/bin/flyt-shm-worker,554.0,True
evidence-c28-t-l-100-3,1790597219.4260812,GPU-7d708c42-8d4a-16d5-0746-474567157aa3,184912,/opt/flyt/bin/flyt-shm-worker,554.0,True
evidence-c28-t-l-100-3,1790597220.4262092,GPU-7d708c42-8d4a-16d5-0746-474567157aa3,184912,/opt/flyt/bin/flyt-shm-worker,554.0,True
evidence-c28-t-l-100-3,1790597221.4263356,GPU-7d708c42-8d4a-16d5-0746-474567157aa3,184912,/opt/flyt/bin/flyt-shm-worker,554.0,True
evidence-c28-t-l-100-3,1790597222.426463,GPU-7d708c42-8d4a-16d5-0746-474567157aa3,184912,/opt/flyt/bin/flyt-shm-worker,554.0,True
evidence-c28-t-l-100-3,1790597223.4266233,GPU-7d708c42-8d4a-16d5-0746-474567157aa3,184912,/opt/flyt/bin/flyt-shm-worker,554.0,True
evidence-c28-t-l-100-3,1790597224.426745,GPU-7d708c42-8d4a-16d5-0746-474567157aa3,184912,/opt/flyt/bin/flyt-shm-worker,554.0,True
evidence-c28-t-l-100-3,1790597225.4268684,GPU-7d708c42-8d4a-16d5-0746-474567157aa3,184912,/opt/flyt/bin/flyt-shm-worker,554.0,True
evidence-c28-t-l-100-3,1790597226.4269938,GPU-7d708c42-8d4a-16d5-0746-474567157aa3,184912,/opt/flyt/bin/flyt-shm-worker,554.0,True
evidence-c28-t-l-100-3,1790597227.4270947,GPU-7d708c42-8d4a-16d5-0746-474567157aa3,184912,/opt/flyt/bin/flyt-shm-worker,554.0,True
evidence-c28-t-l-100-3,1790597228.4272022,GPU-7d708c42-8d4a-16d5-0746-474567157aa3,184912,/opt/flyt/bin/flyt-shm-worker,554.0,True
evidence-c28-t-l-100-3,1790597229.4273276,GPU-7d708c42-8d4a-16d5-0746-474567157aa3,184912,/opt/flyt/bin/flyt-shm-worker,554.0,True
evidence-c28-t-l-100-3,1790597230.4274352,GPU-7d708c42-8d4a-16d5-0746-474567157aa3,184912,/opt/flyt/bin/flyt-shm-worker,554.0,True
evidence-c28-t-l-100-3,1790597231.4275172,GPU-7d708c42-8d4a-16d5-0746-474567157aa3,184912,/opt/flyt/bin/flyt-shm-worker,554.0,True
evidence-c28-t-l-100-3,1790597232.4276247,GPU-7d708c42-8d4a-16d5-0746-474567157aa3,184912,/opt/flyt/bin/flyt-shm-worker,554.0,True
evidence-c28-t-l-100-3,1790597233.4277318,GPU-7d708c42-8d4a-16d5-0746-474567157aa3,184912,/opt/flyt/bin/flyt-shm-worker,554.0,True
evidence-c28-t-l-100-3,1790597234.4278378,GPU-7d708c42-8d4a-16d5-0746-474567157aa3,184912,/opt/flyt/bin/flyt-shm-worker,554.0,True
evidence-c28-t-l-100-3,1790597235.4279454,GPU-7d708c42-8d4a-16d5-0746-474567157aa3,184912,/opt/flyt/bin/flyt-shm-worker,554.0,True
evidence-c28-t-l-100-3,1790597236.428053,GPU-7d708c42-8d4a-16d5-0746-474567157aa3,184912,/opt/flyt/bin/flyt-shm-worker,554.0,True
evidence-c28-t-l-100-3,1790597237.4281595,GPU-7d708c42-8d4a-16d5-0746-474567157aa3,184912,/opt/flyt/bin/flyt-shm-worker,554.0,True
evidence-c28-t-l-100-3,1790597238.428263,GPU-7d708c42-8d4a-16d5-0746-474567157aa3,184912,/opt/flyt/bin/flyt-shm-worker,554.0,True
evidence-c28-t-l-100-3,1790597239.4283705,GPU-7d708c42-8d4a-16d5-0746-474567157aa3,184912,/opt/flyt/bin/flyt-shm-worker,554.0,True
evidence-c28-t-l-100-3,1790597240.4285545,GPU-7d708c42-8d4a-16d5-0746-474567157aa3,184912,/opt/flyt/bin/flyt-shm-worker,554.0,True
evidence-c28-t-l-100-3,1790597241.428638,GPU-7d708c42-8d4a-16d5-0746-474567157aa3,184912,/opt/flyt/bin/flyt-shm-worker,554.0,True
evidence-c28-t-l-100-3,1790597242.4287434,GPU-7d708c42-8d4a-16d5-0746-474567157aa3,184912,/opt/flyt/bin/flyt-shm-worker,554.0,True
evidence-c28-t-l-100-3,1790597243.4288502,GPU-7d708c42-8d4a-16d5-0746-474567157aa3,184912,/opt/flyt/bin/flyt-shm-worker,554.0,True
evidence-c28-t-l-100-3,1790597244.4289553,GPU-7d708c42-8d4a-16d5-0746-474567157aa3,184912,/opt/flyt/bin/flyt-shm-worker,554.0,True
evidence-c28-t-l-100-3,1790597245.429142,GPU-7d708c42-8d4a-16d5-0746-474567157aa3,184912,/opt/flyt/bin/flyt-shm-worker,554.0,True
evidence-c28-t-l-100-3,1790597246.4292686,GPU-7d708c42-8d4a-16d5-0746-474567157aa3,184912,/opt/flyt/bin/flyt-shm-worker,554.0,True
evidence-c28-t-l-100-3,1790597247.4293966,GPU-7d708c42-8d4a-16d5-0746-474567157aa3,184912,/opt/flyt/bin/flyt-shm-worker,554.0,True
evidence-c28-t-l-100-3,1790597248.429522,GPU-7d708c42-8d4a-16d5-0746-474567157aa3,184912,/opt/flyt/bin/flyt-shm-worker,554.0,True
evidence-c28-t-l-100-3,1790597249.4296455,GPU-7d708c42-8d4a-16d5-0746-474567157aa3,184912,/opt/flyt/bin/flyt-shm-worker,554.0,True
evidence-c28-t-l-100-3,1790597250.4298685,GPU-7d708c42-8d4a-16d5-0746-474567157aa3,184912,/opt/flyt/bin/flyt-shm-worker,554.0,True
evidence-c28-t-l-100-3,1790597251.4300685,GPU-7d708c42-8d4a-16d5-0746-474567157aa3,184912,/opt/flyt/bin/flyt-shm-worker,554.0,True
evidence-c28-t-l-100-3,1790597252.4301875,GPU-7d708c42-8d4a-16d5-0746-474567157aa3,184912,/opt/flyt/bin/flyt-shm-worker,554.0,True
evidence-c28-t-l-100-3,1790597253.430331,GPU-7d708c42-8d4a-16d5-0746-474567157aa3,184912,/opt/flyt/bin/flyt-shm-worker,554.0,True
evidence-c28-t-l-100-3,1790597254.4304883,GPU-7d708c42-8d4a-16d5-0746-474567157aa3,184912,/opt/flyt/bin/flyt-shm-worker,554.0,True
evidence-c28-t-l-100-3,1790597255.4306357,GPU-7d708c42-8d4a-16d5-0746-474567157aa3,184912,/opt/flyt/bin/flyt-shm-worker,554.0,True
evidence-c28-t-l-100-3,1790597256.4307456,GPU-7d708c42-8d4a-16d5-0746-474567157aa3,184912,/opt/flyt/bin/flyt-shm-worker,554.0,True
evidence-c28-t-l-100-3,1790597257.430853,GPU-7d708c42-8d4a-16d5-0746-474567157aa3,184912,/opt/flyt/bin/flyt-shm-worker,554.0,True
evidence-c28-t-l-100-3,1790597258.430962,GPU-7d708c42-8d4a-16d5-0746-474567157aa3,184912,/opt/flyt/bin/flyt-shm-worker,554.0,True
evidence-c28-t-l-100-3,1790597259.4310417,GPU-7d708c42-8d4a-16d5-0746-474567157aa3,184912,/opt/flyt/bin/flyt-shm-worker,554.0,True
evidence-c28-t-l-100-3,1790597260.4311185,GPU-7d708c42-8d4a-16d5-0746-474567157aa3,184912,/opt/flyt/bin/flyt-shm-worker,554.0,True
evidence-c28-t-l-100-3,1790597261.4312217,GPU-7d708c42-8d4a-16d5-0746-474567157aa3,184912,/opt/flyt/bin/flyt-shm-worker,554.0,True
evidence-c28-t-l-25-1,1790595783.2439404,GPU-7d708c42-8d4a-16d5-0746-474567157aa3,127180,/opt/flyt/bin/flyt-shm-worker,554.0,True
evidence-c28-t-l-25-1,1790595784.2440772,GPU-7d708c42-8d4a-16d5-0746-474567157aa3,127180,/opt/flyt/bin/flyt-shm-worker,554.0,True
evidence-c28-t-l-25-1,1790595785.2441688,GPU-7d708c42-8d4a-16d5-0746-474567157aa3,127180,/opt/flyt/bin/flyt-shm-worker,554.0,True
evidence-c28-t-l-25-1,1790595786.244299,GPU-7d708c42-8d4a-16d5-0746-474567157aa3,127180,/opt/flyt/bin/flyt-shm-worker,554.0,True
evidence-c28-t-l-25-1,1790595787.2443855,GPU-7d708c42-8d4a-16d5-0746-474567157aa3,127180,/opt/flyt/bin/flyt-shm-worker,554.0,True
evidence-c28-t-l-25-1,1790595788.2445107,GPU-7d708c42-8d4a-16d5-0746-474567157aa3,127180,/opt/flyt/bin/flyt-shm-worker,554.0,True
evidence-c28-t-l-25-1,1790595789.2446153,GPU-7d708c42-8d4a-16d5-0746-474567157aa3,127180,/opt/flyt/bin/flyt-shm-worker,554.0,True
evidence-c28-t-l-25-1,1790595790.2447042,GPU-7d708c42-8d4a-16d5-0746-474567157aa3,127180,/opt/flyt/bin/flyt-shm-worker,554.0,True
evidence-c28-t-l-25-1,1790595791.244804,GPU-7d708c42-8d4a-16d5-0746-474567157aa3,127180,/opt/flyt/bin/flyt-shm-worker,554.0,True
evidence-c28-t-l-25-1,1790595792.2449112,GPU-7d708c42-8d4a-16d5-0746-474567157aa3,127180,/opt/flyt/bin/flyt-shm-worker,554.0,True
evidence-c28-t-l-25-1,1790595793.245115,GPU-7d708c42-8d4a-16d5-0746-474567157aa3,127180,/opt/flyt/bin/flyt-shm-worker,554.0,True
evidence-c28-t-l-25-1,1790595794.2452552,GPU-7d708c42-8d4a-16d5-0746-474567157aa3,127180,/opt/flyt/bin/flyt-shm-worker,554.0,True
evidence-c28-t-l-25-1,1790595795.2454,GPU-7d708c42-8d4a-16d5-0746-474567157aa3,127180,/opt/flyt/bin/flyt-shm-worker,554.0,True
evidence-c28-t-l-25-1,1790595796.245525,GPU-7d708c42-8d4a-16d5-0746-474567157aa3,127180,/opt/flyt/bin/flyt-shm-worker,554.0,True
evidence-c28-t-l-25-1,1790595797.245647,GPU-7d708c42-8d4a-16d5-0746-474567157aa3,127180,/opt/flyt/bin/flyt-shm-worker,554.0,True
evidence-c28-t-l-25-1,1790595798.2457402,GPU-7d708c42-8d4a-16d5-0746-474567157aa3,127180,/opt/flyt/bin/flyt-shm-worker,554.0,True
evidence-c28-t-l-25-1,1790595799.2459257,GPU-7d708c42-8d4a-16d5-0746-474567157aa3,127180,/opt/flyt/bin/flyt-shm-worker,554.0,True
evidence-c28-t-l-25-1,1790595800.2460294,GPU-7d708c42-8d4a-16d5-0746-474567157aa3,127180,/opt/flyt/bin/flyt-shm-worker,554.0,True
evidence-c28-t-l-25-1,1790595801.2461338,GPU-7d708c42-8d4a-16d5-0746-474567157aa3,127180,/opt/flyt/bin/flyt-shm-worker,554.0,True
evidence-c28-t-l-25-1,1790595802.2462409,GPU-7d708c42-8d4a-16d5-0746-474567157aa3,127180,/opt/flyt/bin/flyt-shm-worker,554.0,True
evidence-c28-t-l-25-1,1790595803.2463424,GPU-7d708c42-8d4a-16d5-0746-474567157aa3,127180,/opt/flyt/bin/flyt-shm-worker,554.0,True
evidence-c28-t-l-25-1,1790595804.2464292,GPU-7d708c42-8d4a-16d5-0746-474567157aa3,127180,/opt/flyt/bin/flyt-shm-worker,554.0,True
evidence-c28-t-l-25-1,1790595805.2465093,GPU-7d708c42-8d4a-16d5-0746-474567157aa3,127180,/opt/flyt/bin/flyt-shm-worker,554.0,True
evidence-c28-t-l-25-1,1790595806.246614,GPU-7d708c42-8d4a-16d5-0746-474567157aa3,127180,/opt/flyt/bin/flyt-shm-worker,554.0,True
evidence-c28-t-l-25-1,1790595807.246716,GPU-7d708c42-8d4a-16d5-0746-474567157aa3,127180,/opt/flyt/bin/flyt-shm-worker,554.0,True
evidence-c28-t-l-25-1,1790595808.2468626,GPU-7d708c42-8d4a-16d5-0746-474567157aa3,127180,/opt/flyt/bin/flyt-shm-worker,554.0,True
evidence-c28-t-l-25-1,1790595809.2469652,GPU-7d708c42-8d4a-16d5-0746-474567157aa3,127180,/opt/flyt/bin/flyt-shm-worker,554.0,True
evidence-c28-t-l-25-1,1790595810.2470412,GPU-7d708c42-8d4a-16d5-0746-474567157aa3,127180,/opt/flyt/bin/flyt-shm-worker,554.0,True
evidence-c28-t-l-25-1,1790595811.2471225,GPU-7d708c42-8d4a-16d5-0746-474567157aa3,127180,/opt/flyt/bin/flyt-shm-worker,554.0,True
evidence-c28-t-l-25-1,1790595812.2472034,GPU-7d708c42-8d4a-16d5-0746-474567157aa3,127180,/opt/flyt/bin/flyt-shm-worker,554.0,True
evidence-c28-t-l-25-1,1790595813.2473044,GPU-7d708c42-8d4a-16d5-0746-474567157aa3,127180,/opt/flyt/bin/flyt-shm-worker,554.0,True
evidence-c28-t-l-25-1,1790595814.2474082,GPU-7d708c42-8d4a-16d5-0746-474567157aa3,127180,/opt/flyt/bin/flyt-shm-worker,554.0,True
evidence-c28-t-l-25-1,1790595815.2475147,GPU-7d708c42-8d4a-16d5-0746-474567157aa3,127180,/opt/flyt/bin/flyt-shm-worker,554.0,True
evidence-c28-t-l-25-1,1790595816.247731,GPU-7d708c42-8d4a-16d5-0746-474567157aa3,127180,/opt/flyt/bin/flyt-shm-worker,554.0,True
evidence-c28-t-l-25-1,1790595817.2478411,GPU-7d708c42-8d4a-16d5-0746-474567157aa3,127180,/opt/flyt/bin/flyt-shm-worker,554.0,True
evidence-c28-t-l-25-1,1790595818.2479765,GPU-7d708c42-8d4a-16d5-0746-474567157aa3,127180,/opt/flyt/bin/flyt-shm-worker,554.0,True
evidence-c28-t-l-25-1,1790595819.2480714,GPU-7d708c42-8d4a-16d5-0746-474567157aa3,127180,/opt/flyt/bin/flyt-shm-worker,554.0,True
evidence-c28-t-l-25-1,1790595820.2481935,GPU-7d708c42-8d4a-16d5-0746-474567157aa3,127180,/opt/flyt/bin/flyt-shm-worker,554.0,True
evidence-c28-t-l-25-1,1790595821.2482998,GPU-7d708c42-8d4a-16d5-0746-474567157aa3,127180,/opt/flyt/bin/flyt-shm-worker,554.0,True
evidence-c28-t-l-25-1,1790595822.2484908,GPU-7d708c42-8d4a-16d5-0746-474567157aa3,127180,/opt/flyt/bin/flyt-shm-worker,554.0,True
evidence-c28-t-l-25-1,1790595823.2485964,GPU-7d708c42-8d4a-16d5-0746-474567157aa3,127180,/opt/flyt/bin/flyt-shm-worker,554.0,True
evidence-c28-t-l-25-1,1790595824.2487736,GPU-7d708c42-8d4a-16d5-0746-474567157aa3,127180,/opt/flyt/bin/flyt-shm-worker,554.0,True
evidence-c28-t-l-25-1,1790595825.2488797,GPU-7d708c42-8d4a-16d5-0746-474567157aa3,127180,/opt/flyt/bin/flyt-shm-worker,554.0,True
evidence-c28-t-l-25-1,1790595826.249064,GPU-7d708c42-8d4a-16d5-0746-474567157aa3,127180,/opt/flyt/bin/flyt-shm-worker,554.0,True
evidence-c28-t-l-25-1,1790595827.249172,GPU-7d708c42-8d4a-16d5-0746-474567157aa3,127180,/opt/flyt/bin/flyt-shm-worker,554.0,True
evidence-c28-t-l-25-1,1790595828.2492783,GPU-7d708c42-8d4a-16d5-0746-474567157aa3,127180,/opt/flyt/bin/flyt-shm-worker,554.0,True
evidence-c28-t-l-25-1,1790595829.2493558,GPU-7d708c42-8d4a-16d5-0746-474567157aa3,127180,/opt/flyt/bin/flyt-shm-worker,554.0,True
evidence-c28-t-l-25-1,1790595830.2494643,GPU-7d708c42-8d4a-16d5-0746-474567157aa3,127180,/opt/flyt/bin/flyt-shm-worker,554.0,True
evidence-c28-t-l-25-1,1790595831.2495751,GPU-7d708c42-8d4a-16d5-0746-474567157aa3,127180,/opt/flyt/bin/flyt-shm-worker,554.0,True
evidence-c28-t-l-25-1,1790595832.2497196,GPU-7d708c42-8d4a-16d5-0746-474567157aa3,127180,/opt/flyt/bin/flyt-shm-worker,554.0,True
evidence-c28-t-l-25-1,1790595833.2498245,GPU-7d708c42-8d4a-16d5-0746-474567157aa3,127180,/opt/flyt/bin/flyt-shm-worker,554.0,True
evidence-c28-t-l-25-1,1790595834.2499301,GPU-7d708c42-8d4a-16d5-0746-474567157aa3,127180,/opt/flyt/bin/flyt-shm-worker,554.0,True
evidence-c28-t-l-25-1,1790595835.2500358,GPU-7d708c42-8d4a-16d5-0746-474567157aa3,127180,/opt/flyt/bin/flyt-shm-worker,554.0,True
evidence-c28-t-l-25-1,1790595836.250143,GPU-7d708c42-8d4a-16d5-0746-474567157aa3,127180,/opt/flyt/bin/flyt-shm-worker,554.0,True
evidence-c28-t-l-25-1,1790595837.250224,GPU-7d708c42-8d4a-16d5-0746-474567157aa3,127180,/opt/flyt/bin/flyt-shm-worker,554.0,True
evidence-c28-t-l-25-1,1790595838.2503304,GPU-7d708c42-8d4a-16d5-0746-474567157aa3,127180,/opt/flyt/bin/flyt-shm-worker,554.0,True
evidence-c28-t-l-25-1,1790595839.2504447,GPU-7d708c42-8d4a-16d5-0746-474567157aa3,127180,/opt/flyt/bin/flyt-shm-worker,554.0,True
evidence-c28-t-l-25-1,1790595840.2505512,GPU-7d708c42-8d4a-16d5-0746-474567157aa3,127180,/opt/flyt/bin/flyt-shm-worker,554.0,True
evidence-c28-t-l-25-1,1790595841.2506573,GPU-7d708c42-8d4a-16d5-0746-474567157aa3,127180,/opt/flyt/bin/flyt-shm-worker,554.0,True
evidence-c28-t-l-25-1,1790595842.2507644,GPU-7d708c42-8d4a-16d5-0746-474567157aa3,127180,/opt/flyt/bin/flyt-shm-worker,554.0,True
evidence-c28-t-l-25-2,1790596350.319956,GPU-7d708c42-8d4a-16d5-0746-474567157aa3,151414,/opt/flyt/bin/flyt-shm-worker,554.0,True
evidence-c28-t-l-25-2,1790596351.3200824,GPU-7d708c42-8d4a-16d5-0746-474567157aa3,151414,/opt/flyt/bin/flyt-shm-worker,554.0,True
evidence-c28-t-l-25-2,1790596352.3202064,GPU-7d708c42-8d4a-16d5-0746-474567157aa3,151414,/opt/flyt/bin/flyt-shm-worker,554.0,True
evidence-c28-t-l-25-2,1790596353.3203297,GPU-7d708c42-8d4a-16d5-0746-474567157aa3,151414,/opt/flyt/bin/flyt-shm-worker,554.0,True
evidence-c28-t-l-25-2,1790596354.3205001,GPU-7d708c42-8d4a-16d5-0746-474567157aa3,151414,/opt/flyt/bin/flyt-shm-worker,554.0,True
evidence-c28-t-l-25-2,1790596355.3206103,GPU-7d708c42-8d4a-16d5-0746-474567157aa3,151414,/opt/flyt/bin/flyt-shm-worker,554.0,True
evidence-c28-t-l-25-2,1790596356.320735,GPU-7d708c42-8d4a-16d5-0746-474567157aa3,151414,/opt/flyt/bin/flyt-shm-worker,554.0,True
evidence-c28-t-l-25-2,1790596357.320838,GPU-7d708c42-8d4a-16d5-0746-474567157aa3,151414,/opt/flyt/bin/flyt-shm-worker,554.0,True
evidence-c28-t-l-25-2,1790596358.3209424,GPU-7d708c42-8d4a-16d5-0746-474567157aa3,151414,/opt/flyt/bin/flyt-shm-worker,554.0,True
evidence-c28-t-l-25-2,1790596359.3210363,GPU-7d708c42-8d4a-16d5-0746-474567157aa3,151414,/opt/flyt/bin/flyt-shm-worker,554.0,True
evidence-c28-t-l-25-2,1790596360.321123,GPU-7d708c42-8d4a-16d5-0746-474567157aa3,151414,/opt/flyt/bin/flyt-shm-worker,554.0,True
evidence-c28-t-l-25-2,1790596361.3212292,GPU-7d708c42-8d4a-16d5-0746-474567157aa3,151414,/opt/flyt/bin/flyt-shm-worker,554.0,True
evidence-c28-t-l-25-2,1790596362.3213897,GPU-7d708c42-8d4a-16d5-0746-474567157aa3,151414,/opt/flyt/bin/flyt-shm-worker,554.0,True
evidence-c28-t-l-25-2,1790596363.3215122,GPU-7d708c42-8d4a-16d5-0746-474567157aa3,151414,/opt/flyt/bin/flyt-shm-worker,554.0,True
evidence-c28-t-l-25-2,1790596364.3216193,GPU-7d708c42-8d4a-16d5-0746-474567157aa3,151414,/opt/flyt/bin/flyt-shm-worker,554.0,True
evidence-c28-t-l-25-2,1790596365.3217223,GPU-7d708c42-8d4a-16d5-0746-474567157aa3,151414,/opt/flyt/bin/flyt-shm-worker,554.0,True
evidence-c28-t-l-25-2,1790596366.3218286,GPU-7d708c42-8d4a-16d5-0746-474567157aa3,151414,/opt/flyt/bin/flyt-shm-worker,554.0,True
evidence-c28-t-l-25-2,1790596367.3219352,GPU-7d708c42-8d4a-16d5-0746-474567157aa3,151414,/opt/flyt/bin/flyt-shm-worker,554.0,True
evidence-c28-t-l-25-2,1790596368.3220189,GPU-7d708c42-8d4a-16d5-0746-474567157aa3,151414,/opt/flyt/bin/flyt-shm-worker,554.0,True
evidence-c28-t-l-25-2,1790596369.322125,GPU-7d708c42-8d4a-16d5-0746-474567157aa3,151414,/opt/flyt/bin/flyt-shm-worker,554.0,True
evidence-c28-t-l-25-2,1790596370.3222167,GPU-7d708c42-8d4a-16d5-0746-474567157aa3,151414,/opt/flyt/bin/flyt-shm-worker,554.0,True
evidence-c28-t-l-25-2,1790596371.3223352,GPU-7d708c42-8d4a-16d5-0746-474567157aa3,151414,/opt/flyt/bin/flyt-shm-worker,554.0,True
evidence-c28-t-l-25-2,1790596372.3224425,GPU-7d708c42-8d4a-16d5-0746-474567157aa3,151414,/opt/flyt/bin/flyt-shm-worker,554.0,True
evidence-c28-t-l-25-2,1790596373.322519,GPU-7d708c42-8d4a-16d5-0746-474567157aa3,151414,/opt/flyt/bin/flyt-shm-worker,554.0,True
evidence-c28-t-l-25-2,1790596374.3226001,GPU-7d708c42-8d4a-16d5-0746-474567157aa3,151414,/opt/flyt/bin/flyt-shm-worker,554.0,True
evidence-c28-t-l-25-2,1790596375.322704,GPU-7d708c42-8d4a-16d5-0746-474567157aa3,151414,/opt/flyt/bin/flyt-shm-worker,554.0,True
evidence-c28-t-l-25-2,1790596376.3228238,GPU-7d708c42-8d4a-16d5-0746-474567157aa3,151414,/opt/flyt/bin/flyt-shm-worker,554.0,True
evidence-c28-t-l-25-2,1790596377.3229473,GPU-7d708c42-8d4a-16d5-0746-474567157aa3,151414,/opt/flyt/bin/flyt-shm-worker,554.0,True
evidence-c28-t-l-25-2,1790596378.3230693,GPU-7d708c42-8d4a-16d5-0746-474567157aa3,151414,/opt/flyt/bin/flyt-shm-worker,554.0,True
evidence-c28-t-l-25-2,1790596379.3231852,GPU-7d708c42-8d4a-16d5-0746-474567157aa3,151414,/opt/flyt/bin/flyt-shm-worker,554.0,True
evidence-c28-t-l-25-2,1790596380.3232913,GPU-7d708c42-8d4a-16d5-0746-474567157aa3,151414,/opt/flyt/bin/flyt-shm-worker,554.0,True
evidence-c28-t-l-25-2,1790596381.3233964,GPU-7d708c42-8d4a-16d5-0746-474567157aa3,151414,/opt/flyt/bin/flyt-shm-worker,554.0,True
evidence-c28-t-l-25-2,1790596382.323557,GPU-7d708c42-8d4a-16d5-0746-474567157aa3,151414,/opt/flyt/bin/flyt-shm-worker,554.0,True
evidence-c28-t-l-25-2,1790596383.3236635,GPU-7d708c42-8d4a-16d5-0746-474567157aa3,151414,/opt/flyt/bin/flyt-shm-worker,554.0,True
evidence-c28-t-l-25-2,1790596384.3238082,GPU-7d708c42-8d4a-16d5-0746-474567157aa3,151414,/opt/flyt/bin/flyt-shm-worker,554.0,True
evidence-c28-t-l-25-2,1790596385.323914,GPU-7d708c42-8d4a-16d5-0746-474567157aa3,151414,/opt/flyt/bin/flyt-shm-worker,554.0,True
evidence-c28-t-l-25-2,1790596386.3240473,GPU-7d708c42-8d4a-16d5-0746-474567157aa3,151414,/opt/flyt/bin/flyt-shm-worker,554.0,True
evidence-c28-t-l-25-2,1790596387.3241518,GPU-7d708c42-8d4a-16d5-0746-474567157aa3,151414,/opt/flyt/bin/flyt-shm-worker,554.0,True
evidence-c28-t-l-25-2,1790596388.3242574,GPU-7d708c42-8d4a-16d5-0746-474567157aa3,151414,/opt/flyt/bin/flyt-shm-worker,554.0,True
evidence-c28-t-l-25-2,1790596389.3243663,GPU-7d708c42-8d4a-16d5-0746-474567157aa3,151414,/opt/flyt/bin/flyt-shm-worker,554.0,True
evidence-c28-t-l-25-2,1790596390.3244956,GPU-7d708c42-8d4a-16d5-0746-474567157aa3,151414,/opt/flyt/bin/flyt-shm-worker,554.0,True
evidence-c28-t-l-25-2,1790596391.3246021,GPU-7d708c42-8d4a-16d5-0746-474567157aa3,151414,/opt/flyt/bin/flyt-shm-worker,554.0,True
evidence-c28-t-l-25-2,1790596392.3247402,GPU-7d708c42-8d4a-16d5-0746-474567157aa3,151414,/opt/flyt/bin/flyt-shm-worker,554.0,True
evidence-c28-t-l-25-2,1790596393.3249092,GPU-7d708c42-8d4a-16d5-0746-474567157aa3,151414,/opt/flyt/bin/flyt-shm-worker,554.0,True
evidence-c28-t-l-25-2,1790596394.3249912,GPU-7d708c42-8d4a-16d5-0746-474567157aa3,151414,/opt/flyt/bin/flyt-shm-worker,554.0,True
evidence-c28-t-l-25-2,1790596395.3250973,GPU-7d708c42-8d4a-16d5-0746-474567157aa3,151414,/opt/flyt/bin/flyt-shm-worker,554.0,True
evidence-c28-t-l-25-2,1790596396.3252044,GPU-7d708c42-8d4a-16d5-0746-474567157aa3,151414,/opt/flyt/bin/flyt-shm-worker,554.0,True
evidence-c28-t-l-25-2,1790596397.325309,GPU-7d708c42-8d4a-16d5-0746-474567157aa3,151414,/opt/flyt/bin/flyt-shm-worker,554.0,True
evidence-c28-t-l-25-2,1790596398.3254147,GPU-7d708c42-8d4a-16d5-0746-474567157aa3,151414,/opt/flyt/bin/flyt-shm-worker,554.0,True
evidence-c28-t-l-25-2,1790596399.3255212,GPU-7d708c42-8d4a-16d5-0746-474567157aa3,151414,/opt/flyt/bin/flyt-shm-worker,554.0,True
evidence-c28-t-l-25-2,1790596400.3256345,GPU-7d708c42-8d4a-16d5-0746-474567157aa3,151414,/opt/flyt/bin/flyt-shm-worker,554.0,True
evidence-c28-t-l-25-2,1790596401.3257265,GPU-7d708c42-8d4a-16d5-0746-474567157aa3,151414,/opt/flyt/bin/flyt-shm-worker,554.0,True
evidence-c28-t-l-25-2,1790596402.3258362,GPU-7d708c42-8d4a-16d5-0746-474567157aa3,151414,/opt/flyt/bin/flyt-shm-worker,554.0,True
evidence-c28-t-l-25-2,1790596403.3259432,GPU-7d708c42-8d4a-16d5-0746-474567157aa3,151414,/opt/flyt/bin/flyt-shm-worker,554.0,True
evidence-c28-t-l-25-2,1790596404.32605,GPU-7d708c42-8d4a-16d5-0746-474567157aa3,151414,/opt/flyt/bin/flyt-shm-worker,554.0,True
evidence-c28-t-l-25-2,1790596405.3261542,GPU-7d708c42-8d4a-16d5-0746-474567157aa3,151414,/opt/flyt/bin/flyt-shm-worker,554.0,True
evidence-c28-t-l-25-2,1790596406.3264377,GPU-7d708c42-8d4a-16d5-0746-474567157aa3,151414,/opt/flyt/bin/flyt-shm-worker,554.0,True
evidence-c28-t-l-25-2,1790596407.3265595,GPU-7d708c42-8d4a-16d5-0746-474567157aa3,151414,/opt/flyt/bin/flyt-shm-worker,554.0,True
evidence-c28-t-l-25-2,1790596408.3266647,GPU-7d708c42-8d4a-16d5-0746-474567157aa3,151414,/opt/flyt/bin/flyt-shm-worker,554.0,True
evidence-c28-t-l-25-2,1790596409.3267753,GPU-7d708c42-8d4a-16d5-0746-474567157aa3,151414,/opt/flyt/bin/flyt-shm-worker,554.0,True
evidence-c28-t-l-25-3,1790597486.4583814,GPU-7d708c42-8d4a-16d5-0746-474567157aa3,195904,/opt/flyt/bin/flyt-shm-worker,554.0,True
evidence-c28-t-l-25-3,1790597487.4585073,GPU-7d708c42-8d4a-16d5-0746-474567157aa3,195904,/opt/flyt/bin/flyt-shm-worker,554.0,True
evidence-c28-t-l-25-3,1790597488.4585974,GPU-7d708c42-8d4a-16d5-0746-474567157aa3,195904,/opt/flyt/bin/flyt-shm-worker,554.0,True
evidence-c28-t-l-25-3,1790597489.4587207,GPU-7d708c42-8d4a-16d5-0746-474567157aa3,195904,/opt/flyt/bin/flyt-shm-worker,554.0,True
evidence-c28-t-l-25-3,1790597490.4588387,GPU-7d708c42-8d4a-16d5-0746-474567157aa3,195904,/opt/flyt/bin/flyt-shm-worker,554.0,True
evidence-c28-t-l-25-3,1790597491.4589233,GPU-7d708c42-8d4a-16d5-0746-474567157aa3,195904,/opt/flyt/bin/flyt-shm-worker,554.0,True
evidence-c28-t-l-25-3,1790597492.4590046,GPU-7d708c42-8d4a-16d5-0746-474567157aa3,195904,/opt/flyt/bin/flyt-shm-worker,554.0,True
evidence-c28-t-l-25-3,1790597493.4590898,GPU-7d708c42-8d4a-16d5-0746-474567157aa3,195904,/opt/flyt/bin/flyt-shm-worker,554.0,True
evidence-c28-t-l-25-3,1790597494.4591918,GPU-7d708c42-8d4a-16d5-0746-474567157aa3,195904,/opt/flyt/bin/flyt-shm-worker,554.0,True
evidence-c28-t-l-25-3,1790597495.4592936,GPU-7d708c42-8d4a-16d5-0746-474567157aa3,195904,/opt/flyt/bin/flyt-shm-worker,554.0,True
evidence-c28-t-l-25-3,1790597496.459401,GPU-7d708c42-8d4a-16d5-0746-474567157aa3,195904,/opt/flyt/bin/flyt-shm-worker,554.0,True
evidence-c28-t-l-25-3,1790597497.459524,GPU-7d708c42-8d4a-16d5-0746-474567157aa3,195904,/opt/flyt/bin/flyt-shm-worker,554.0,True
evidence-c28-t-l-25-3,1790597498.4597263,GPU-7d708c42-8d4a-16d5-0746-474567157aa3,195904,/opt/flyt/bin/flyt-shm-worker,554.0,True
evidence-c28-t-l-25-3,1790597499.459847,GPU-7d708c42-8d4a-16d5-0746-474567157aa3,195904,/opt/flyt/bin/flyt-shm-worker,554.0,True
evidence-c28-t-l-25-3,1790597500.459972,GPU-7d708c42-8d4a-16d5-0746-474567157aa3,195904,/opt/flyt/bin/flyt-shm-worker,554.0,True
evidence-c28-t-l-25-3,1790597501.4600887,GPU-7d708c42-8d4a-16d5-0746-474567157aa3,195904,/opt/flyt/bin/flyt-shm-worker,554.0,True
evidence-c28-t-l-25-3,1790597502.460212,GPU-7d708c42-8d4a-16d5-0746-474567157aa3,195904,/opt/flyt/bin/flyt-shm-worker,554.0,True
evidence-c28-t-l-25-3,1790597503.4603314,GPU-7d708c42-8d4a-16d5-0746-474567157aa3,195904,/opt/flyt/bin/flyt-shm-worker,554.0,True
evidence-c28-t-l-25-3,1790597504.4604542,GPU-7d708c42-8d4a-16d5-0746-474567157aa3,195904,/opt/flyt/bin/flyt-shm-worker,554.0,True
evidence-c28-t-l-25-3,1790597505.4605777,GPU-7d708c42-8d4a-16d5-0746-474567157aa3,195904,/opt/flyt/bin/flyt-shm-worker,554.0,True
evidence-c28-t-l-25-3,1790597506.4607377,GPU-7d708c42-8d4a-16d5-0746-474567157aa3,195904,/opt/flyt/bin/flyt-shm-worker,554.0,True
evidence-c28-t-l-25-3,1790597507.4608576,GPU-7d708c42-8d4a-16d5-0746-474567157aa3,195904,/opt/flyt/bin/flyt-shm-worker,554.0,True
evidence-c28-t-l-25-3,1790597508.4609816,GPU-7d708c42-8d4a-16d5-0746-474567157aa3,195904,/opt/flyt/bin/flyt-shm-worker,554.0,True
evidence-c28-t-l-25-3,1790597509.4610991,GPU-7d708c42-8d4a-16d5-0746-474567157aa3,195904,/opt/flyt/bin/flyt-shm-worker,554.0,True
evidence-c28-t-l-25-3,1790597510.4612095,GPU-7d708c42-8d4a-16d5-0746-474567157aa3,195904,/opt/flyt/bin/flyt-shm-worker,554.0,True
evidence-c28-t-l-25-3,1790597511.4613116,GPU-7d708c42-8d4a-16d5-0746-474567157aa3,195904,/opt/flyt/bin/flyt-shm-worker,554.0,True
evidence-c28-t-l-25-3,1790597512.461413,GPU-7d708c42-8d4a-16d5-0746-474567157aa3,195904,/opt/flyt/bin/flyt-shm-worker,554.0,True
evidence-c28-t-l-25-3,1790597513.4614947,GPU-7d708c42-8d4a-16d5-0746-474567157aa3,195904,/opt/flyt/bin/flyt-shm-worker,554.0,True
evidence-c28-t-l-25-3,1790597514.461641,GPU-7d708c42-8d4a-16d5-0746-474567157aa3,195904,/opt/flyt/bin/flyt-shm-worker,554.0,True
evidence-c28-t-l-25-3,1790597515.4617436,GPU-7d708c42-8d4a-16d5-0746-474567157aa3,195904,/opt/flyt/bin/flyt-shm-worker,554.0,True
evidence-c28-t-l-25-3,1790597516.461845,GPU-7d708c42-8d4a-16d5-0746-474567157aa3,195904,/opt/flyt/bin/flyt-shm-worker,554.0,True
evidence-c28-t-l-25-3,1790597517.4620285,GPU-7d708c42-8d4a-16d5-0746-474567157aa3,195904,/opt/flyt/bin/flyt-shm-worker,554.0,True
evidence-c28-t-l-25-3,1790597518.4621298,GPU-7d708c42-8d4a-16d5-0746-474567157aa3,195904,/opt/flyt/bin/flyt-shm-worker,554.0,True
evidence-c28-t-l-25-3,1790597519.4622858,GPU-7d708c42-8d4a-16d5-0746-474567157aa3,195904,/opt/flyt/bin/flyt-shm-worker,554.0,True
evidence-c28-t-l-25-3,1790597520.4623933,GPU-7d708c42-8d4a-16d5-0746-474567157aa3,195904,/opt/flyt/bin/flyt-shm-worker,554.0,True
evidence-c28-t-l-25-3,1790597521.4625084,GPU-7d708c42-8d4a-16d5-0746-474567157aa3,195904,/opt/flyt/bin/flyt-shm-worker,554.0,True
evidence-c28-t-l-25-3,1790597522.4626315,GPU-7d708c42-8d4a-16d5-0746-474567157aa3,195904,/opt/flyt/bin/flyt-shm-worker,554.0,True
evidence-c28-t-l-25-3,1790597523.4627407,GPU-7d708c42-8d4a-16d5-0746-474567157aa3,195904,/opt/flyt/bin/flyt-shm-worker,554.0,True
evidence-c28-t-l-25-3,1790597524.4628637,GPU-7d708c42-8d4a-16d5-0746-474567157aa3,195904,/opt/flyt/bin/flyt-shm-worker,554.0,True
evidence-c28-t-l-25-3,1790597525.4629877,GPU-7d708c42-8d4a-16d5-0746-474567157aa3,195904,/opt/flyt/bin/flyt-shm-worker,554.0,True
evidence-c28-t-l-25-3,1790597526.46311,GPU-7d708c42-8d4a-16d5-0746-474567157aa3,195904,/opt/flyt/bin/flyt-shm-worker,554.0,True
evidence-c28-t-l-25-3,1790597527.4632277,GPU-7d708c42-8d4a-16d5-0746-474567157aa3,195904,/opt/flyt/bin/flyt-shm-worker,554.0,True
evidence-c28-t-l-25-3,1790597528.4633505,GPU-7d708c42-8d4a-16d5-0746-474567157aa3,195904,/opt/flyt/bin/flyt-shm-worker,554.0,True
evidence-c28-t-l-25-3,1790597529.4634736,GPU-7d708c42-8d4a-16d5-0746-474567157aa3,195904,/opt/flyt/bin/flyt-shm-worker,554.0,True
evidence-c28-t-l-25-3,1790597530.4635935,GPU-7d708c42-8d4a-16d5-0746-474567157aa3,195904,/opt/flyt/bin/flyt-shm-worker,554.0,True
evidence-c28-t-l-25-3,1790597531.4637182,GPU-7d708c42-8d4a-16d5-0746-474567157aa3,195904,/opt/flyt/bin/flyt-shm-worker,554.0,True
evidence-c28-t-l-25-3,1790597532.46384,GPU-7d708c42-8d4a-16d5-0746-474567157aa3,195904,/opt/flyt/bin/flyt-shm-worker,554.0,True
evidence-c28-t-l-25-3,1790597533.463964,GPU-7d708c42-8d4a-16d5-0746-474567157aa3,195904,/opt/flyt/bin/flyt-shm-worker,554.0,True
evidence-c28-t-l-25-3,1790597534.46407,GPU-7d708c42-8d4a-16d5-0746-474567157aa3,195904,/opt/flyt/bin/flyt-shm-worker,554.0,True
evidence-c28-t-l-25-3,1790597535.4641721,GPU-7d708c42-8d4a-16d5-0746-474567157aa3,195904,/opt/flyt/bin/flyt-shm-worker,554.0,True
evidence-c28-t-l-25-3,1790597536.4642782,GPU-7d708c42-8d4a-16d5-0746-474567157aa3,195904,/opt/flyt/bin/flyt-shm-worker,554.0,True
evidence-c28-t-l-25-3,1790597537.4643855,GPU-7d708c42-8d4a-16d5-0746-474567157aa3,195904,/opt/flyt/bin/flyt-shm-worker,554.0,True
evidence-c28-t-l-25-3,1790597538.4644918,GPU-7d708c42-8d4a-16d5-0746-474567157aa3,195904,/opt/flyt/bin/flyt-shm-worker,554.0,True
evidence-c28-t-l-25-3,1790597539.464585,GPU-7d708c42-8d4a-16d5-0746-474567157aa3,195904,/opt/flyt/bin/flyt-shm-worker,554.0,True
evidence-c28-t-l-25-3,1790597540.4647262,GPU-7d708c42-8d4a-16d5-0746-474567157aa3,195904,/opt/flyt/bin/flyt-shm-worker,554.0,True
evidence-c28-t-l-25-3,1790597541.4648232,GPU-7d708c42-8d4a-16d5-0746-474567157aa3,195904,/opt/flyt/bin/flyt-shm-worker,554.0,True
evidence-c28-t-l-25-3,1790597542.4649446,GPU-7d708c42-8d4a-16d5-0746-474567157aa3,195904,/opt/flyt/bin/flyt-shm-worker,554.0,True
evidence-c28-t-l-25-3,1790597543.465062,GPU-7d708c42-8d4a-16d5-0746-474567157aa3,195904,/opt/flyt/bin/flyt-shm-worker,554.0,True
evidence-c28-t-l-25-3,1790597544.4651816,GPU-7d708c42-8d4a-16d5-0746-474567157aa3,195904,/opt/flyt/bin/flyt-shm-worker,554.0,True
evidence-c28-t-l-25-3,1790597545.465303,GPU-7d708c42-8d4a-16d5-0746-474567157aa3,195904,/opt/flyt/bin/flyt-shm-worker,554.0,True
evidence-c28-t-l-50-1,1790595637.226613,GPU-7d708c42-8d4a-16d5-0746-474567157aa3,121882,/opt/flyt/bin/flyt-shm-worker,554.0,True
evidence-c28-t-l-50-1,1790595638.2267008,GPU-7d708c42-8d4a-16d5-0746-474567157aa3,121882,/opt/flyt/bin/flyt-shm-worker,554.0,True
evidence-c28-t-l-50-1,1790595639.2268069,GPU-7d708c42-8d4a-16d5-0746-474567157aa3,121882,/opt/flyt/bin/flyt-shm-worker,554.0,True
evidence-c28-t-l-50-1,1790595640.2268913,GPU-7d708c42-8d4a-16d5-0746-474567157aa3,121882,/opt/flyt/bin/flyt-shm-worker,554.0,True
evidence-c28-t-l-50-1,1790595641.2269993,GPU-7d708c42-8d4a-16d5-0746-474567157aa3,121882,/opt/flyt/bin/flyt-shm-worker,554.0,True
evidence-c28-t-l-50-1,1790595642.2270849,GPU-7d708c42-8d4a-16d5-0746-474567157aa3,121882,/opt/flyt/bin/flyt-shm-worker,554.0,True
evidence-c28-t-l-50-1,1790595643.2272453,GPU-7d708c42-8d4a-16d5-0746-474567157aa3,121882,/opt/flyt/bin/flyt-shm-worker,554.0,True
evidence-c28-t-l-50-1,1790595644.227344,GPU-7d708c42-8d4a-16d5-0746-474567157aa3,121882,/opt/flyt/bin/flyt-shm-worker,554.0,True
evidence-c28-t-l-50-1,1790595645.2274497,GPU-7d708c42-8d4a-16d5-0746-474567157aa3,121882,/opt/flyt/bin/flyt-shm-worker,554.0,True
evidence-c28-t-l-50-1,1790595646.2275531,GPU-7d708c42-8d4a-16d5-0746-474567157aa3,121882,/opt/flyt/bin/flyt-shm-worker,554.0,True
evidence-c28-t-l-50-1,1790595647.2276595,GPU-7d708c42-8d4a-16d5-0746-474567157aa3,121882,/opt/flyt/bin/flyt-shm-worker,554.0,True
evidence-c28-t-l-50-1,1790595648.2278032,GPU-7d708c42-8d4a-16d5-0746-474567157aa3,121882,/opt/flyt/bin/flyt-shm-worker,554.0,True
evidence-c28-t-l-50-1,1790595649.2279065,GPU-7d708c42-8d4a-16d5-0746-474567157aa3,121882,/opt/flyt/bin/flyt-shm-worker,554.0,True
evidence-c28-t-l-50-1,1790595650.2280293,GPU-7d708c42-8d4a-16d5-0746-474567157aa3,121882,/opt/flyt/bin/flyt-shm-worker,554.0,True
evidence-c28-t-l-50-1,1790595651.2282064,GPU-7d708c42-8d4a-16d5-0746-474567157aa3,121882,/opt/flyt/bin/flyt-shm-worker,554.0,True
evidence-c28-t-l-50-1,1790595652.2283306,GPU-7d708c42-8d4a-16d5-0746-474567157aa3,121882,/opt/flyt/bin/flyt-shm-worker,554.0,True
evidence-c28-t-l-50-1,1790595653.228413,GPU-7d708c42-8d4a-16d5-0746-474567157aa3,121882,/opt/flyt/bin/flyt-shm-worker,554.0,True
evidence-c28-t-l-50-1,1790595654.2285187,GPU-7d708c42-8d4a-16d5-0746-474567157aa3,121882,/opt/flyt/bin/flyt-shm-worker,554.0,True
evidence-c28-t-l-50-1,1790595655.228642,GPU-7d708c42-8d4a-16d5-0746-474567157aa3,121882,/opt/flyt/bin/flyt-shm-worker,554.0,True
evidence-c28-t-l-50-1,1790595656.2287626,GPU-7d708c42-8d4a-16d5-0746-474567157aa3,121882,/opt/flyt/bin/flyt-shm-worker,554.0,True
evidence-c28-t-l-50-1,1790595657.2288857,GPU-7d708c42-8d4a-16d5-0746-474567157aa3,121882,/opt/flyt/bin/flyt-shm-worker,554.0,True
evidence-c28-t-l-50-1,1790595658.2289913,GPU-7d708c42-8d4a-16d5-0746-474567157aa3,121882,/opt/flyt/bin/flyt-shm-worker,554.0,True
evidence-c28-t-l-50-1,1790595659.2291138,GPU-7d708c42-8d4a-16d5-0746-474567157aa3,121882,/opt/flyt/bin/flyt-shm-worker,554.0,True
evidence-c28-t-l-50-1,1790595660.2292361,GPU-7d708c42-8d4a-16d5-0746-474567157aa3,121882,/opt/flyt/bin/flyt-shm-worker,554.0,True
evidence-c28-t-l-50-1,1790595661.2293434,GPU-7d708c42-8d4a-16d5-0746-474567157aa3,121882,/opt/flyt/bin/flyt-shm-worker,554.0,True
evidence-c28-t-l-50-1,1790595662.2294493,GPU-7d708c42-8d4a-16d5-0746-474567157aa3,121882,/opt/flyt/bin/flyt-shm-worker,554.0,True
evidence-c28-t-l-50-1,1790595663.2295527,GPU-7d708c42-8d4a-16d5-0746-474567157aa3,121882,/opt/flyt/bin/flyt-shm-worker,554.0,True
evidence-c28-t-l-50-1,1790595664.229657,GPU-7d708c42-8d4a-16d5-0746-474567157aa3,121882,/opt/flyt/bin/flyt-shm-worker,554.0,True
evidence-c28-t-l-50-1,1790595665.2297647,GPU-7d708c42-8d4a-16d5-0746-474567157aa3,121882,/opt/flyt/bin/flyt-shm-worker,554.0,True
evidence-c28-t-l-50-1,1790595666.22987,GPU-7d708c42-8d4a-16d5-0746-474567157aa3,121882,/opt/flyt/bin/flyt-shm-worker,554.0,True
evidence-c28-t-l-50-1,1790595667.229952,GPU-7d708c42-8d4a-16d5-0746-474567157aa3,121882,/opt/flyt/bin/flyt-shm-worker,554.0,True
evidence-c28-t-l-50-1,1790595668.2300541,GPU-7d708c42-8d4a-16d5-0746-474567157aa3,121882,/opt/flyt/bin/flyt-shm-worker,554.0,True
evidence-c28-t-l-50-1,1790595669.2301655,GPU-7d708c42-8d4a-16d5-0746-474567157aa3,121882,/opt/flyt/bin/flyt-shm-worker,554.0,True
evidence-c28-t-l-50-1,1790595670.2302625,GPU-7d708c42-8d4a-16d5-0746-474567157aa3,121882,/opt/flyt/bin/flyt-shm-worker,554.0,True
evidence-c28-t-l-50-1,1790595671.2303426,GPU-7d708c42-8d4a-16d5-0746-474567157aa3,121882,/opt/flyt/bin/flyt-shm-worker,554.0,True
evidence-c28-t-l-50-1,1790595672.2304502,GPU-7d708c42-8d4a-16d5-0746-474567157aa3,121882,/opt/flyt/bin/flyt-shm-worker,554.0,True
evidence-c28-t-l-50-1,1790595673.2305322,GPU-7d708c42-8d4a-16d5-0746-474567157aa3,121882,/opt/flyt/bin/flyt-shm-worker,554.0,True
evidence-c28-t-l-50-1,1790595674.2306368,GPU-7d708c42-8d4a-16d5-0746-474567157aa3,121882,/opt/flyt/bin/flyt-shm-worker,554.0,True
evidence-c28-t-l-50-1,1790595675.2307498,GPU-7d708c42-8d4a-16d5-0746-474567157aa3,121882,/opt/flyt/bin/flyt-shm-worker,554.0,True
evidence-c28-t-l-50-1,1790595676.230854,GPU-7d708c42-8d4a-16d5-0746-474567157aa3,121882,/opt/flyt/bin/flyt-shm-worker,554.0,True
evidence-c28-t-l-50-1,1790595677.2309604,GPU-7d708c42-8d4a-16d5-0746-474567157aa3,121882,/opt/flyt/bin/flyt-shm-worker,554.0,True
evidence-c28-t-l-50-1,1790595678.231062,GPU-7d708c42-8d4a-16d5-0746-474567157aa3,121882,/opt/flyt/bin/flyt-shm-worker,554.0,True
evidence-c28-t-l-50-1,1790595679.2312102,GPU-7d708c42-8d4a-16d5-0746-474567157aa3,121882,/opt/flyt/bin/flyt-shm-worker,554.0,True
evidence-c28-t-l-50-1,1790595680.2312932,GPU-7d708c42-8d4a-16d5-0746-474567157aa3,121882,/opt/flyt/bin/flyt-shm-worker,554.0,True
evidence-c28-t-l-50-1,1790595681.2313964,GPU-7d708c42-8d4a-16d5-0746-474567157aa3,121882,/opt/flyt/bin/flyt-shm-worker,554.0,True
evidence-c28-t-l-50-1,1790595682.2315152,GPU-7d708c42-8d4a-16d5-0746-474567157aa3,121882,/opt/flyt/bin/flyt-shm-worker,554.0,True
evidence-c28-t-l-50-1,1790595683.2316394,GPU-7d708c42-8d4a-16d5-0746-474567157aa3,121882,/opt/flyt/bin/flyt-shm-worker,554.0,True
evidence-c28-t-l-50-1,1790595684.2317362,GPU-7d708c42-8d4a-16d5-0746-474567157aa3,121882,/opt/flyt/bin/flyt-shm-worker,554.0,True
evidence-c28-t-l-50-1,1790595685.2318616,GPU-7d708c42-8d4a-16d5-0746-474567157aa3,121882,/opt/flyt/bin/flyt-shm-worker,554.0,True
evidence-c28-t-l-50-1,1790595686.2319891,GPU-7d708c42-8d4a-16d5-0746-474567157aa3,121882,/opt/flyt/bin/flyt-shm-worker,554.0,True
evidence-c28-t-l-50-1,1790595687.2320726,GPU-7d708c42-8d4a-16d5-0746-474567157aa3,121882,/opt/flyt/bin/flyt-shm-worker,554.0,True
evidence-c28-t-l-50-1,1790595688.2321932,GPU-7d708c42-8d4a-16d5-0746-474567157aa3,121882,/opt/flyt/bin/flyt-shm-worker,554.0,True
evidence-c28-t-l-50-1,1790595689.2322786,GPU-7d708c42-8d4a-16d5-0746-474567157aa3,121882,/opt/flyt/bin/flyt-shm-worker,554.0,True
evidence-c28-t-l-50-1,1790595690.2323558,GPU-7d708c42-8d4a-16d5-0746-474567157aa3,121882,/opt/flyt/bin/flyt-shm-worker,554.0,True
evidence-c28-t-l-50-1,1790595691.2324336,GPU-7d708c42-8d4a-16d5-0746-474567157aa3,121882,/opt/flyt/bin/flyt-shm-worker,554.0,True
evidence-c28-t-l-50-1,1790595692.232512,GPU-7d708c42-8d4a-16d5-0746-474567157aa3,121882,/opt/flyt/bin/flyt-shm-worker,554.0,True
evidence-c28-t-l-50-1,1790595693.2326164,GPU-7d708c42-8d4a-16d5-0746-474567157aa3,121882,/opt/flyt/bin/flyt-shm-worker,554.0,True
evidence-c28-t-l-50-1,1790595694.2327225,GPU-7d708c42-8d4a-16d5-0746-474567157aa3,121882,/opt/flyt/bin/flyt-shm-worker,554.0,True
evidence-c28-t-l-50-1,1790595695.2328293,GPU-7d708c42-8d4a-16d5-0746-474567157aa3,121882,/opt/flyt/bin/flyt-shm-worker,554.0,True
evidence-c28-t-l-50-1,1790595696.2329519,GPU-7d708c42-8d4a-16d5-0746-474567157aa3,121882,/opt/flyt/bin/flyt-shm-worker,554.0,True
evidence-c28-t-l-50-2,1790596493.3377402,GPU-7d708c42-8d4a-16d5-0746-474567157aa3,157083,/opt/flyt/bin/flyt-shm-worker,554.0,True
evidence-c28-t-l-50-2,1790596494.3378212,GPU-7d708c42-8d4a-16d5-0746-474567157aa3,157083,/opt/flyt/bin/flyt-shm-worker,554.0,True
evidence-c28-t-l-50-2,1790596495.3378878,GPU-7d708c42-8d4a-16d5-0746-474567157aa3,157083,/opt/flyt/bin/flyt-shm-worker,554.0,True
evidence-c28-t-l-50-2,1790596496.3380919,GPU-7d708c42-8d4a-16d5-0746-474567157aa3,157083,/opt/flyt/bin/flyt-shm-worker,554.0,True
evidence-c28-t-l-50-2,1790596497.3381805,GPU-7d708c42-8d4a-16d5-0746-474567157aa3,157083,/opt/flyt/bin/flyt-shm-worker,554.0,True
evidence-c28-t-l-50-2,1790596498.3382988,GPU-7d708c42-8d4a-16d5-0746-474567157aa3,157083,/opt/flyt/bin/flyt-shm-worker,554.0,True
evidence-c28-t-l-50-2,1790596499.3384757,GPU-7d708c42-8d4a-16d5-0746-474567157aa3,157083,/opt/flyt/bin/flyt-shm-worker,554.0,True
evidence-c28-t-l-50-2,1790596500.338569,GPU-7d708c42-8d4a-16d5-0746-474567157aa3,157083,/opt/flyt/bin/flyt-shm-worker,554.0,True
evidence-c28-t-l-50-2,1790596501.338703,GPU-7d708c42-8d4a-16d5-0746-474567157aa3,157083,/opt/flyt/bin/flyt-shm-worker,554.0,True
evidence-c28-t-l-50-2,1790596502.3387856,GPU-7d708c42-8d4a-16d5-0746-474567157aa3,157083,/opt/flyt/bin/flyt-shm-worker,554.0,True
evidence-c28-t-l-50-2,1790596503.338871,GPU-7d708c42-8d4a-16d5-0746-474567157aa3,157083,/opt/flyt/bin/flyt-shm-worker,554.0,True
evidence-c28-t-l-50-2,1790596504.3389544,GPU-7d708c42-8d4a-16d5-0746-474567157aa3,157083,/opt/flyt/bin/flyt-shm-worker,554.0,True
evidence-c28-t-l-50-2,1790596505.3390265,GPU-7d708c42-8d4a-16d5-0746-474567157aa3,157083,/opt/flyt/bin/flyt-shm-worker,554.0,True
evidence-c28-t-l-50-2,1790596506.3391309,GPU-7d708c42-8d4a-16d5-0746-474567157aa3,157083,/opt/flyt/bin/flyt-shm-worker,554.0,True
evidence-c28-t-l-50-2,1790596507.3392184,GPU-7d708c42-8d4a-16d5-0746-474567157aa3,157083,/opt/flyt/bin/flyt-shm-worker,554.0,True
evidence-c28-t-l-50-2,1790596508.3392906,GPU-7d708c42-8d4a-16d5-0746-474567157aa3,157083,/opt/flyt/bin/flyt-shm-worker,554.0,True
evidence-c28-t-l-50-2,1790596509.3393655,GPU-7d708c42-8d4a-16d5-0746-474567157aa3,157083,/opt/flyt/bin/flyt-shm-worker,554.0,True
evidence-c28-t-l-50-2,1790596510.3394547,GPU-7d708c42-8d4a-16d5-0746-474567157aa3,157083,/opt/flyt/bin/flyt-shm-worker,554.0,True
evidence-c28-t-l-50-2,1790596511.3395324,GPU-7d708c42-8d4a-16d5-0746-474567157aa3,157083,/opt/flyt/bin/flyt-shm-worker,554.0,True
evidence-c28-t-l-50-2,1790596512.33964,GPU-7d708c42-8d4a-16d5-0746-474567157aa3,157083,/opt/flyt/bin/flyt-shm-worker,554.0,True
evidence-c28-t-l-50-2,1790596513.3397398,GPU-7d708c42-8d4a-16d5-0746-474567157aa3,157083,/opt/flyt/bin/flyt-shm-worker,554.0,True
evidence-c28-t-l-50-2,1790596514.3398306,GPU-7d708c42-8d4a-16d5-0746-474567157aa3,157083,/opt/flyt/bin/flyt-shm-worker,554.0,True
evidence-c28-t-l-50-2,1790596515.339939,GPU-7d708c42-8d4a-16d5-0746-474567157aa3,157083,/opt/flyt/bin/flyt-shm-worker,554.0,True
evidence-c28-t-l-50-2,1790596516.340047,GPU-7d708c42-8d4a-16d5-0746-474567157aa3,157083,/opt/flyt/bin/flyt-shm-worker,554.0,True
evidence-c28-t-l-50-2,1790596517.340116,GPU-7d708c42-8d4a-16d5-0746-474567157aa3,157083,/opt/flyt/bin/flyt-shm-worker,554.0,True
evidence-c28-t-l-50-2,1790596518.3401895,GPU-7d708c42-8d4a-16d5-0746-474567157aa3,157083,/opt/flyt/bin/flyt-shm-worker,554.0,True
evidence-c28-t-l-50-2,1790596519.340296,GPU-7d708c42-8d4a-16d5-0746-474567157aa3,157083,/opt/flyt/bin/flyt-shm-worker,554.0,True
evidence-c28-t-l-50-2,1790596520.3404226,GPU-7d708c42-8d4a-16d5-0746-474567157aa3,157083,/opt/flyt/bin/flyt-shm-worker,554.0,True
evidence-c28-t-l-50-2,1790596521.3405232,GPU-7d708c42-8d4a-16d5-0746-474567157aa3,157083,/opt/flyt/bin/flyt-shm-worker,554.0,True
evidence-c28-t-l-50-2,1790596522.3405993,GPU-7d708c42-8d4a-16d5-0746-474567157aa3,157083,/opt/flyt/bin/flyt-shm-worker,554.0,True
evidence-c28-t-l-50-2,1790596523.3406835,GPU-7d708c42-8d4a-16d5-0746-474567157aa3,157083,/opt/flyt/bin/flyt-shm-worker,554.0,True
evidence-c28-t-l-50-2,1790596524.3407707,GPU-7d708c42-8d4a-16d5-0746-474567157aa3,157083,/opt/flyt/bin/flyt-shm-worker,554.0,True
evidence-c28-t-l-50-2,1790596525.3408508,GPU-7d708c42-8d4a-16d5-0746-474567157aa3,157083,/opt/flyt/bin/flyt-shm-worker,554.0,True
evidence-c28-t-l-50-2,1790596526.3409467,GPU-7d708c42-8d4a-16d5-0746-474567157aa3,157083,/opt/flyt/bin/flyt-shm-worker,554.0,True
evidence-c28-t-l-50-2,1790596527.3410356,GPU-7d708c42-8d4a-16d5-0746-474567157aa3,157083,/opt/flyt/bin/flyt-shm-worker,554.0,True
evidence-c28-t-l-50-2,1790596528.341117,GPU-7d708c42-8d4a-16d5-0746-474567157aa3,157083,/opt/flyt/bin/flyt-shm-worker,554.0,True
evidence-c28-t-l-50-2,1790596529.3411903,GPU-7d708c42-8d4a-16d5-0746-474567157aa3,157083,/opt/flyt/bin/flyt-shm-worker,554.0,True
evidence-c28-t-l-50-2,1790596530.3412714,GPU-7d708c42-8d4a-16d5-0746-474567157aa3,157083,/opt/flyt/bin/flyt-shm-worker,554.0,True
evidence-c28-t-l-50-2,1790596531.3413644,GPU-7d708c42-8d4a-16d5-0746-474567157aa3,157083,/opt/flyt/bin/flyt-shm-worker,554.0,True
evidence-c28-t-l-50-2,1790596532.3414774,GPU-7d708c42-8d4a-16d5-0746-474567157aa3,157083,/opt/flyt/bin/flyt-shm-worker,554.0,True
evidence-c28-t-l-50-2,1790596533.3415818,GPU-7d708c42-8d4a-16d5-0746-474567157aa3,157083,/opt/flyt/bin/flyt-shm-worker,554.0,True
evidence-c28-t-l-50-2,1790596534.341648,GPU-7d708c42-8d4a-16d5-0746-474567157aa3,157083,/opt/flyt/bin/flyt-shm-worker,554.0,True
evidence-c28-t-l-50-2,1790596535.3417554,GPU-7d708c42-8d4a-16d5-0746-474567157aa3,157083,/opt/flyt/bin/flyt-shm-worker,554.0,True
evidence-c28-t-l-50-2,1790596536.3418343,GPU-7d708c42-8d4a-16d5-0746-474567157aa3,157083,/opt/flyt/bin/flyt-shm-worker,554.0,True
evidence-c28-t-l-50-2,1790596537.3419292,GPU-7d708c42-8d4a-16d5-0746-474567157aa3,157083,/opt/flyt/bin/flyt-shm-worker,554.0,True
evidence-c28-t-l-50-2,1790596538.3419974,GPU-7d708c42-8d4a-16d5-0746-474567157aa3,157083,/opt/flyt/bin/flyt-shm-worker,554.0,True
evidence-c28-t-l-50-2,1790596539.342067,GPU-7d708c42-8d4a-16d5-0746-474567157aa3,157083,/opt/flyt/bin/flyt-shm-worker,554.0,True
evidence-c28-t-l-50-2,1790596540.342192,GPU-7d708c42-8d4a-16d5-0746-474567157aa3,157083,/opt/flyt/bin/flyt-shm-worker,554.0,True
evidence-c28-t-l-50-2,1790596541.3422682,GPU-7d708c42-8d4a-16d5-0746-474567157aa3,157083,/opt/flyt/bin/flyt-shm-worker,554.0,True
evidence-c28-t-l-50-2,1790596542.3424056,GPU-7d708c42-8d4a-16d5-0746-474567157aa3,157083,/opt/flyt/bin/flyt-shm-worker,554.0,True
evidence-c28-t-l-50-2,1790596543.342476,GPU-7d708c42-8d4a-16d5-0746-474567157aa3,157083,/opt/flyt/bin/flyt-shm-worker,554.0,True
evidence-c28-t-l-50-2,1790596544.3425512,GPU-7d708c42-8d4a-16d5-0746-474567157aa3,157083,/opt/flyt/bin/flyt-shm-worker,554.0,True
evidence-c28-t-l-50-2,1790596545.342624,GPU-7d708c42-8d4a-16d5-0746-474567157aa3,157083,/opt/flyt/bin/flyt-shm-worker,554.0,True
evidence-c28-t-l-50-2,1790596546.3427026,GPU-7d708c42-8d4a-16d5-0746-474567157aa3,157083,/opt/flyt/bin/flyt-shm-worker,554.0,True
evidence-c28-t-l-50-2,1790596547.3427782,GPU-7d708c42-8d4a-16d5-0746-474567157aa3,157083,/opt/flyt/bin/flyt-shm-worker,554.0,True
evidence-c28-t-l-50-2,1790596548.3429048,GPU-7d708c42-8d4a-16d5-0746-474567157aa3,157083,/opt/flyt/bin/flyt-shm-worker,554.0,True
evidence-c28-t-l-50-2,1790596549.342989,GPU-7d708c42-8d4a-16d5-0746-474567157aa3,157083,/opt/flyt/bin/flyt-shm-worker,554.0,True
evidence-c28-t-l-50-2,1790596550.3431091,GPU-7d708c42-8d4a-16d5-0746-474567157aa3,157083,/opt/flyt/bin/flyt-shm-worker,554.0,True
evidence-c28-t-l-50-2,1790596551.343192,GPU-7d708c42-8d4a-16d5-0746-474567157aa3,157083,/opt/flyt/bin/flyt-shm-worker,554.0,True
evidence-c28-t-l-50-2,1790596552.3432784,GPU-7d708c42-8d4a-16d5-0746-474567157aa3,157083,/opt/flyt/bin/flyt-shm-worker,554.0,True
evidence-c28-t-l-50-3,1790597344.4413757,GPU-7d708c42-8d4a-16d5-0746-474567157aa3,190399,/opt/flyt/bin/flyt-shm-worker,554.0,True
evidence-c28-t-l-50-3,1790597345.4414616,GPU-7d708c42-8d4a-16d5-0746-474567157aa3,190399,/opt/flyt/bin/flyt-shm-worker,554.0,True
evidence-c28-t-l-50-3,1790597346.4416115,GPU-7d708c42-8d4a-16d5-0746-474567157aa3,190399,/opt/flyt/bin/flyt-shm-worker,554.0,True
evidence-c28-t-l-50-3,1790597347.4417145,GPU-7d708c42-8d4a-16d5-0746-474567157aa3,190399,/opt/flyt/bin/flyt-shm-worker,554.0,True
evidence-c28-t-l-50-3,1790597348.4418218,GPU-7d708c42-8d4a-16d5-0746-474567157aa3,190399,/opt/flyt/bin/flyt-shm-worker,554.0,True
evidence-c28-t-l-50-3,1790597349.442013,GPU-7d708c42-8d4a-16d5-0746-474567157aa3,190399,/opt/flyt/bin/flyt-shm-worker,554.0,True
evidence-c28-t-l-50-3,1790597350.442126,GPU-7d708c42-8d4a-16d5-0746-474567157aa3,190399,/opt/flyt/bin/flyt-shm-worker,554.0,True
evidence-c28-t-l-50-3,1790597351.442227,GPU-7d708c42-8d4a-16d5-0746-474567157aa3,190399,/opt/flyt/bin/flyt-shm-worker,554.0,True
evidence-c28-t-l-50-3,1790597352.4423363,GPU-7d708c42-8d4a-16d5-0746-474567157aa3,190399,/opt/flyt/bin/flyt-shm-worker,554.0,True
evidence-c28-t-l-50-3,1790597353.4424393,GPU-7d708c42-8d4a-16d5-0746-474567157aa3,190399,/opt/flyt/bin/flyt-shm-worker,554.0,True
evidence-c28-t-l-50-3,1790597354.4425259,GPU-7d708c42-8d4a-16d5-0746-474567157aa3,190399,/opt/flyt/bin/flyt-shm-worker,554.0,True
evidence-c28-t-l-50-3,1790597355.4426477,GPU-7d708c42-8d4a-16d5-0746-474567157aa3,190399,/opt/flyt/bin/flyt-shm-worker,554.0,True
evidence-c28-t-l-50-3,1790597356.4427586,GPU-7d708c42-8d4a-16d5-0746-474567157aa3,190399,/opt/flyt/bin/flyt-shm-worker,554.0,True
evidence-c28-t-l-50-3,1790597357.4429045,GPU-7d708c42-8d4a-16d5-0746-474567157aa3,190399,/opt/flyt/bin/flyt-shm-worker,554.0,True
evidence-c28-t-l-50-3,1790597358.4430935,GPU-7d708c42-8d4a-16d5-0746-474567157aa3,190399,/opt/flyt/bin/flyt-shm-worker,554.0,True
evidence-c28-t-l-50-3,1790597359.4432013,GPU-7d708c42-8d4a-16d5-0746-474567157aa3,190399,/opt/flyt/bin/flyt-shm-worker,554.0,True
evidence-c28-t-l-50-3,1790597360.4433048,GPU-7d708c42-8d4a-16d5-0746-474567157aa3,190399,/opt/flyt/bin/flyt-shm-worker,554.0,True
evidence-c28-t-l-50-3,1790597361.443403,GPU-7d708c42-8d4a-16d5-0746-474567157aa3,190399,/opt/flyt/bin/flyt-shm-worker,554.0,True
evidence-c28-t-l-50-3,1790597362.4435258,GPU-7d708c42-8d4a-16d5-0746-474567157aa3,190399,/opt/flyt/bin/flyt-shm-worker,554.0,True
evidence-c28-t-l-50-3,1790597363.443633,GPU-7d708c42-8d4a-16d5-0746-474567157aa3,190399,/opt/flyt/bin/flyt-shm-worker,554.0,True
evidence-c28-t-l-50-3,1790597364.4438174,GPU-7d708c42-8d4a-16d5-0746-474567157aa3,190399,/opt/flyt/bin/flyt-shm-worker,554.0,True
evidence-c28-t-l-50-3,1790597365.4439545,GPU-7d708c42-8d4a-16d5-0746-474567157aa3,190399,/opt/flyt/bin/flyt-shm-worker,554.0,True
evidence-c28-t-l-50-3,1790597366.44406,GPU-7d708c42-8d4a-16d5-0746-474567157aa3,190399,/opt/flyt/bin/flyt-shm-worker,554.0,True
evidence-c28-t-l-50-3,1790597367.444167,GPU-7d708c42-8d4a-16d5-0746-474567157aa3,190399,/opt/flyt/bin/flyt-shm-worker,554.0,True
evidence-c28-t-l-50-3,1790597368.4442852,GPU-7d708c42-8d4a-16d5-0746-474567157aa3,190399,/opt/flyt/bin/flyt-shm-worker,554.0,True
evidence-c28-t-l-50-3,1790597369.444388,GPU-7d708c42-8d4a-16d5-0746-474567157aa3,190399,/opt/flyt/bin/flyt-shm-worker,554.0,True
evidence-c28-t-l-50-3,1790597370.4445047,GPU-7d708c42-8d4a-16d5-0746-474567157aa3,190399,/opt/flyt/bin/flyt-shm-worker,554.0,True
evidence-c28-t-l-50-3,1790597371.4445791,GPU-7d708c42-8d4a-16d5-0746-474567157aa3,190399,/opt/flyt/bin/flyt-shm-worker,554.0,True
evidence-c28-t-l-50-3,1790597372.4447117,GPU-7d708c42-8d4a-16d5-0746-474567157aa3,190399,/opt/flyt/bin/flyt-shm-worker,554.0,True
evidence-c28-t-l-50-3,1790597373.4448493,GPU-7d708c42-8d4a-16d5-0746-474567157aa3,190399,/opt/flyt/bin/flyt-shm-worker,554.0,True
evidence-c28-t-l-50-3,1790597374.444923,GPU-7d708c42-8d4a-16d5-0746-474567157aa3,190399,/opt/flyt/bin/flyt-shm-worker,554.0,True
evidence-c28-t-l-50-3,1790597375.4450252,GPU-7d708c42-8d4a-16d5-0746-474567157aa3,190399,/opt/flyt/bin/flyt-shm-worker,554.0,True
evidence-c28-t-l-50-3,1790597376.445133,GPU-7d708c42-8d4a-16d5-0746-474567157aa3,190399,/opt/flyt/bin/flyt-shm-worker,554.0,True
evidence-c28-t-l-50-3,1790597377.4452384,GPU-7d708c42-8d4a-16d5-0746-474567157aa3,190399,/opt/flyt/bin/flyt-shm-worker,554.0,True
evidence-c28-t-l-50-3,1790597378.4453611,GPU-7d708c42-8d4a-16d5-0746-474567157aa3,190399,/opt/flyt/bin/flyt-shm-worker,554.0,True
evidence-c28-t-l-50-3,1790597379.4455004,GPU-7d708c42-8d4a-16d5-0746-474567157aa3,190399,/opt/flyt/bin/flyt-shm-worker,554.0,True
evidence-c28-t-l-50-3,1790597380.4456093,GPU-7d708c42-8d4a-16d5-0746-474567157aa3,190399,/opt/flyt/bin/flyt-shm-worker,554.0,True
evidence-c28-t-l-50-3,1790597381.4457173,GPU-7d708c42-8d4a-16d5-0746-474567157aa3,190399,/opt/flyt/bin/flyt-shm-worker,554.0,True
evidence-c28-t-l-50-3,1790597382.445824,GPU-7d708c42-8d4a-16d5-0746-474567157aa3,190399,/opt/flyt/bin/flyt-shm-worker,554.0,True
evidence-c28-t-l-50-3,1790597383.445909,GPU-7d708c42-8d4a-16d5-0746-474567157aa3,190399,/opt/flyt/bin/flyt-shm-worker,554.0,True
evidence-c28-t-l-50-3,1790597384.445989,GPU-7d708c42-8d4a-16d5-0746-474567157aa3,190399,/opt/flyt/bin/flyt-shm-worker,554.0,True
evidence-c28-t-l-50-3,1790597385.4460926,GPU-7d708c42-8d4a-16d5-0746-474567157aa3,190399,/opt/flyt/bin/flyt-shm-worker,554.0,True
evidence-c28-t-l-50-3,1790597386.4462662,GPU-7d708c42-8d4a-16d5-0746-474567157aa3,190399,/opt/flyt/bin/flyt-shm-worker,554.0,True
evidence-c28-t-l-50-3,1790597387.44637,GPU-7d708c42-8d4a-16d5-0746-474567157aa3,190399,/opt/flyt/bin/flyt-shm-worker,554.0,True
evidence-c28-t-l-50-3,1790597388.4464765,GPU-7d708c42-8d4a-16d5-0746-474567157aa3,190399,/opt/flyt/bin/flyt-shm-worker,554.0,True
evidence-c28-t-l-50-3,1790597389.4465845,GPU-7d708c42-8d4a-16d5-0746-474567157aa3,190399,/opt/flyt/bin/flyt-shm-worker,554.0,True
evidence-c28-t-l-50-3,1790597390.4467294,GPU-7d708c42-8d4a-16d5-0746-474567157aa3,190399,/opt/flyt/bin/flyt-shm-worker,554.0,True
evidence-c28-t-l-50-3,1790597391.4468374,GPU-7d708c42-8d4a-16d5-0746-474567157aa3,190399,/opt/flyt/bin/flyt-shm-worker,554.0,True
evidence-c28-t-l-50-3,1790597392.4469428,GPU-7d708c42-8d4a-16d5-0746-474567157aa3,190399,/opt/flyt/bin/flyt-shm-worker,554.0,True
evidence-c28-t-l-50-3,1790597393.447051,GPU-7d708c42-8d4a-16d5-0746-474567157aa3,190399,/opt/flyt/bin/flyt-shm-worker,554.0,True
evidence-c28-t-l-50-3,1790597394.4471495,GPU-7d708c42-8d4a-16d5-0746-474567157aa3,190399,/opt/flyt/bin/flyt-shm-worker,554.0,True
evidence-c28-t-l-50-3,1790597395.4472528,GPU-7d708c42-8d4a-16d5-0746-474567157aa3,190399,/opt/flyt/bin/flyt-shm-worker,554.0,True
evidence-c28-t-l-50-3,1790597396.4473372,GPU-7d708c42-8d4a-16d5-0746-474567157aa3,190399,/opt/flyt/bin/flyt-shm-worker,554.0,True
evidence-c28-t-l-50-3,1790597397.4474442,GPU-7d708c42-8d4a-16d5-0746-474567157aa3,190399,/opt/flyt/bin/flyt-shm-worker,554.0,True
evidence-c28-t-l-50-3,1790597398.4475448,GPU-7d708c42-8d4a-16d5-0746-474567157aa3,190399,/opt/flyt/bin/flyt-shm-worker,554.0,True
evidence-c28-t-l-50-3,1790597399.447652,GPU-7d708c42-8d4a-16d5-0746-474567157aa3,190399,/opt/flyt/bin/flyt-shm-worker,554.0,True
evidence-c28-t-l-50-3,1790597400.44776,GPU-7d708c42-8d4a-16d5-0746-474567157aa3,190399,/opt/flyt/bin/flyt-shm-worker,554.0,True
evidence-c28-t-l-50-3,1790597401.447845,GPU-7d708c42-8d4a-16d5-0746-474567157aa3,190399,/opt/flyt/bin/flyt-shm-worker,554.0,True
evidence-c28-t-l-50-3,1790597402.447958,GPU-7d708c42-8d4a-16d5-0746-474567157aa3,190399,/opt/flyt/bin/flyt-shm-worker,554.0,True
evidence-c28-t-l-50-3,1790597403.448035,GPU-7d708c42-8d4a-16d5-0746-474567157aa3,190399,/opt/flyt/bin/flyt-shm-worker,554.0,True
evidence-c28-t-s-100-1,1790595925.2617311,GPU-7d708c42-8d4a-16d5-0746-474567157aa3,132917,/opt/flyt/bin/flyt-shm-worker,554.0,True
evidence-c28-t-s-100-1,1790595926.2618515,GPU-7d708c42-8d4a-16d5-0746-474567157aa3,132917,/opt/flyt/bin/flyt-shm-worker,554.0,True
evidence-c28-t-s-100-1,1790595927.2620173,GPU-7d708c42-8d4a-16d5-0746-474567157aa3,132917,/opt/flyt/bin/flyt-shm-worker,554.0,True
evidence-c28-t-s-100-1,1790595928.2621114,GPU-7d708c42-8d4a-16d5-0746-474567157aa3,132917,/opt/flyt/bin/flyt-shm-worker,554.0,True
evidence-c28-t-s-100-1,1790595929.2622333,GPU-7d708c42-8d4a-16d5-0746-474567157aa3,132917,/opt/flyt/bin/flyt-shm-worker,554.0,True
evidence-c28-t-s-100-1,1790595930.2623272,GPU-7d708c42-8d4a-16d5-0746-474567157aa3,132917,/opt/flyt/bin/flyt-shm-worker,554.0,True
evidence-c28-t-s-100-1,1790595931.262447,GPU-7d708c42-8d4a-16d5-0746-474567157aa3,132917,/opt/flyt/bin/flyt-shm-worker,554.0,True
evidence-c28-t-s-100-1,1790595932.2625687,GPU-7d708c42-8d4a-16d5-0746-474567157aa3,132917,/opt/flyt/bin/flyt-shm-worker,554.0,True
evidence-c28-t-s-100-1,1790595933.2627292,GPU-7d708c42-8d4a-16d5-0746-474567157aa3,132917,/opt/flyt/bin/flyt-shm-worker,554.0,True
evidence-c28-t-s-100-1,1790595934.2628634,GPU-7d708c42-8d4a-16d5-0746-474567157aa3,132917,/opt/flyt/bin/flyt-shm-worker,554.0,True
evidence-c28-t-s-100-1,1790595935.2629983,GPU-7d708c42-8d4a-16d5-0746-474567157aa3,132917,/opt/flyt/bin/flyt-shm-worker,554.0,True
evidence-c28-t-s-100-1,1790595936.2631369,GPU-7d708c42-8d4a-16d5-0746-474567157aa3,132917,/opt/flyt/bin/flyt-shm-worker,554.0,True
evidence-c28-t-s-100-1,1790595937.2632942,GPU-7d708c42-8d4a-16d5-0746-474567157aa3,132917,/opt/flyt/bin/flyt-shm-worker,554.0,True
evidence-c28-t-s-100-1,1790595938.263431,GPU-7d708c42-8d4a-16d5-0746-474567157aa3,132917,/opt/flyt/bin/flyt-shm-worker,554.0,True
evidence-c28-t-s-100-1,1790595939.2635512,GPU-7d708c42-8d4a-16d5-0746-474567157aa3,132917,/opt/flyt/bin/flyt-shm-worker,554.0,True
evidence-c28-t-s-100-1,1790595940.263714,GPU-7d708c42-8d4a-16d5-0746-474567157aa3,132917,/opt/flyt/bin/flyt-shm-worker,554.0,True
evidence-c28-t-s-100-1,1790595941.2638016,GPU-7d708c42-8d4a-16d5-0746-474567157aa3,132917,/opt/flyt/bin/flyt-shm-worker,554.0,True
evidence-c28-t-s-100-1,1790595942.2638886,GPU-7d708c42-8d4a-16d5-0746-474567157aa3,132917,/opt/flyt/bin/flyt-shm-worker,554.0,True
evidence-c28-t-s-100-1,1790595943.264,GPU-7d708c42-8d4a-16d5-0746-474567157aa3,132917,/opt/flyt/bin/flyt-shm-worker,554.0,True
evidence-c28-t-s-100-1,1790595944.2641156,GPU-7d708c42-8d4a-16d5-0746-474567157aa3,132917,/opt/flyt/bin/flyt-shm-worker,554.0,True
evidence-c28-t-s-100-1,1790595945.2642236,GPU-7d708c42-8d4a-16d5-0746-474567157aa3,132917,/opt/flyt/bin/flyt-shm-worker,554.0,True
evidence-c28-t-s-100-1,1790595946.2643185,GPU-7d708c42-8d4a-16d5-0746-474567157aa3,132917,/opt/flyt/bin/flyt-shm-worker,554.0,True
evidence-c28-t-s-100-1,1790595947.2644107,GPU-7d708c42-8d4a-16d5-0746-474567157aa3,132917,/opt/flyt/bin/flyt-shm-worker,554.0,True
evidence-c28-t-s-100-1,1790595948.2646122,GPU-7d708c42-8d4a-16d5-0746-474567157aa3,132917,/opt/flyt/bin/flyt-shm-worker,554.0,True
evidence-c28-t-s-100-1,1790595949.2647388,GPU-7d708c42-8d4a-16d5-0746-474567157aa3,132917,/opt/flyt/bin/flyt-shm-worker,554.0,True
evidence-c28-t-s-100-1,1790595950.264863,GPU-7d708c42-8d4a-16d5-0746-474567157aa3,132917,/opt/flyt/bin/flyt-shm-worker,554.0,True
evidence-c28-t-s-100-1,1790595951.2650187,GPU-7d708c42-8d4a-16d5-0746-474567157aa3,132917,/opt/flyt/bin/flyt-shm-worker,554.0,True
evidence-c28-t-s-100-1,1790595952.265163,GPU-7d708c42-8d4a-16d5-0746-474567157aa3,132917,/opt/flyt/bin/flyt-shm-worker,554.0,True
evidence-c28-t-s-100-1,1790595953.2652829,GPU-7d708c42-8d4a-16d5-0746-474567157aa3,132917,/opt/flyt/bin/flyt-shm-worker,554.0,True
evidence-c28-t-s-100-1,1790595954.2654755,GPU-7d708c42-8d4a-16d5-0746-474567157aa3,132917,/opt/flyt/bin/flyt-shm-worker,554.0,True
evidence-c28-t-s-100-1,1790595955.2656,GPU-7d708c42-8d4a-16d5-0746-474567157aa3,132917,/opt/flyt/bin/flyt-shm-worker,554.0,True
evidence-c28-t-s-100-1,1790595956.265725,GPU-7d708c42-8d4a-16d5-0746-474567157aa3,132917,/opt/flyt/bin/flyt-shm-worker,554.0,True
evidence-c28-t-s-100-1,1790595957.2658482,GPU-7d708c42-8d4a-16d5-0746-474567157aa3,132917,/opt/flyt/bin/flyt-shm-worker,554.0,True
evidence-c28-t-s-100-1,1790595958.2660728,GPU-7d708c42-8d4a-16d5-0746-474567157aa3,132917,/opt/flyt/bin/flyt-shm-worker,554.0,True
evidence-c28-t-s-100-1,1790595959.2662163,GPU-7d708c42-8d4a-16d5-0746-474567157aa3,132917,/opt/flyt/bin/flyt-shm-worker,554.0,True
evidence-c28-t-s-100-1,1790595960.2664156,GPU-7d708c42-8d4a-16d5-0746-474567157aa3,132917,/opt/flyt/bin/flyt-shm-worker,554.0,True
evidence-c28-t-s-100-1,1790595961.2665129,GPU-7d708c42-8d4a-16d5-0746-474567157aa3,132917,/opt/flyt/bin/flyt-shm-worker,554.0,True
evidence-c28-t-s-100-1,1790595962.2666066,GPU-7d708c42-8d4a-16d5-0746-474567157aa3,132917,/opt/flyt/bin/flyt-shm-worker,554.0,True
evidence-c28-t-s-100-1,1790595963.2667298,GPU-7d708c42-8d4a-16d5-0746-474567157aa3,132917,/opt/flyt/bin/flyt-shm-worker,554.0,True
evidence-c28-t-s-100-1,1790595964.2668483,GPU-7d708c42-8d4a-16d5-0746-474567157aa3,132917,/opt/flyt/bin/flyt-shm-worker,554.0,True
evidence-c28-t-s-100-1,1790595965.26697,GPU-7d708c42-8d4a-16d5-0746-474567157aa3,132917,/opt/flyt/bin/flyt-shm-worker,554.0,True
evidence-c28-t-s-100-1,1790595966.2670987,GPU-7d708c42-8d4a-16d5-0746-474567157aa3,132917,/opt/flyt/bin/flyt-shm-worker,554.0,True
evidence-c28-t-s-100-1,1790595967.267221,GPU-7d708c42-8d4a-16d5-0746-474567157aa3,132917,/opt/flyt/bin/flyt-shm-worker,554.0,True
evidence-c28-t-s-100-1,1790595968.2673414,GPU-7d708c42-8d4a-16d5-0746-474567157aa3,132917,/opt/flyt/bin/flyt-shm-worker,554.0,True
evidence-c28-t-s-100-1,1790595969.2674649,GPU-7d708c42-8d4a-16d5-0746-474567157aa3,132917,/opt/flyt/bin/flyt-shm-worker,554.0,True
evidence-c28-t-s-100-1,1790595970.2675855,GPU-7d708c42-8d4a-16d5-0746-474567157aa3,132917,/opt/flyt/bin/flyt-shm-worker,554.0,True
evidence-c28-t-s-100-1,1790595971.2677295,GPU-7d708c42-8d4a-16d5-0746-474567157aa3,132917,/opt/flyt/bin/flyt-shm-worker,554.0,True
evidence-c28-t-s-100-1,1790595972.2678351,GPU-7d708c42-8d4a-16d5-0746-474567157aa3,132917,/opt/flyt/bin/flyt-shm-worker,554.0,True
evidence-c28-t-s-100-1,1790595973.2679625,GPU-7d708c42-8d4a-16d5-0746-474567157aa3,132917,/opt/flyt/bin/flyt-shm-worker,554.0,True
evidence-c28-t-s-100-1,1790595974.268085,GPU-7d708c42-8d4a-16d5-0746-474567157aa3,132917,/opt/flyt/bin/flyt-shm-worker,554.0,True
evidence-c28-t-s-100-1,1790595975.2682068,GPU-7d708c42-8d4a-16d5-0746-474567157aa3,132917,/opt/flyt/bin/flyt-shm-worker,554.0,True
evidence-c28-t-s-100-1,1790595976.2683234,GPU-7d708c42-8d4a-16d5-0746-474567157aa3,132917,/opt/flyt/bin/flyt-shm-worker,554.0,True
evidence-c28-t-s-100-1,1790595977.2684488,GPU-7d708c42-8d4a-16d5-0746-474567157aa3,132917,/opt/flyt/bin/flyt-shm-worker,554.0,True
evidence-c28-t-s-100-1,1790595978.26857,GPU-7d708c42-8d4a-16d5-0746-474567157aa3,132917,/opt/flyt/bin/flyt-shm-worker,554.0,True
evidence-c28-t-s-100-1,1790595979.26874,GPU-7d708c42-8d4a-16d5-0746-474567157aa3,132917,/opt/flyt/bin/flyt-shm-worker,554.0,True
evidence-c28-t-s-100-1,1790595980.2688603,GPU-7d708c42-8d4a-16d5-0746-474567157aa3,132917,/opt/flyt/bin/flyt-shm-worker,554.0,True
evidence-c28-t-s-100-1,1790595981.2690027,GPU-7d708c42-8d4a-16d5-0746-474567157aa3,132917,/opt/flyt/bin/flyt-shm-worker,554.0,True
evidence-c28-t-s-100-1,1790595982.2691267,GPU-7d708c42-8d4a-16d5-0746-474567157aa3,132917,/opt/flyt/bin/flyt-shm-worker,554.0,True
evidence-c28-t-s-100-1,1790595983.2692442,GPU-7d708c42-8d4a-16d5-0746-474567157aa3,132917,/opt/flyt/bin/flyt-shm-worker,554.0,True
evidence-c28-t-s-100-1,1790595984.2693658,GPU-7d708c42-8d4a-16d5-0746-474567157aa3,132917,/opt/flyt/bin/flyt-shm-worker,554.0,True
evidence-c28-t-s-100-2,1790597061.40611,GPU-7d708c42-8d4a-16d5-0746-474567157aa3,179250,/opt/flyt/bin/flyt-shm-worker,554.0,True
evidence-c28-t-s-100-2,1790597062.4061985,GPU-7d708c42-8d4a-16d5-0746-474567157aa3,179250,/opt/flyt/bin/flyt-shm-worker,554.0,True
evidence-c28-t-s-100-2,1790597063.4063058,GPU-7d708c42-8d4a-16d5-0746-474567157aa3,179250,/opt/flyt/bin/flyt-shm-worker,554.0,True
evidence-c28-t-s-100-2,1790597064.4064262,GPU-7d708c42-8d4a-16d5-0746-474567157aa3,179250,/opt/flyt/bin/flyt-shm-worker,554.0,True
evidence-c28-t-s-100-2,1790597065.4065535,GPU-7d708c42-8d4a-16d5-0746-474567157aa3,179250,/opt/flyt/bin/flyt-shm-worker,554.0,True
evidence-c28-t-s-100-2,1790597066.4067163,GPU-7d708c42-8d4a-16d5-0746-474567157aa3,179250,/opt/flyt/bin/flyt-shm-worker,554.0,True
evidence-c28-t-s-100-2,1790597067.4068437,GPU-7d708c42-8d4a-16d5-0746-474567157aa3,179250,/opt/flyt/bin/flyt-shm-worker,554.0,True
evidence-c28-t-s-100-2,1790597068.4069715,GPU-7d708c42-8d4a-16d5-0746-474567157aa3,179250,/opt/flyt/bin/flyt-shm-worker,554.0,True
evidence-c28-t-s-100-2,1790597069.4070961,GPU-7d708c42-8d4a-16d5-0746-474567157aa3,179250,/opt/flyt/bin/flyt-shm-worker,554.0,True
evidence-c28-t-s-100-2,1790597070.4072216,GPU-7d708c42-8d4a-16d5-0746-474567157aa3,179250,/opt/flyt/bin/flyt-shm-worker,554.0,True
evidence-c28-t-s-100-2,1790597071.4073265,GPU-7d708c42-8d4a-16d5-0746-474567157aa3,179250,/opt/flyt/bin/flyt-shm-worker,554.0,True
evidence-c28-t-s-100-2,1790597072.407452,GPU-7d708c42-8d4a-16d5-0746-474567157aa3,179250,/opt/flyt/bin/flyt-shm-worker,554.0,True
evidence-c28-t-s-100-2,1790597073.4075725,GPU-7d708c42-8d4a-16d5-0746-474567157aa3,179250,/opt/flyt/bin/flyt-shm-worker,554.0,True
evidence-c28-t-s-100-2,1790597074.4077044,GPU-7d708c42-8d4a-16d5-0746-474567157aa3,179250,/opt/flyt/bin/flyt-shm-worker,554.0,True
evidence-c28-t-s-100-2,1790597075.4078,GPU-7d708c42-8d4a-16d5-0746-474567157aa3,179250,/opt/flyt/bin/flyt-shm-worker,554.0,True
evidence-c28-t-s-100-2,1790597076.4079316,GPU-7d708c42-8d4a-16d5-0746-474567157aa3,179250,/opt/flyt/bin/flyt-shm-worker,554.0,True
evidence-c28-t-s-100-2,1790597077.4080565,GPU-7d708c42-8d4a-16d5-0746-474567157aa3,179250,/opt/flyt/bin/flyt-shm-worker,554.0,True
evidence-c28-t-s-100-2,1790597078.4081469,GPU-7d708c42-8d4a-16d5-0746-474567157aa3,179250,/opt/flyt/bin/flyt-shm-worker,554.0,True
evidence-c28-t-s-100-2,1790597079.408256,GPU-7d708c42-8d4a-16d5-0746-474567157aa3,179250,/opt/flyt/bin/flyt-shm-worker,554.0,True
evidence-c28-t-s-100-2,1790597080.4083762,GPU-7d708c42-8d4a-16d5-0746-474567157aa3,179250,/opt/flyt/bin/flyt-shm-worker,554.0,True
evidence-c28-t-s-100-2,1790597081.408496,GPU-7d708c42-8d4a-16d5-0746-474567157aa3,179250,/opt/flyt/bin/flyt-shm-worker,554.0,True
evidence-c28-t-s-100-2,1790597082.4086528,GPU-7d708c42-8d4a-16d5-0746-474567157aa3,179250,/opt/flyt/bin/flyt-shm-worker,554.0,True
evidence-c28-t-s-100-2,1790597083.4088316,GPU-7d708c42-8d4a-16d5-0746-474567157aa3,179250,/opt/flyt/bin/flyt-shm-worker,554.0,True
evidence-c28-t-s-100-2,1790597084.408969,GPU-7d708c42-8d4a-16d5-0746-474567157aa3,179250,/opt/flyt/bin/flyt-shm-worker,554.0,True
evidence-c28-t-s-100-2,1790597085.4091072,GPU-7d708c42-8d4a-16d5-0746-474567157aa3,179250,/opt/flyt/bin/flyt-shm-worker,554.0,True
evidence-c28-t-s-100-2,1790597086.4092543,GPU-7d708c42-8d4a-16d5-0746-474567157aa3,179250,/opt/flyt/bin/flyt-shm-worker,554.0,True
evidence-c28-t-s-100-2,1790597087.4093804,GPU-7d708c42-8d4a-16d5-0746-474567157aa3,179250,/opt/flyt/bin/flyt-shm-worker,554.0,True
evidence-c28-t-s-100-2,1790597088.409511,GPU-7d708c42-8d4a-16d5-0746-474567157aa3,179250,/opt/flyt/bin/flyt-shm-worker,554.0,True
evidence-c28-t-s-100-2,1790597089.4096372,GPU-7d708c42-8d4a-16d5-0746-474567157aa3,179250,/opt/flyt/bin/flyt-shm-worker,554.0,True
evidence-c28-t-s-100-2,1790597090.4097493,GPU-7d708c42-8d4a-16d5-0746-474567157aa3,179250,/opt/flyt/bin/flyt-shm-worker,554.0,True
evidence-c28-t-s-100-2,1790597091.4098735,GPU-7d708c42-8d4a-16d5-0746-474567157aa3,179250,/opt/flyt/bin/flyt-shm-worker,554.0,True
evidence-c28-t-s-100-2,1790597092.4099941,GPU-7d708c42-8d4a-16d5-0746-474567157aa3,179250,/opt/flyt/bin/flyt-shm-worker,554.0,True
evidence-c28-t-s-100-2,1790597093.4101198,GPU-7d708c42-8d4a-16d5-0746-474567157aa3,179250,/opt/flyt/bin/flyt-shm-worker,554.0,True
evidence-c28-t-s-100-2,1790597094.4102437,GPU-7d708c42-8d4a-16d5-0746-474567157aa3,179250,/opt/flyt/bin/flyt-shm-worker,554.0,True
evidence-c28-t-s-100-2,1790597095.4103913,GPU-7d708c42-8d4a-16d5-0746-474567157aa3,179250,/opt/flyt/bin/flyt-shm-worker,554.0,True
evidence-c28-t-s-100-2,1790597096.410601,GPU-7d708c42-8d4a-16d5-0746-474567157aa3,179250,/opt/flyt/bin/flyt-shm-worker,554.0,True
evidence-c28-t-s-100-2,1790597097.4107225,GPU-7d708c42-8d4a-16d5-0746-474567157aa3,179250,/opt/flyt/bin/flyt-shm-worker,554.0,True
evidence-c28-t-s-100-2,1790597098.4108617,GPU-7d708c42-8d4a-16d5-0746-474567157aa3,179250,/opt/flyt/bin/flyt-shm-worker,554.0,True
evidence-c28-t-s-100-2,1790597099.4109857,GPU-7d708c42-8d4a-16d5-0746-474567157aa3,179250,/opt/flyt/bin/flyt-shm-worker,554.0,True
evidence-c28-t-s-100-2,1790597100.4111292,GPU-7d708c42-8d4a-16d5-0746-474567157aa3,179250,/opt/flyt/bin/flyt-shm-worker,554.0,True
evidence-c28-t-s-100-2,1790597101.4112527,GPU-7d708c42-8d4a-16d5-0746-474567157aa3,179250,/opt/flyt/bin/flyt-shm-worker,554.0,True
evidence-c28-t-s-100-2,1790597102.4113739,GPU-7d708c42-8d4a-16d5-0746-474567157aa3,179250,/opt/flyt/bin/flyt-shm-worker,554.0,True
evidence-c28-t-s-100-2,1790597103.4114969,GPU-7d708c42-8d4a-16d5-0746-474567157aa3,179250,/opt/flyt/bin/flyt-shm-worker,554.0,True
evidence-c28-t-s-100-2,1790597104.4116216,GPU-7d708c42-8d4a-16d5-0746-474567157aa3,179250,/opt/flyt/bin/flyt-shm-worker,554.0,True
evidence-c28-t-s-100-2,1790597105.411739,GPU-7d708c42-8d4a-16d5-0746-474567157aa3,179250,/opt/flyt/bin/flyt-shm-worker,554.0,True
evidence-c28-t-s-100-2,1790597106.4118614,GPU-7d708c42-8d4a-16d5-0746-474567157aa3,179250,/opt/flyt/bin/flyt-shm-worker,554.0,True
evidence-c28-t-s-100-2,1790597107.4120405,GPU-7d708c42-8d4a-16d5-0746-474567157aa3,179250,/opt/flyt/bin/flyt-shm-worker,554.0,True
evidence-c28-t-s-100-2,1790597108.4121654,GPU-7d708c42-8d4a-16d5-0746-474567157aa3,179250,/opt/flyt/bin/flyt-shm-worker,554.0,True
evidence-c28-t-s-100-2,1790597109.4122753,GPU-7d708c42-8d4a-16d5-0746-474567157aa3,179250,/opt/flyt/bin/flyt-shm-worker,554.0,True
evidence-c28-t-s-100-2,1790597110.4124339,GPU-7d708c42-8d4a-16d5-0746-474567157aa3,179250,/opt/flyt/bin/flyt-shm-worker,554.0,True
evidence-c28-t-s-100-2,1790597111.4125586,GPU-7d708c42-8d4a-16d5-0746-474567157aa3,179250,/opt/flyt/bin/flyt-shm-worker,554.0,True
evidence-c28-t-s-100-2,1790597112.4127014,GPU-7d708c42-8d4a-16d5-0746-474567157aa3,179250,/opt/flyt/bin/flyt-shm-worker,554.0,True
evidence-c28-t-s-100-2,1790597113.4128284,GPU-7d708c42-8d4a-16d5-0746-474567157aa3,179250,/opt/flyt/bin/flyt-shm-worker,554.0,True
evidence-c28-t-s-100-2,1790597114.4129548,GPU-7d708c42-8d4a-16d5-0746-474567157aa3,179250,/opt/flyt/bin/flyt-shm-worker,554.0,True
evidence-c28-t-s-100-2,1790597115.4130564,GPU-7d708c42-8d4a-16d5-0746-474567157aa3,179250,/opt/flyt/bin/flyt-shm-worker,554.0,True
evidence-c28-t-s-100-2,1790597116.413178,GPU-7d708c42-8d4a-16d5-0746-474567157aa3,179250,/opt/flyt/bin/flyt-shm-worker,554.0,True
evidence-c28-t-s-100-2,1790597117.4132953,GPU-7d708c42-8d4a-16d5-0746-474567157aa3,179250,/opt/flyt/bin/flyt-shm-worker,554.0,True
evidence-c28-t-s-100-2,1790597118.4134176,GPU-7d708c42-8d4a-16d5-0746-474567157aa3,179250,/opt/flyt/bin/flyt-shm-worker,554.0,True
evidence-c28-t-s-100-2,1790597119.4135125,GPU-7d708c42-8d4a-16d5-0746-474567157aa3,179250,/opt/flyt/bin/flyt-shm-worker,554.0,True
evidence-c28-t-s-100-2,1790597120.4136355,GPU-7d708c42-8d4a-16d5-0746-474567157aa3,179250,/opt/flyt/bin/flyt-shm-worker,554.0,True
evidence-c28-t-s-100-3,1790597626.4761987,GPU-7d708c42-8d4a-16d5-0746-474567157aa3,201798,/opt/flyt/bin/flyt-shm-worker,554.0,True
evidence-c28-t-s-100-3,1790597627.4763374,GPU-7d708c42-8d4a-16d5-0746-474567157aa3,201798,/opt/flyt/bin/flyt-shm-worker,554.0,True
evidence-c28-t-s-100-3,1790597628.4765399,GPU-7d708c42-8d4a-16d5-0746-474567157aa3,201798,/opt/flyt/bin/flyt-shm-worker,554.0,True
evidence-c28-t-s-100-3,1790597629.476626,GPU-7d708c42-8d4a-16d5-0746-474567157aa3,201798,/opt/flyt/bin/flyt-shm-worker,554.0,True
evidence-c28-t-s-100-3,1790597630.4767315,GPU-7d708c42-8d4a-16d5-0746-474567157aa3,201798,/opt/flyt/bin/flyt-shm-worker,554.0,True
evidence-c28-t-s-100-3,1790597631.476823,GPU-7d708c42-8d4a-16d5-0746-474567157aa3,201798,/opt/flyt/bin/flyt-shm-worker,554.0,True
evidence-c28-t-s-100-3,1790597632.4769466,GPU-7d708c42-8d4a-16d5-0746-474567157aa3,201798,/opt/flyt/bin/flyt-shm-worker,554.0,True
evidence-c28-t-s-100-3,1790597633.4770377,GPU-7d708c42-8d4a-16d5-0746-474567157aa3,201798,/opt/flyt/bin/flyt-shm-worker,554.0,True
evidence-c28-t-s-100-3,1790597634.4771352,GPU-7d708c42-8d4a-16d5-0746-474567157aa3,201798,/opt/flyt/bin/flyt-shm-worker,554.0,True
evidence-c28-t-s-100-3,1790597635.4772582,GPU-7d708c42-8d4a-16d5-0746-474567157aa3,201798,/opt/flyt/bin/flyt-shm-worker,554.0,True
evidence-c28-t-s-100-3,1790597636.4773693,GPU-7d708c42-8d4a-16d5-0746-474567157aa3,201798,/opt/flyt/bin/flyt-shm-worker,554.0,True
evidence-c28-t-s-100-3,1790597637.4774919,GPU-7d708c42-8d4a-16d5-0746-474567157aa3,201798,/opt/flyt/bin/flyt-shm-worker,554.0,True
evidence-c28-t-s-100-3,1790597638.477616,GPU-7d708c42-8d4a-16d5-0746-474567157aa3,201798,/opt/flyt/bin/flyt-shm-worker,554.0,True
evidence-c28-t-s-100-3,1790597639.4777415,GPU-7d708c42-8d4a-16d5-0746-474567157aa3,201798,/opt/flyt/bin/flyt-shm-worker,554.0,True
evidence-c28-t-s-100-3,1790597640.477869,GPU-7d708c42-8d4a-16d5-0746-474567157aa3,201798,/opt/flyt/bin/flyt-shm-worker,554.0,True
evidence-c28-t-s-100-3,1790597641.4779918,GPU-7d708c42-8d4a-16d5-0746-474567157aa3,201798,/opt/flyt/bin/flyt-shm-worker,554.0,True
evidence-c28-t-s-100-3,1790597642.4781122,GPU-7d708c42-8d4a-16d5-0746-474567157aa3,201798,/opt/flyt/bin/flyt-shm-worker,554.0,True
evidence-c28-t-s-100-3,1790597643.478234,GPU-7d708c42-8d4a-16d5-0746-474567157aa3,201798,/opt/flyt/bin/flyt-shm-worker,554.0,True
evidence-c28-t-s-100-3,1790597644.47845,GPU-7d708c42-8d4a-16d5-0746-474567157aa3,201798,/opt/flyt/bin/flyt-shm-worker,554.0,True
evidence-c28-t-s-100-3,1790597645.4785583,GPU-7d708c42-8d4a-16d5-0746-474567157aa3,201798,/opt/flyt/bin/flyt-shm-worker,554.0,True
evidence-c28-t-s-100-3,1790597646.4786506,GPU-7d708c42-8d4a-16d5-0746-474567157aa3,201798,/opt/flyt/bin/flyt-shm-worker,554.0,True
evidence-c28-t-s-100-3,1790597647.478752,GPU-7d708c42-8d4a-16d5-0746-474567157aa3,201798,/opt/flyt/bin/flyt-shm-worker,554.0,True
evidence-c28-t-s-100-3,1790597648.478876,GPU-7d708c42-8d4a-16d5-0746-474567157aa3,201798,/opt/flyt/bin/flyt-shm-worker,554.0,True
evidence-c28-t-s-100-3,1790597649.4790425,GPU-7d708c42-8d4a-16d5-0746-474567157aa3,201798,/opt/flyt/bin/flyt-shm-worker,554.0,True
evidence-c28-t-s-100-3,1790597650.479201,GPU-7d708c42-8d4a-16d5-0746-474567157aa3,201798,/opt/flyt/bin/flyt-shm-worker,554.0,True
evidence-c28-t-s-100-3,1790597651.4793262,GPU-7d708c42-8d4a-16d5-0746-474567157aa3,201798,/opt/flyt/bin/flyt-shm-worker,554.0,True
evidence-c28-t-s-100-3,1790597652.4794111,GPU-7d708c42-8d4a-16d5-0746-474567157aa3,201798,/opt/flyt/bin/flyt-shm-worker,554.0,True
evidence-c28-t-s-100-3,1790597653.4795122,GPU-7d708c42-8d4a-16d5-0746-474567157aa3,201798,/opt/flyt/bin/flyt-shm-worker,554.0,True
evidence-c28-t-s-100-3,1790597654.4796352,GPU-7d708c42-8d4a-16d5-0746-474567157aa3,201798,/opt/flyt/bin/flyt-shm-worker,554.0,True
evidence-c28-t-s-100-3,1790597655.4797661,GPU-7d708c42-8d4a-16d5-0746-474567157aa3,201798,/opt/flyt/bin/flyt-shm-worker,554.0,True
evidence-c28-t-s-100-3,1790597656.4798932,GPU-7d708c42-8d4a-16d5-0746-474567157aa3,201798,/opt/flyt/bin/flyt-shm-worker,554.0,True
evidence-c28-t-s-100-3,1790597657.480003,GPU-7d708c42-8d4a-16d5-0746-474567157aa3,201798,/opt/flyt/bin/flyt-shm-worker,554.0,True
evidence-c28-t-s-100-3,1790597658.4801254,GPU-7d708c42-8d4a-16d5-0746-474567157aa3,201798,/opt/flyt/bin/flyt-shm-worker,554.0,True
evidence-c28-t-s-100-3,1790597659.4803083,GPU-7d708c42-8d4a-16d5-0746-474567157aa3,201798,/opt/flyt/bin/flyt-shm-worker,554.0,True
evidence-c28-t-s-100-3,1790597660.4804306,GPU-7d708c42-8d4a-16d5-0746-474567157aa3,201798,/opt/flyt/bin/flyt-shm-worker,554.0,True
evidence-c28-t-s-100-3,1790597661.4805465,GPU-7d708c42-8d4a-16d5-0746-474567157aa3,201798,/opt/flyt/bin/flyt-shm-worker,554.0,True
evidence-c28-t-s-100-3,1790597662.4806519,GPU-7d708c42-8d4a-16d5-0746-474567157aa3,201798,/opt/flyt/bin/flyt-shm-worker,554.0,True
evidence-c28-t-s-100-3,1790597663.4807732,GPU-7d708c42-8d4a-16d5-0746-474567157aa3,201798,/opt/flyt/bin/flyt-shm-worker,554.0,True
evidence-c28-t-s-100-3,1790597664.4808586,GPU-7d708c42-8d4a-16d5-0746-474567157aa3,201798,/opt/flyt/bin/flyt-shm-worker,554.0,True
evidence-c28-t-s-100-3,1790597665.4809809,GPU-7d708c42-8d4a-16d5-0746-474567157aa3,201798,/opt/flyt/bin/flyt-shm-worker,554.0,True
evidence-c28-t-s-100-3,1790597666.4811037,GPU-7d708c42-8d4a-16d5-0746-474567157aa3,201798,/opt/flyt/bin/flyt-shm-worker,554.0,True
evidence-c28-t-s-100-3,1790597667.481225,GPU-7d708c42-8d4a-16d5-0746-474567157aa3,201798,/opt/flyt/bin/flyt-shm-worker,554.0,True
evidence-c28-t-s-100-3,1790597668.4813104,GPU-7d708c42-8d4a-16d5-0746-474567157aa3,201798,/opt/flyt/bin/flyt-shm-worker,554.0,True
evidence-c28-t-s-100-3,1790597669.4814339,GPU-7d708c42-8d4a-16d5-0746-474567157aa3,201798,/opt/flyt/bin/flyt-shm-worker,554.0,True
evidence-c28-t-s-100-3,1790597670.4815564,GPU-7d708c42-8d4a-16d5-0746-474567157aa3,201798,/opt/flyt/bin/flyt-shm-worker,554.0,True
evidence-c28-t-s-100-3,1790597671.4817243,GPU-7d708c42-8d4a-16d5-0746-474567157aa3,201798,/opt/flyt/bin/flyt-shm-worker,554.0,True
evidence-c28-t-s-100-3,1790597672.481838,GPU-7d708c42-8d4a-16d5-0746-474567157aa3,201798,/opt/flyt/bin/flyt-shm-worker,554.0,True
evidence-c28-t-s-100-3,1790597673.4819255,GPU-7d708c42-8d4a-16d5-0746-474567157aa3,201798,/opt/flyt/bin/flyt-shm-worker,554.0,True
evidence-c28-t-s-100-3,1790597674.482017,GPU-7d708c42-8d4a-16d5-0746-474567157aa3,201798,/opt/flyt/bin/flyt-shm-worker,554.0,True
evidence-c28-t-s-100-3,1790597675.4821393,GPU-7d708c42-8d4a-16d5-0746-474567157aa3,201798,/opt/flyt/bin/flyt-shm-worker,554.0,True
evidence-c28-t-s-100-3,1790597676.4822633,GPU-7d708c42-8d4a-16d5-0746-474567157aa3,201798,/opt/flyt/bin/flyt-shm-worker,554.0,True
evidence-c28-t-s-100-3,1790597677.482386,GPU-7d708c42-8d4a-16d5-0746-474567157aa3,201798,/opt/flyt/bin/flyt-shm-worker,554.0,True
evidence-c28-t-s-100-3,1790597678.4825106,GPU-7d708c42-8d4a-16d5-0746-474567157aa3,201798,/opt/flyt/bin/flyt-shm-worker,554.0,True
evidence-c28-t-s-100-3,1790597679.4826345,GPU-7d708c42-8d4a-16d5-0746-474567157aa3,201798,/opt/flyt/bin/flyt-shm-worker,554.0,True
evidence-c28-t-s-100-3,1790597680.482715,GPU-7d708c42-8d4a-16d5-0746-474567157aa3,201798,/opt/flyt/bin/flyt-shm-worker,554.0,True
evidence-c28-t-s-100-3,1790597681.4828632,GPU-7d708c42-8d4a-16d5-0746-474567157aa3,201798,/opt/flyt/bin/flyt-shm-worker,554.0,True
evidence-c28-t-s-100-3,1790597682.482988,GPU-7d708c42-8d4a-16d5-0746-474567157aa3,201798,/opt/flyt/bin/flyt-shm-worker,554.0,True
evidence-c28-t-s-100-3,1790597683.4831045,GPU-7d708c42-8d4a-16d5-0746-474567157aa3,201798,/opt/flyt/bin/flyt-shm-worker,554.0,True
evidence-c28-t-s-100-3,1790597684.4832296,GPU-7d708c42-8d4a-16d5-0746-474567157aa3,201798,/opt/flyt/bin/flyt-shm-worker,554.0,True
evidence-c28-t-s-100-3,1790597685.483355,GPU-7d708c42-8d4a-16d5-0746-474567157aa3,201798,/opt/flyt/bin/flyt-shm-worker,554.0,True
evidence-c28-t-s-25-1,1790596209.300201,GPU-7d708c42-8d4a-16d5-0746-474567157aa3,144984,/opt/flyt/bin/flyt-shm-worker,554.0,True
evidence-c28-t-s-25-1,1790596210.300365,GPU-7d708c42-8d4a-16d5-0746-474567157aa3,144984,/opt/flyt/bin/flyt-shm-worker,554.0,True
evidence-c28-t-s-25-1,1790596211.3004534,GPU-7d708c42-8d4a-16d5-0746-474567157aa3,144984,/opt/flyt/bin/flyt-shm-worker,554.0,True
evidence-c28-t-s-25-1,1790596212.3005748,GPU-7d708c42-8d4a-16d5-0746-474567157aa3,144984,/opt/flyt/bin/flyt-shm-worker,554.0,True
evidence-c28-t-s-25-1,1790596213.300719,GPU-7d708c42-8d4a-16d5-0746-474567157aa3,144984,/opt/flyt/bin/flyt-shm-worker,554.0,True
evidence-c28-t-s-25-1,1790596214.300843,GPU-7d708c42-8d4a-16d5-0746-474567157aa3,144984,/opt/flyt/bin/flyt-shm-worker,554.0,True
evidence-c28-t-s-25-1,1790596215.3009343,GPU-7d708c42-8d4a-16d5-0746-474567157aa3,144984,/opt/flyt/bin/flyt-shm-worker,554.0,True
evidence-c28-t-s-25-1,1790596216.3010547,GPU-7d708c42-8d4a-16d5-0746-474567157aa3,144984,/opt/flyt/bin/flyt-shm-worker,554.0,True
evidence-c28-t-s-25-1,1790596217.3011796,GPU-7d708c42-8d4a-16d5-0746-474567157aa3,144984,/opt/flyt/bin/flyt-shm-worker,554.0,True
evidence-c28-t-s-25-1,1790596218.3014426,GPU-7d708c42-8d4a-16d5-0746-474567157aa3,144984,/opt/flyt/bin/flyt-shm-worker,554.0,True
evidence-c28-t-s-25-1,1790596219.301639,GPU-7d708c42-8d4a-16d5-0746-474567157aa3,144984,/opt/flyt/bin/flyt-shm-worker,554.0,True
evidence-c28-t-s-25-1,1790596220.3017597,GPU-7d708c42-8d4a-16d5-0746-474567157aa3,144984,/opt/flyt/bin/flyt-shm-worker,554.0,True
evidence-c28-t-s-25-1,1790596221.3018818,GPU-7d708c42-8d4a-16d5-0746-474567157aa3,144984,/opt/flyt/bin/flyt-shm-worker,554.0,True
evidence-c28-t-s-25-1,1790596222.3020177,GPU-7d708c42-8d4a-16d5-0746-474567157aa3,144984,/opt/flyt/bin/flyt-shm-worker,554.0,True
evidence-c28-t-s-25-1,1790596223.3021545,GPU-7d708c42-8d4a-16d5-0746-474567157aa3,144984,/opt/flyt/bin/flyt-shm-worker,554.0,True
evidence-c28-t-s-25-1,1790596224.3022761,GPU-7d708c42-8d4a-16d5-0746-474567157aa3,144984,/opt/flyt/bin/flyt-shm-worker,554.0,True
evidence-c28-t-s-25-1,1790596225.3024015,GPU-7d708c42-8d4a-16d5-0746-474567157aa3,144984,/opt/flyt/bin/flyt-shm-worker,554.0,True
evidence-c28-t-s-25-1,1790596226.3025255,GPU-7d708c42-8d4a-16d5-0746-474567157aa3,144984,/opt/flyt/bin/flyt-shm-worker,554.0,True
evidence-c28-t-s-25-1,1790596227.3026123,GPU-7d708c42-8d4a-16d5-0746-474567157aa3,144984,/opt/flyt/bin/flyt-shm-worker,554.0,True
evidence-c28-t-s-25-1,1790596228.3027377,GPU-7d708c42-8d4a-16d5-0746-474567157aa3,144984,/opt/flyt/bin/flyt-shm-worker,554.0,True
evidence-c28-t-s-25-1,1790596229.3028455,GPU-7d708c42-8d4a-16d5-0746-474567157aa3,144984,/opt/flyt/bin/flyt-shm-worker,554.0,True
evidence-c28-t-s-25-1,1790596230.3029716,GPU-7d708c42-8d4a-16d5-0746-474567157aa3,144984,/opt/flyt/bin/flyt-shm-worker,554.0,True
evidence-c28-t-s-25-1,1790596231.3030944,GPU-7d708c42-8d4a-16d5-0746-474567157aa3,144984,/opt/flyt/bin/flyt-shm-worker,554.0,True
evidence-c28-t-s-25-1,1790596232.3032186,GPU-7d708c42-8d4a-16d5-0746-474567157aa3,144984,/opt/flyt/bin/flyt-shm-worker,554.0,True
evidence-c28-t-s-25-1,1790596233.303338,GPU-7d708c42-8d4a-16d5-0746-474567157aa3,144984,/opt/flyt/bin/flyt-shm-worker,554.0,True
evidence-c28-t-s-25-1,1790596234.3034663,GPU-7d708c42-8d4a-16d5-0746-474567157aa3,144984,/opt/flyt/bin/flyt-shm-worker,554.0,True
evidence-c28-t-s-25-1,1790596235.3035903,GPU-7d708c42-8d4a-16d5-0746-474567157aa3,144984,/opt/flyt/bin/flyt-shm-worker,554.0,True
evidence-c28-t-s-25-1,1790596236.303752,GPU-7d708c42-8d4a-16d5-0746-474567157aa3,144984,/opt/flyt/bin/flyt-shm-worker,554.0,True
evidence-c28-t-s-25-1,1790596237.3038654,GPU-7d708c42-8d4a-16d5-0746-474567157aa3,144984,/opt/flyt/bin/flyt-shm-worker,554.0,True
evidence-c28-t-s-25-1,1790596238.3040798,GPU-7d708c42-8d4a-16d5-0746-474567157aa3,144984,/opt/flyt/bin/flyt-shm-worker,554.0,True
evidence-c28-t-s-25-1,1790596239.3042002,GPU-7d708c42-8d4a-16d5-0746-474567157aa3,144984,/opt/flyt/bin/flyt-shm-worker,554.0,True
evidence-c28-t-s-25-1,1790596240.3043225,GPU-7d708c42-8d4a-16d5-0746-474567157aa3,144984,/opt/flyt/bin/flyt-shm-worker,554.0,True
evidence-c28-t-s-25-1,1790596241.304442,GPU-7d708c42-8d4a-16d5-0746-474567157aa3,144984,/opt/flyt/bin/flyt-shm-worker,554.0,True
evidence-c28-t-s-25-1,1790596242.3045664,GPU-7d708c42-8d4a-16d5-0746-474567157aa3,144984,/opt/flyt/bin/flyt-shm-worker,554.0,True
evidence-c28-t-s-25-1,1790596243.3047352,GPU-7d708c42-8d4a-16d5-0746-474567157aa3,144984,/opt/flyt/bin/flyt-shm-worker,554.0,True
evidence-c28-t-s-25-1,1790596244.3048763,GPU-7d708c42-8d4a-16d5-0746-474567157aa3,144984,/opt/flyt/bin/flyt-shm-worker,554.0,True
evidence-c28-t-s-25-1,1790596245.3050117,GPU-7d708c42-8d4a-16d5-0746-474567157aa3,144984,/opt/flyt/bin/flyt-shm-worker,554.0,True
evidence-c28-t-s-25-1,1790596246.3051174,GPU-7d708c42-8d4a-16d5-0746-474567157aa3,144984,/opt/flyt/bin/flyt-shm-worker,554.0,True
evidence-c28-t-s-25-1,1790596247.30532,GPU-7d708c42-8d4a-16d5-0746-474567157aa3,144984,/opt/flyt/bin/flyt-shm-worker,554.0,True
evidence-c28-t-s-25-1,1790596248.3054392,GPU-7d708c42-8d4a-16d5-0746-474567157aa3,144984,/opt/flyt/bin/flyt-shm-worker,554.0,True
evidence-c28-t-s-25-1,1790596249.3055634,GPU-7d708c42-8d4a-16d5-0746-474567157aa3,144984,/opt/flyt/bin/flyt-shm-worker,554.0,True
evidence-c28-t-s-25-1,1790596250.3057275,GPU-7d708c42-8d4a-16d5-0746-474567157aa3,144984,/opt/flyt/bin/flyt-shm-worker,554.0,True
evidence-c28-t-s-25-1,1790596251.305837,GPU-7d708c42-8d4a-16d5-0746-474567157aa3,144984,/opt/flyt/bin/flyt-shm-worker,554.0,True
evidence-c28-t-s-25-1,1790596252.3059564,GPU-7d708c42-8d4a-16d5-0746-474567157aa3,144984,/opt/flyt/bin/flyt-shm-worker,554.0,True
evidence-c28-t-s-25-1,1790596253.3060846,GPU-7d708c42-8d4a-16d5-0746-474567157aa3,144984,/opt/flyt/bin/flyt-shm-worker,554.0,True
evidence-c28-t-s-25-1,1790596254.3062084,GPU-7d708c42-8d4a-16d5-0746-474567157aa3,144984,/opt/flyt/bin/flyt-shm-worker,554.0,True
evidence-c28-t-s-25-1,1790596255.3063316,GPU-7d708c42-8d4a-16d5-0746-474567157aa3,144984,/opt/flyt/bin/flyt-shm-worker,554.0,True
evidence-c28-t-s-25-1,1790596256.306453,GPU-7d708c42-8d4a-16d5-0746-474567157aa3,144984,/opt/flyt/bin/flyt-shm-worker,554.0,True
evidence-c28-t-s-25-1,1790596257.3066058,GPU-7d708c42-8d4a-16d5-0746-474567157aa3,144984,/opt/flyt/bin/flyt-shm-worker,554.0,True
evidence-c28-t-s-25-1,1790596258.3067293,GPU-7d708c42-8d4a-16d5-0746-474567157aa3,144984,/opt/flyt/bin/flyt-shm-worker,554.0,True
evidence-c28-t-s-25-1,1790596259.3068476,GPU-7d708c42-8d4a-16d5-0746-474567157aa3,144984,/opt/flyt/bin/flyt-shm-worker,554.0,True
evidence-c28-t-s-25-1,1790596260.307002,GPU-7d708c42-8d4a-16d5-0746-474567157aa3,144984,/opt/flyt/bin/flyt-shm-worker,554.0,True
evidence-c28-t-s-25-1,1790596261.3071218,GPU-7d708c42-8d4a-16d5-0746-474567157aa3,144984,/opt/flyt/bin/flyt-shm-worker,554.0,True
evidence-c28-t-s-25-1,1790596262.3073041,GPU-7d708c42-8d4a-16d5-0746-474567157aa3,144984,/opt/flyt/bin/flyt-shm-worker,554.0,True
evidence-c28-t-s-25-1,1790596263.307422,GPU-7d708c42-8d4a-16d5-0746-474567157aa3,144984,/opt/flyt/bin/flyt-shm-worker,554.0,True
evidence-c28-t-s-25-1,1790596264.3075452,GPU-7d708c42-8d4a-16d5-0746-474567157aa3,144984,/opt/flyt/bin/flyt-shm-worker,554.0,True
evidence-c28-t-s-25-1,1790596265.3076692,GPU-7d708c42-8d4a-16d5-0746-474567157aa3,144984,/opt/flyt/bin/flyt-shm-worker,554.0,True
evidence-c28-t-s-25-1,1790596266.3078034,GPU-7d708c42-8d4a-16d5-0746-474567157aa3,144984,/opt/flyt/bin/flyt-shm-worker,554.0,True
evidence-c28-t-s-25-1,1790596267.3079333,GPU-7d708c42-8d4a-16d5-0746-474567157aa3,144984,/opt/flyt/bin/flyt-shm-worker,554.0,True
evidence-c28-t-s-25-1,1790596268.308057,GPU-7d708c42-8d4a-16d5-0746-474567157aa3,144984,/opt/flyt/bin/flyt-shm-worker,554.0,True
evidence-c28-t-s-25-2,1790596774.3687978,GPU-7d708c42-8d4a-16d5-0746-474567157aa3,168264,/opt/flyt/bin/flyt-shm-worker,554.0,True
evidence-c28-t-s-25-2,1790596775.368872,GPU-7d708c42-8d4a-16d5-0746-474567157aa3,168264,/opt/flyt/bin/flyt-shm-worker,554.0,True
evidence-c28-t-s-25-2,1790596776.3689718,GPU-7d708c42-8d4a-16d5-0746-474567157aa3,168264,/opt/flyt/bin/flyt-shm-worker,554.0,True
evidence-c28-t-s-25-2,1790596777.3691502,GPU-7d708c42-8d4a-16d5-0746-474567157aa3,168264,/opt/flyt/bin/flyt-shm-worker,554.0,True
evidence-c28-t-s-25-2,1790596778.3692572,GPU-7d708c42-8d4a-16d5-0746-474567157aa3,168264,/opt/flyt/bin/flyt-shm-worker,554.0,True
evidence-c28-t-s-25-2,1790596779.3693573,GPU-7d708c42-8d4a-16d5-0746-474567157aa3,168264,/opt/flyt/bin/flyt-shm-worker,554.0,True
evidence-c28-t-s-25-2,1790596780.369464,GPU-7d708c42-8d4a-16d5-0746-474567157aa3,168264,/opt/flyt/bin/flyt-shm-worker,554.0,True
evidence-c28-t-s-25-2,1790596781.3695533,GPU-7d708c42-8d4a-16d5-0746-474567157aa3,168264,/opt/flyt/bin/flyt-shm-worker,554.0,True
evidence-c28-t-s-25-2,1790596782.3696601,GPU-7d708c42-8d4a-16d5-0746-474567157aa3,168264,/opt/flyt/bin/flyt-shm-worker,554.0,True
evidence-c28-t-s-25-2,1790596783.3697364,GPU-7d708c42-8d4a-16d5-0746-474567157aa3,168264,/opt/flyt/bin/flyt-shm-worker,554.0,True
evidence-c28-t-s-25-2,1790596784.3699396,GPU-7d708c42-8d4a-16d5-0746-474567157aa3,168264,/opt/flyt/bin/flyt-shm-worker,554.0,True
evidence-c28-t-s-25-2,1790596785.3701386,GPU-7d708c42-8d4a-16d5-0746-474567157aa3,168264,/opt/flyt/bin/flyt-shm-worker,554.0,True
evidence-c28-t-s-25-2,1790596786.370236,GPU-7d708c42-8d4a-16d5-0746-474567157aa3,168264,/opt/flyt/bin/flyt-shm-worker,554.0,True
evidence-c28-t-s-25-2,1790596787.3703532,GPU-7d708c42-8d4a-16d5-0746-474567157aa3,168264,/opt/flyt/bin/flyt-shm-worker,554.0,True
evidence-c28-t-s-25-2,1790596788.3704875,GPU-7d708c42-8d4a-16d5-0746-474567157aa3,168264,/opt/flyt/bin/flyt-shm-worker,554.0,True
evidence-c28-t-s-25-2,1790596789.3705769,GPU-7d708c42-8d4a-16d5-0746-474567157aa3,168264,/opt/flyt/bin/flyt-shm-worker,554.0,True
evidence-c28-t-s-25-2,1790596790.3707163,GPU-7d708c42-8d4a-16d5-0746-474567157aa3,168264,/opt/flyt/bin/flyt-shm-worker,554.0,True
evidence-c28-t-s-25-2,1790596791.370841,GPU-7d708c42-8d4a-16d5-0746-474567157aa3,168264,/opt/flyt/bin/flyt-shm-worker,554.0,True
evidence-c28-t-s-25-2,1790596792.3709962,GPU-7d708c42-8d4a-16d5-0746-474567157aa3,168264,/opt/flyt/bin/flyt-shm-worker,554.0,True
evidence-c28-t-s-25-2,1790596793.3711138,GPU-7d708c42-8d4a-16d5-0746-474567157aa3,168264,/opt/flyt/bin/flyt-shm-worker,554.0,True
evidence-c28-t-s-25-2,1790596794.3712034,GPU-7d708c42-8d4a-16d5-0746-474567157aa3,168264,/opt/flyt/bin/flyt-shm-worker,554.0,True
evidence-c28-t-s-25-2,1790596795.3713171,GPU-7d708c42-8d4a-16d5-0746-474567157aa3,168264,/opt/flyt/bin/flyt-shm-worker,554.0,True
evidence-c28-t-s-25-2,1790596796.3715138,GPU-7d708c42-8d4a-16d5-0746-474567157aa3,168264,/opt/flyt/bin/flyt-shm-worker,554.0,True
evidence-c28-t-s-25-2,1790596797.3716526,GPU-7d708c42-8d4a-16d5-0746-474567157aa3,168264,/opt/flyt/bin/flyt-shm-worker,554.0,True
evidence-c28-t-s-25-2,1790596798.371778,GPU-7d708c42-8d4a-16d5-0746-474567157aa3,168264,/opt/flyt/bin/flyt-shm-worker,554.0,True
evidence-c28-t-s-25-2,1790596799.371863,GPU-7d708c42-8d4a-16d5-0746-474567157aa3,168264,/opt/flyt/bin/flyt-shm-worker,554.0,True
evidence-c28-t-s-25-2,1790596800.3719869,GPU-7d708c42-8d4a-16d5-0746-474567157aa3,168264,/opt/flyt/bin/flyt-shm-worker,554.0,True
evidence-c28-t-s-25-2,1790596801.3721879,GPU-7d708c42-8d4a-16d5-0746-474567157aa3,168264,/opt/flyt/bin/flyt-shm-worker,554.0,True
evidence-c28-t-s-25-2,1790596802.3723085,GPU-7d708c42-8d4a-16d5-0746-474567157aa3,168264,/opt/flyt/bin/flyt-shm-worker,554.0,True
evidence-c28-t-s-25-2,1790596803.3724194,GPU-7d708c42-8d4a-16d5-0746-474567157aa3,168264,/opt/flyt/bin/flyt-shm-worker,554.0,True
evidence-c28-t-s-25-2,1790596804.3726356,GPU-7d708c42-8d4a-16d5-0746-474567157aa3,168264,/opt/flyt/bin/flyt-shm-worker,554.0,True
evidence-c28-t-s-25-2,1790596805.3728213,GPU-7d708c42-8d4a-16d5-0746-474567157aa3,168264,/opt/flyt/bin/flyt-shm-worker,554.0,True
evidence-c28-t-s-25-2,1790596806.3730226,GPU-7d708c42-8d4a-16d5-0746-474567157aa3,168264,/opt/flyt/bin/flyt-shm-worker,554.0,True
evidence-c28-t-s-25-2,1790596807.3731802,GPU-7d708c42-8d4a-16d5-0746-474567157aa3,168264,/opt/flyt/bin/flyt-shm-worker,554.0,True
evidence-c28-t-s-25-2,1790596808.373291,GPU-7d708c42-8d4a-16d5-0746-474567157aa3,168264,/opt/flyt/bin/flyt-shm-worker,554.0,True
evidence-c28-t-s-25-2,1790596809.373386,GPU-7d708c42-8d4a-16d5-0746-474567157aa3,168264,/opt/flyt/bin/flyt-shm-worker,554.0,True
evidence-c28-t-s-25-2,1790596810.3735037,GPU-7d708c42-8d4a-16d5-0746-474567157aa3,168264,/opt/flyt/bin/flyt-shm-worker,554.0,True
evidence-c28-t-s-25-2,1790596811.3736284,GPU-7d708c42-8d4a-16d5-0746-474567157aa3,168264,/opt/flyt/bin/flyt-shm-worker,554.0,True
evidence-c28-t-s-25-2,1790596812.3737466,GPU-7d708c42-8d4a-16d5-0746-474567157aa3,168264,/opt/flyt/bin/flyt-shm-worker,554.0,True
evidence-c28-t-s-25-2,1790596813.373861,GPU-7d708c42-8d4a-16d5-0746-474567157aa3,168264,/opt/flyt/bin/flyt-shm-worker,554.0,True
evidence-c28-t-s-25-2,1790596814.3739636,GPU-7d708c42-8d4a-16d5-0746-474567157aa3,168264,/opt/flyt/bin/flyt-shm-worker,554.0,True
evidence-c28-t-s-25-2,1790596815.374083,GPU-7d708c42-8d4a-16d5-0746-474567157aa3,168264,/opt/flyt/bin/flyt-shm-worker,554.0,True
evidence-c28-t-s-25-2,1790596816.3742042,GPU-7d708c42-8d4a-16d5-0746-474567157aa3,168264,/opt/flyt/bin/flyt-shm-worker,554.0,True
evidence-c28-t-s-25-2,1790596817.3743184,GPU-7d708c42-8d4a-16d5-0746-474567157aa3,168264,/opt/flyt/bin/flyt-shm-worker,554.0,True
evidence-c28-t-s-25-2,1790596818.3744378,GPU-7d708c42-8d4a-16d5-0746-474567157aa3,168264,/opt/flyt/bin/flyt-shm-worker,554.0,True
evidence-c28-t-s-25-2,1790596819.3745482,GPU-7d708c42-8d4a-16d5-0746-474567157aa3,168264,/opt/flyt/bin/flyt-shm-worker,554.0,True
evidence-c28-t-s-25-2,1790596820.3747554,GPU-7d708c42-8d4a-16d5-0746-474567157aa3,168264,/opt/flyt/bin/flyt-shm-worker,554.0,True
evidence-c28-t-s-25-2,1790596821.3749392,GPU-7d708c42-8d4a-16d5-0746-474567157aa3,168264,/opt/flyt/bin/flyt-shm-worker,554.0,True
evidence-c28-t-s-25-2,1790596822.3750653,GPU-7d708c42-8d4a-16d5-0746-474567157aa3,168264,/opt/flyt/bin/flyt-shm-worker,554.0,True
evidence-c28-t-s-25-2,1790596823.37527,GPU-7d708c42-8d4a-16d5-0746-474567157aa3,168264,/opt/flyt/bin/flyt-shm-worker,554.0,True
evidence-c28-t-s-25-2,1790596824.3753939,GPU-7d708c42-8d4a-16d5-0746-474567157aa3,168264,/opt/flyt/bin/flyt-shm-worker,554.0,True
evidence-c28-t-s-25-2,1790596825.3755162,GPU-7d708c42-8d4a-16d5-0746-474567157aa3,168264,/opt/flyt/bin/flyt-shm-worker,554.0,True
evidence-c28-t-s-25-2,1790596826.3756092,GPU-7d708c42-8d4a-16d5-0746-474567157aa3,168264,/opt/flyt/bin/flyt-shm-worker,554.0,True
evidence-c28-t-s-25-2,1790596827.375831,GPU-7d708c42-8d4a-16d5-0746-474567157aa3,168264,/opt/flyt/bin/flyt-shm-worker,554.0,True
evidence-c28-t-s-25-2,1790596828.3759565,GPU-7d708c42-8d4a-16d5-0746-474567157aa3,168264,/opt/flyt/bin/flyt-shm-worker,554.0,True
evidence-c28-t-s-25-2,1790596829.3760834,GPU-7d708c42-8d4a-16d5-0746-474567157aa3,168264,/opt/flyt/bin/flyt-shm-worker,554.0,True
evidence-c28-t-s-25-2,1790596830.3762088,GPU-7d708c42-8d4a-16d5-0746-474567157aa3,168264,/opt/flyt/bin/flyt-shm-worker,554.0,True
evidence-c28-t-s-25-2,1790596831.3763335,GPU-7d708c42-8d4a-16d5-0746-474567157aa3,168264,/opt/flyt/bin/flyt-shm-worker,554.0,True
evidence-c28-t-s-25-2,1790596832.376478,GPU-7d708c42-8d4a-16d5-0746-474567157aa3,168264,/opt/flyt/bin/flyt-shm-worker,554.0,True
evidence-c28-t-s-25-2,1790596833.3765996,GPU-7d708c42-8d4a-16d5-0746-474567157aa3,168264,/opt/flyt/bin/flyt-shm-worker,554.0,True
evidence-c28-t-s-25-3,1790597912.5157964,GPU-7d708c42-8d4a-16d5-0746-474567157aa3,212896,/opt/flyt/bin/flyt-shm-worker,554.0,True
evidence-c28-t-s-25-3,1790597913.5158849,GPU-7d708c42-8d4a-16d5-0746-474567157aa3,212896,/opt/flyt/bin/flyt-shm-worker,554.0,True
evidence-c28-t-s-25-3,1790597914.5160627,GPU-7d708c42-8d4a-16d5-0746-474567157aa3,212896,/opt/flyt/bin/flyt-shm-worker,554.0,True
evidence-c28-t-s-25-3,1790597915.516189,GPU-7d708c42-8d4a-16d5-0746-474567157aa3,212896,/opt/flyt/bin/flyt-shm-worker,554.0,True
evidence-c28-t-s-25-3,1790597916.5162778,GPU-7d708c42-8d4a-16d5-0746-474567157aa3,212896,/opt/flyt/bin/flyt-shm-worker,554.0,True
evidence-c28-t-s-25-3,1790597917.5163682,GPU-7d708c42-8d4a-16d5-0746-474567157aa3,212896,/opt/flyt/bin/flyt-shm-worker,554.0,True
evidence-c28-t-s-25-3,1790597918.5164852,GPU-7d708c42-8d4a-16d5-0746-474567157aa3,212896,/opt/flyt/bin/flyt-shm-worker,554.0,True
evidence-c28-t-s-25-3,1790597919.5166104,GPU-7d708c42-8d4a-16d5-0746-474567157aa3,212896,/opt/flyt/bin/flyt-shm-worker,554.0,True
evidence-c28-t-s-25-3,1790597920.516742,GPU-7d708c42-8d4a-16d5-0746-474567157aa3,212896,/opt/flyt/bin/flyt-shm-worker,554.0,True
evidence-c28-t-s-25-3,1790597921.5168815,GPU-7d708c42-8d4a-16d5-0746-474567157aa3,212896,/opt/flyt/bin/flyt-shm-worker,554.0,True
evidence-c28-t-s-25-3,1790597922.516994,GPU-7d708c42-8d4a-16d5-0746-474567157aa3,212896,/opt/flyt/bin/flyt-shm-worker,554.0,True
evidence-c28-t-s-25-3,1790597923.5171177,GPU-7d708c42-8d4a-16d5-0746-474567157aa3,212896,/opt/flyt/bin/flyt-shm-worker,554.0,True
evidence-c28-t-s-25-3,1790597924.5172722,GPU-7d708c42-8d4a-16d5-0746-474567157aa3,212896,/opt/flyt/bin/flyt-shm-worker,554.0,True
evidence-c28-t-s-25-3,1790597925.5173626,GPU-7d708c42-8d4a-16d5-0746-474567157aa3,212896,/opt/flyt/bin/flyt-shm-worker,554.0,True
evidence-c28-t-s-25-3,1790597926.5174844,GPU-7d708c42-8d4a-16d5-0746-474567157aa3,212896,/opt/flyt/bin/flyt-shm-worker,554.0,True
evidence-c28-t-s-25-3,1790597927.517607,GPU-7d708c42-8d4a-16d5-0746-474567157aa3,212896,/opt/flyt/bin/flyt-shm-worker,554.0,True
evidence-c28-t-s-25-3,1790597928.517741,GPU-7d708c42-8d4a-16d5-0746-474567157aa3,212896,/opt/flyt/bin/flyt-shm-worker,554.0,True
evidence-c28-t-s-25-3,1790597929.5178463,GPU-7d708c42-8d4a-16d5-0746-474567157aa3,212896,/opt/flyt/bin/flyt-shm-worker,554.0,True
evidence-c28-t-s-25-3,1790597930.5179274,GPU-7d708c42-8d4a-16d5-0746-474567157aa3,212896,/opt/flyt/bin/flyt-shm-worker,554.0,True
evidence-c28-t-s-25-3,1790597931.5180635,GPU-7d708c42-8d4a-16d5-0746-474567157aa3,212896,/opt/flyt/bin/flyt-shm-worker,554.0,True
evidence-c28-t-s-25-3,1790597932.5181844,GPU-7d708c42-8d4a-16d5-0746-474567157aa3,212896,/opt/flyt/bin/flyt-shm-worker,554.0,True
evidence-c28-t-s-25-3,1790597933.5183275,GPU-7d708c42-8d4a-16d5-0746-474567157aa3,212896,/opt/flyt/bin/flyt-shm-worker,554.0,True
evidence-c28-t-s-25-3,1790597934.518451,GPU-7d708c42-8d4a-16d5-0746-474567157aa3,212896,/opt/flyt/bin/flyt-shm-worker,554.0,True
evidence-c28-t-s-25-3,1790597935.5186038,GPU-7d708c42-8d4a-16d5-0746-474567157aa3,212896,/opt/flyt/bin/flyt-shm-worker,554.0,True
evidence-c28-t-s-25-3,1790597936.518719,GPU-7d708c42-8d4a-16d5-0746-474567157aa3,212896,/opt/flyt/bin/flyt-shm-worker,554.0,True
evidence-c28-t-s-25-3,1790597937.5188413,GPU-7d708c42-8d4a-16d5-0746-474567157aa3,212896,/opt/flyt/bin/flyt-shm-worker,554.0,True
evidence-c28-t-s-25-3,1790597938.5189936,GPU-7d708c42-8d4a-16d5-0746-474567157aa3,212896,/opt/flyt/bin/flyt-shm-worker,554.0,True
evidence-c28-t-s-25-3,1790597939.5191731,GPU-7d708c42-8d4a-16d5-0746-474567157aa3,212896,/opt/flyt/bin/flyt-shm-worker,554.0,True
evidence-c28-t-s-25-3,1790597940.5193062,GPU-7d708c42-8d4a-16d5-0746-474567157aa3,212896,/opt/flyt/bin/flyt-shm-worker,554.0,True
evidence-c28-t-s-25-3,1790597941.5194035,GPU-7d708c42-8d4a-16d5-0746-474567157aa3,212896,/opt/flyt/bin/flyt-shm-worker,554.0,True
evidence-c28-t-s-25-3,1790597942.5194898,GPU-7d708c42-8d4a-16d5-0746-474567157aa3,212896,/opt/flyt/bin/flyt-shm-worker,554.0,True
evidence-c28-t-s-25-3,1790597943.5196133,GPU-7d708c42-8d4a-16d5-0746-474567157aa3,212896,/opt/flyt/bin/flyt-shm-worker,554.0,True
evidence-c28-t-s-25-3,1790597944.519742,GPU-7d708c42-8d4a-16d5-0746-474567157aa3,212896,/opt/flyt/bin/flyt-shm-worker,554.0,True
evidence-c28-t-s-25-3,1790597945.5199108,GPU-7d708c42-8d4a-16d5-0746-474567157aa3,212896,/opt/flyt/bin/flyt-shm-worker,554.0,True
evidence-c28-t-s-25-3,1790597946.5200372,GPU-7d708c42-8d4a-16d5-0746-474567157aa3,212896,/opt/flyt/bin/flyt-shm-worker,554.0,True
evidence-c28-t-s-25-3,1790597947.520137,GPU-7d708c42-8d4a-16d5-0746-474567157aa3,212896,/opt/flyt/bin/flyt-shm-worker,554.0,True
evidence-c28-t-s-25-3,1790597948.520253,GPU-7d708c42-8d4a-16d5-0746-474567157aa3,212896,/opt/flyt/bin/flyt-shm-worker,554.0,True
evidence-c28-t-s-25-3,1790597949.520372,GPU-7d708c42-8d4a-16d5-0746-474567157aa3,212896,/opt/flyt/bin/flyt-shm-worker,554.0,True
evidence-c28-t-s-25-3,1790597950.5204725,GPU-7d708c42-8d4a-16d5-0746-474567157aa3,212896,/opt/flyt/bin/flyt-shm-worker,554.0,True
evidence-c28-t-s-25-3,1790597951.5205948,GPU-7d708c42-8d4a-16d5-0746-474567157aa3,212896,/opt/flyt/bin/flyt-shm-worker,554.0,True
evidence-c28-t-s-25-3,1790597952.5207179,GPU-7d708c42-8d4a-16d5-0746-474567157aa3,212896,/opt/flyt/bin/flyt-shm-worker,554.0,True
evidence-c28-t-s-25-3,1790597953.5209498,GPU-7d708c42-8d4a-16d5-0746-474567157aa3,212896,/opt/flyt/bin/flyt-shm-worker,554.0,True
evidence-c28-t-s-25-3,1790597954.5210664,GPU-7d708c42-8d4a-16d5-0746-474567157aa3,212896,/opt/flyt/bin/flyt-shm-worker,554.0,True
evidence-c28-t-s-25-3,1790597955.5211875,GPU-7d708c42-8d4a-16d5-0746-474567157aa3,212896,/opt/flyt/bin/flyt-shm-worker,554.0,True
evidence-c28-t-s-25-3,1790597956.5213094,GPU-7d708c42-8d4a-16d5-0746-474567157aa3,212896,/opt/flyt/bin/flyt-shm-worker,554.0,True
evidence-c28-t-s-25-3,1790597957.5214336,GPU-7d708c42-8d4a-16d5-0746-474567157aa3,212896,/opt/flyt/bin/flyt-shm-worker,554.0,True
evidence-c28-t-s-25-3,1790597958.521593,GPU-7d708c42-8d4a-16d5-0746-474567157aa3,212896,/opt/flyt/bin/flyt-shm-worker,554.0,True
evidence-c28-t-s-25-3,1790597959.521716,GPU-7d708c42-8d4a-16d5-0746-474567157aa3,212896,/opt/flyt/bin/flyt-shm-worker,554.0,True
evidence-c28-t-s-25-3,1790597960.5218365,GPU-7d708c42-8d4a-16d5-0746-474567157aa3,212896,/opt/flyt/bin/flyt-shm-worker,554.0,True
evidence-c28-t-s-25-3,1790597961.5219204,GPU-7d708c42-8d4a-16d5-0746-474567157aa3,212896,/opt/flyt/bin/flyt-shm-worker,554.0,True
evidence-c28-t-s-25-3,1790597962.5221326,GPU-7d708c42-8d4a-16d5-0746-474567157aa3,212896,/opt/flyt/bin/flyt-shm-worker,554.0,True
evidence-c28-t-s-25-3,1790597963.5223324,GPU-7d708c42-8d4a-16d5-0746-474567157aa3,212896,/opt/flyt/bin/flyt-shm-worker,554.0,True
evidence-c28-t-s-25-3,1790597964.522439,GPU-7d708c42-8d4a-16d5-0746-474567157aa3,212896,/opt/flyt/bin/flyt-shm-worker,554.0,True
evidence-c28-t-s-25-3,1790597965.5225623,GPU-7d708c42-8d4a-16d5-0746-474567157aa3,212896,/opt/flyt/bin/flyt-shm-worker,554.0,True
evidence-c28-t-s-25-3,1790597966.5227504,GPU-7d708c42-8d4a-16d5-0746-474567157aa3,212896,/opt/flyt/bin/flyt-shm-worker,554.0,True
evidence-c28-t-s-25-3,1790597967.5229526,GPU-7d708c42-8d4a-16d5-0746-474567157aa3,212896,/opt/flyt/bin/flyt-shm-worker,554.0,True
evidence-c28-t-s-25-3,1790597968.5230865,GPU-7d708c42-8d4a-16d5-0746-474567157aa3,212896,/opt/flyt/bin/flyt-shm-worker,554.0,True
evidence-c28-t-s-25-3,1790597969.5232089,GPU-7d708c42-8d4a-16d5-0746-474567157aa3,212896,/opt/flyt/bin/flyt-shm-worker,554.0,True
evidence-c28-t-s-25-3,1790597970.5233,GPU-7d708c42-8d4a-16d5-0746-474567157aa3,212896,/opt/flyt/bin/flyt-shm-worker,554.0,True
evidence-c28-t-s-25-3,1790597971.5234332,GPU-7d708c42-8d4a-16d5-0746-474567157aa3,212896,/opt/flyt/bin/flyt-shm-worker,554.0,True
evidence-c28-t-s-50-1,1790596066.2800522,GPU-7d708c42-8d4a-16d5-0746-474567157aa3,138307,/opt/flyt/bin/flyt-shm-worker,554.0,True
evidence-c28-t-s-50-1,1790596067.2801697,GPU-7d708c42-8d4a-16d5-0746-474567157aa3,138307,/opt/flyt/bin/flyt-shm-worker,554.0,True
evidence-c28-t-s-50-1,1790596068.2802882,GPU-7d708c42-8d4a-16d5-0746-474567157aa3,138307,/opt/flyt/bin/flyt-shm-worker,554.0,True
evidence-c28-t-s-50-1,1790596069.2804096,GPU-7d708c42-8d4a-16d5-0746-474567157aa3,138307,/opt/flyt/bin/flyt-shm-worker,554.0,True
evidence-c28-t-s-50-1,1790596070.2805312,GPU-7d708c42-8d4a-16d5-0746-474567157aa3,138307,/opt/flyt/bin/flyt-shm-worker,554.0,True
evidence-c28-t-s-50-1,1790596071.28065,GPU-7d708c42-8d4a-16d5-0746-474567157aa3,138307,/opt/flyt/bin/flyt-shm-worker,554.0,True
evidence-c28-t-s-50-1,1790596072.2807724,GPU-7d708c42-8d4a-16d5-0746-474567157aa3,138307,/opt/flyt/bin/flyt-shm-worker,554.0,True
evidence-c28-t-s-50-1,1790596073.280921,GPU-7d708c42-8d4a-16d5-0746-474567157aa3,138307,/opt/flyt/bin/flyt-shm-worker,554.0,True
evidence-c28-t-s-50-1,1790596074.2810447,GPU-7d708c42-8d4a-16d5-0746-474567157aa3,138307,/opt/flyt/bin/flyt-shm-worker,554.0,True
evidence-c28-t-s-50-1,1790596075.281179,GPU-7d708c42-8d4a-16d5-0746-474567157aa3,138307,/opt/flyt/bin/flyt-shm-worker,554.0,True
evidence-c28-t-s-50-1,1790596076.2813017,GPU-7d708c42-8d4a-16d5-0746-474567157aa3,138307,/opt/flyt/bin/flyt-shm-worker,554.0,True
evidence-c28-t-s-50-1,1790596077.2813902,GPU-7d708c42-8d4a-16d5-0746-474567157aa3,138307,/opt/flyt/bin/flyt-shm-worker,554.0,True
evidence-c28-t-s-50-1,1790596078.2815166,GPU-7d708c42-8d4a-16d5-0746-474567157aa3,138307,/opt/flyt/bin/flyt-shm-worker,554.0,True
evidence-c28-t-s-50-1,1790596079.2816408,GPU-7d708c42-8d4a-16d5-0746-474567157aa3,138307,/opt/flyt/bin/flyt-shm-worker,554.0,True
evidence-c28-t-s-50-1,1790596080.28178,GPU-7d708c42-8d4a-16d5-0746-474567157aa3,138307,/opt/flyt/bin/flyt-shm-worker,554.0,True
evidence-c28-t-s-50-1,1790596081.2819045,GPU-7d708c42-8d4a-16d5-0746-474567157aa3,138307,/opt/flyt/bin/flyt-shm-worker,554.0,True
evidence-c28-t-s-50-1,1790596082.2820137,GPU-7d708c42-8d4a-16d5-0746-474567157aa3,138307,/opt/flyt/bin/flyt-shm-worker,554.0,True
evidence-c28-t-s-50-1,1790596083.2821407,GPU-7d708c42-8d4a-16d5-0746-474567157aa3,138307,/opt/flyt/bin/flyt-shm-worker,554.0,True
evidence-c28-t-s-50-1,1790596084.2822454,GPU-7d708c42-8d4a-16d5-0746-474567157aa3,138307,/opt/flyt/bin/flyt-shm-worker,554.0,True
evidence-c28-t-s-50-1,1790596085.2823682,GPU-7d708c42-8d4a-16d5-0746-474567157aa3,138307,/opt/flyt/bin/flyt-shm-worker,554.0,True
evidence-c28-t-s-50-1,1790596086.2824583,GPU-7d708c42-8d4a-16d5-0746-474567157aa3,138307,/opt/flyt/bin/flyt-shm-worker,554.0,True
evidence-c28-t-s-50-1,1790596087.2825835,GPU-7d708c42-8d4a-16d5-0746-474567157aa3,138307,/opt/flyt/bin/flyt-shm-worker,554.0,True
evidence-c28-t-s-50-1,1790596088.2827122,GPU-7d708c42-8d4a-16d5-0746-474567157aa3,138307,/opt/flyt/bin/flyt-shm-worker,554.0,True
evidence-c28-t-s-50-1,1790596089.2828007,GPU-7d708c42-8d4a-16d5-0746-474567157aa3,138307,/opt/flyt/bin/flyt-shm-worker,554.0,True
evidence-c28-t-s-50-1,1790596090.2829335,GPU-7d708c42-8d4a-16d5-0746-474567157aa3,138307,/opt/flyt/bin/flyt-shm-worker,554.0,True
evidence-c28-t-s-50-1,1790596091.2831352,GPU-7d708c42-8d4a-16d5-0746-474567157aa3,138307,/opt/flyt/bin/flyt-shm-worker,554.0,True
evidence-c28-t-s-50-1,1790596092.2832422,GPU-7d708c42-8d4a-16d5-0746-474567157aa3,138307,/opt/flyt/bin/flyt-shm-worker,554.0,True
evidence-c28-t-s-50-1,1790596093.283361,GPU-7d708c42-8d4a-16d5-0746-474567157aa3,138307,/opt/flyt/bin/flyt-shm-worker,554.0,True
evidence-c28-t-s-50-1,1790596094.283504,GPU-7d708c42-8d4a-16d5-0746-474567157aa3,138307,/opt/flyt/bin/flyt-shm-worker,554.0,True
evidence-c28-t-s-50-1,1790596095.2836275,GPU-7d708c42-8d4a-16d5-0746-474567157aa3,138307,/opt/flyt/bin/flyt-shm-worker,554.0,True
evidence-c28-t-s-50-1,1790596096.2837462,GPU-7d708c42-8d4a-16d5-0746-474567157aa3,138307,/opt/flyt/bin/flyt-shm-worker,554.0,True
evidence-c28-t-s-50-1,1790596097.2838695,GPU-7d708c42-8d4a-16d5-0746-474567157aa3,138307,/opt/flyt/bin/flyt-shm-worker,554.0,True
evidence-c28-t-s-50-1,1790596098.2839923,GPU-7d708c42-8d4a-16d5-0746-474567157aa3,138307,/opt/flyt/bin/flyt-shm-worker,554.0,True
evidence-c28-t-s-50-1,1790596099.284111,GPU-7d708c42-8d4a-16d5-0746-474567157aa3,138307,/opt/flyt/bin/flyt-shm-worker,554.0,True
evidence-c28-t-s-50-1,1790596100.2842333,GPU-7d708c42-8d4a-16d5-0746-474567157aa3,138307,/opt/flyt/bin/flyt-shm-worker,554.0,True
evidence-c28-t-s-50-1,1790596101.2843568,GPU-7d708c42-8d4a-16d5-0746-474567157aa3,138307,/opt/flyt/bin/flyt-shm-worker,554.0,True
evidence-c28-t-s-50-1,1790596102.284479,GPU-7d708c42-8d4a-16d5-0746-474567157aa3,138307,/opt/flyt/bin/flyt-shm-worker,554.0,True
evidence-c28-t-s-50-1,1790596103.2845995,GPU-7d708c42-8d4a-16d5-0746-474567157aa3,138307,/opt/flyt/bin/flyt-shm-worker,554.0,True
evidence-c28-t-s-50-1,1790596104.2847245,GPU-7d708c42-8d4a-16d5-0746-474567157aa3,138307,/opt/flyt/bin/flyt-shm-worker,554.0,True
evidence-c28-t-s-50-1,1790596105.2848241,GPU-7d708c42-8d4a-16d5-0746-474567157aa3,138307,/opt/flyt/bin/flyt-shm-worker,554.0,True
evidence-c28-t-s-50-1,1790596106.2849064,GPU-7d708c42-8d4a-16d5-0746-474567157aa3,138307,/opt/flyt/bin/flyt-shm-worker,554.0,True
evidence-c28-t-s-50-1,1790596107.2850318,GPU-7d708c42-8d4a-16d5-0746-474567157aa3,138307,/opt/flyt/bin/flyt-shm-worker,554.0,True
evidence-c28-t-s-50-1,1790596108.285123,GPU-7d708c42-8d4a-16d5-0746-474567157aa3,138307,/opt/flyt/bin/flyt-shm-worker,554.0,True
evidence-c28-t-s-50-1,1790596109.2852163,GPU-7d708c42-8d4a-16d5-0746-474567157aa3,138307,/opt/flyt/bin/flyt-shm-worker,554.0,True
evidence-c28-t-s-50-1,1790596110.2853365,GPU-7d708c42-8d4a-16d5-0746-474567157aa3,138307,/opt/flyt/bin/flyt-shm-worker,554.0,True
evidence-c28-t-s-50-1,1790596111.285537,GPU-7d708c42-8d4a-16d5-0746-474567157aa3,138307,/opt/flyt/bin/flyt-shm-worker,554.0,True
evidence-c28-t-s-50-1,1790596112.2856283,GPU-7d708c42-8d4a-16d5-0746-474567157aa3,138307,/opt/flyt/bin/flyt-shm-worker,554.0,True
evidence-c28-t-s-50-1,1790596113.2857993,GPU-7d708c42-8d4a-16d5-0746-474567157aa3,138307,/opt/flyt/bin/flyt-shm-worker,554.0,True
evidence-c28-t-s-50-1,1790596114.2859216,GPU-7d708c42-8d4a-16d5-0746-474567157aa3,138307,/opt/flyt/bin/flyt-shm-worker,554.0,True
evidence-c28-t-s-50-1,1790596115.2860253,GPU-7d708c42-8d4a-16d5-0746-474567157aa3,138307,/opt/flyt/bin/flyt-shm-worker,554.0,True
evidence-c28-t-s-50-1,1790596116.2861474,GPU-7d708c42-8d4a-16d5-0746-474567157aa3,138307,/opt/flyt/bin/flyt-shm-worker,554.0,True
evidence-c28-t-s-50-1,1790596117.2862368,GPU-7d708c42-8d4a-16d5-0746-474567157aa3,138307,/opt/flyt/bin/flyt-shm-worker,554.0,True
evidence-c28-t-s-50-1,1790596118.2863595,GPU-7d708c42-8d4a-16d5-0746-474567157aa3,138307,/opt/flyt/bin/flyt-shm-worker,554.0,True
evidence-c28-t-s-50-1,1790596119.2864563,GPU-7d708c42-8d4a-16d5-0746-474567157aa3,138307,/opt/flyt/bin/flyt-shm-worker,554.0,True
evidence-c28-t-s-50-1,1790596120.2865806,GPU-7d708c42-8d4a-16d5-0746-474567157aa3,138307,/opt/flyt/bin/flyt-shm-worker,554.0,True
evidence-c28-t-s-50-1,1790596121.2866685,GPU-7d708c42-8d4a-16d5-0746-474567157aa3,138307,/opt/flyt/bin/flyt-shm-worker,554.0,True
evidence-c28-t-s-50-1,1790596122.2867906,GPU-7d708c42-8d4a-16d5-0746-474567157aa3,138307,/opt/flyt/bin/flyt-shm-worker,554.0,True
evidence-c28-t-s-50-1,1790596123.2869155,GPU-7d708c42-8d4a-16d5-0746-474567157aa3,138307,/opt/flyt/bin/flyt-shm-worker,554.0,True
evidence-c28-t-s-50-1,1790596124.287006,GPU-7d708c42-8d4a-16d5-0746-474567157aa3,138307,/opt/flyt/bin/flyt-shm-worker,554.0,True
evidence-c28-t-s-50-1,1790596125.2871253,GPU-7d708c42-8d4a-16d5-0746-474567157aa3,138307,/opt/flyt/bin/flyt-shm-worker,554.0,True
evidence-c28-t-s-50-2,1790596918.3881428,GPU-7d708c42-8d4a-16d5-0746-474567157aa3,173488,/opt/flyt/bin/flyt-shm-worker,554.0,True
evidence-c28-t-s-50-2,1790596919.388262,GPU-7d708c42-8d4a-16d5-0746-474567157aa3,173488,/opt/flyt/bin/flyt-shm-worker,554.0,True
evidence-c28-t-s-50-2,1790596920.3883495,GPU-7d708c42-8d4a-16d5-0746-474567157aa3,173488,/opt/flyt/bin/flyt-shm-worker,554.0,True
evidence-c28-t-s-50-2,1790596921.3884766,GPU-7d708c42-8d4a-16d5-0746-474567157aa3,173488,/opt/flyt/bin/flyt-shm-worker,554.0,True
evidence-c28-t-s-50-2,1790596922.3886037,GPU-7d708c42-8d4a-16d5-0746-474567157aa3,173488,/opt/flyt/bin/flyt-shm-worker,554.0,True
evidence-c28-t-s-50-2,1790596923.3887284,GPU-7d708c42-8d4a-16d5-0746-474567157aa3,173488,/opt/flyt/bin/flyt-shm-worker,554.0,True
evidence-c28-t-s-50-2,1790596924.3888156,GPU-7d708c42-8d4a-16d5-0746-474567157aa3,173488,/opt/flyt/bin/flyt-shm-worker,554.0,True
evidence-c28-t-s-50-2,1790596925.3889408,GPU-7d708c42-8d4a-16d5-0746-474567157aa3,173488,/opt/flyt/bin/flyt-shm-worker,554.0,True
evidence-c28-t-s-50-2,1790596926.3890772,GPU-7d708c42-8d4a-16d5-0746-474567157aa3,173488,/opt/flyt/bin/flyt-shm-worker,554.0,True
evidence-c28-t-s-50-2,1790596927.3892128,GPU-7d708c42-8d4a-16d5-0746-474567157aa3,173488,/opt/flyt/bin/flyt-shm-worker,554.0,True
evidence-c28-t-s-50-2,1790596928.3893616,GPU-7d708c42-8d4a-16d5-0746-474567157aa3,173488,/opt/flyt/bin/flyt-shm-worker,554.0,True
evidence-c28-t-s-50-2,1790596929.3894844,GPU-7d708c42-8d4a-16d5-0746-474567157aa3,173488,/opt/flyt/bin/flyt-shm-worker,554.0,True
evidence-c28-t-s-50-2,1790596930.3896086,GPU-7d708c42-8d4a-16d5-0746-474567157aa3,173488,/opt/flyt/bin/flyt-shm-worker,554.0,True
evidence-c28-t-s-50-2,1790596931.3897352,GPU-7d708c42-8d4a-16d5-0746-474567157aa3,173488,/opt/flyt/bin/flyt-shm-worker,554.0,True
evidence-c28-t-s-50-2,1790596932.3898613,GPU-7d708c42-8d4a-16d5-0746-474567157aa3,173488,/opt/flyt/bin/flyt-shm-worker,554.0,True
evidence-c28-t-s-50-2,1790596933.3899846,GPU-7d708c42-8d4a-16d5-0746-474567157aa3,173488,/opt/flyt/bin/flyt-shm-worker,554.0,True
evidence-c28-t-s-50-2,1790596934.3900752,GPU-7d708c42-8d4a-16d5-0746-474567157aa3,173488,/opt/flyt/bin/flyt-shm-worker,554.0,True
evidence-c28-t-s-50-2,1790596935.3901944,GPU-7d708c42-8d4a-16d5-0746-474567157aa3,173488,/opt/flyt/bin/flyt-shm-worker,554.0,True
evidence-c28-t-s-50-2,1790596936.3903162,GPU-7d708c42-8d4a-16d5-0746-474567157aa3,173488,/opt/flyt/bin/flyt-shm-worker,554.0,True
evidence-c28-t-s-50-2,1790596937.3904393,GPU-7d708c42-8d4a-16d5-0746-474567157aa3,173488,/opt/flyt/bin/flyt-shm-worker,554.0,True
evidence-c28-t-s-50-2,1790596938.3905644,GPU-7d708c42-8d4a-16d5-0746-474567157aa3,173488,/opt/flyt/bin/flyt-shm-worker,554.0,True
evidence-c28-t-s-50-2,1790596939.3907266,GPU-7d708c42-8d4a-16d5-0746-474567157aa3,173488,/opt/flyt/bin/flyt-shm-worker,554.0,True
evidence-c28-t-s-50-2,1790596940.3908525,GPU-7d708c42-8d4a-16d5-0746-474567157aa3,173488,/opt/flyt/bin/flyt-shm-worker,554.0,True
evidence-c28-t-s-50-2,1790596941.390948,GPU-7d708c42-8d4a-16d5-0746-474567157aa3,173488,/opt/flyt/bin/flyt-shm-worker,554.0,True
evidence-c28-t-s-50-2,1790596942.3910718,GPU-7d708c42-8d4a-16d5-0746-474567157aa3,173488,/opt/flyt/bin/flyt-shm-worker,554.0,True
evidence-c28-t-s-50-2,1790596943.3911994,GPU-7d708c42-8d4a-16d5-0746-474567157aa3,173488,/opt/flyt/bin/flyt-shm-worker,554.0,True
evidence-c28-t-s-50-2,1790596944.3913267,GPU-7d708c42-8d4a-16d5-0746-474567157aa3,173488,/opt/flyt/bin/flyt-shm-worker,554.0,True
evidence-c28-t-s-50-2,1790596945.3914511,GPU-7d708c42-8d4a-16d5-0746-474567157aa3,173488,/opt/flyt/bin/flyt-shm-worker,554.0,True
evidence-c28-t-s-50-2,1790596946.3915749,GPU-7d708c42-8d4a-16d5-0746-474567157aa3,173488,/opt/flyt/bin/flyt-shm-worker,554.0,True
evidence-c28-t-s-50-2,1790596947.3917122,GPU-7d708c42-8d4a-16d5-0746-474567157aa3,173488,/opt/flyt/bin/flyt-shm-worker,554.0,True
evidence-c28-t-s-50-2,1790596948.3918571,GPU-7d708c42-8d4a-16d5-0746-474567157aa3,173488,/opt/flyt/bin/flyt-shm-worker,554.0,True
evidence-c28-t-s-50-2,1790596949.391948,GPU-7d708c42-8d4a-16d5-0746-474567157aa3,173488,/opt/flyt/bin/flyt-shm-worker,554.0,True
evidence-c28-t-s-50-2,1790596950.3920739,GPU-7d708c42-8d4a-16d5-0746-474567157aa3,173488,/opt/flyt/bin/flyt-shm-worker,554.0,True
evidence-c28-t-s-50-2,1790596951.3921995,GPU-7d708c42-8d4a-16d5-0746-474567157aa3,173488,/opt/flyt/bin/flyt-shm-worker,554.0,True
evidence-c28-t-s-50-2,1790596952.3923259,GPU-7d708c42-8d4a-16d5-0746-474567157aa3,173488,/opt/flyt/bin/flyt-shm-worker,554.0,True
evidence-c28-t-s-50-2,1790596953.3924482,GPU-7d708c42-8d4a-16d5-0746-474567157aa3,173488,/opt/flyt/bin/flyt-shm-worker,554.0,True
evidence-c28-t-s-50-2,1790596954.392571,GPU-7d708c42-8d4a-16d5-0746-474567157aa3,173488,/opt/flyt/bin/flyt-shm-worker,554.0,True
evidence-c28-t-s-50-2,1790596955.3926592,GPU-7d708c42-8d4a-16d5-0746-474567157aa3,173488,/opt/flyt/bin/flyt-shm-worker,554.0,True
evidence-c28-t-s-50-2,1790596956.3927844,GPU-7d708c42-8d4a-16d5-0746-474567157aa3,173488,/opt/flyt/bin/flyt-shm-worker,554.0,True
evidence-c28-t-s-50-2,1790596957.3928952,GPU-7d708c42-8d4a-16d5-0746-474567157aa3,173488,/opt/flyt/bin/flyt-shm-worker,554.0,True
evidence-c28-t-s-50-2,1790596958.3930197,GPU-7d708c42-8d4a-16d5-0746-474567157aa3,173488,/opt/flyt/bin/flyt-shm-worker,554.0,True
evidence-c28-t-s-50-2,1790596959.3931715,GPU-7d708c42-8d4a-16d5-0746-474567157aa3,173488,/opt/flyt/bin/flyt-shm-worker,554.0,True
evidence-c28-t-s-50-2,1790596960.3933144,GPU-7d708c42-8d4a-16d5-0746-474567157aa3,173488,/opt/flyt/bin/flyt-shm-worker,554.0,True
evidence-c28-t-s-50-2,1790596961.393493,GPU-7d708c42-8d4a-16d5-0746-474567157aa3,173488,/opt/flyt/bin/flyt-shm-worker,554.0,True
evidence-c28-t-s-50-2,1790596962.3935916,GPU-7d708c42-8d4a-16d5-0746-474567157aa3,173488,/opt/flyt/bin/flyt-shm-worker,554.0,True
evidence-c28-t-s-50-2,1790596963.393711,GPU-7d708c42-8d4a-16d5-0746-474567157aa3,173488,/opt/flyt/bin/flyt-shm-worker,554.0,True
evidence-c28-t-s-50-2,1790596964.3938522,GPU-7d708c42-8d4a-16d5-0746-474567157aa3,173488,/opt/flyt/bin/flyt-shm-worker,554.0,True
evidence-c28-t-s-50-2,1790596965.394033,GPU-7d708c42-8d4a-16d5-0746-474567157aa3,173488,/opt/flyt/bin/flyt-shm-worker,554.0,True
evidence-c28-t-s-50-2,1790596966.3941228,GPU-7d708c42-8d4a-16d5-0746-474567157aa3,173488,/opt/flyt/bin/flyt-shm-worker,554.0,True
evidence-c28-t-s-50-2,1790596967.3942258,GPU-7d708c42-8d4a-16d5-0746-474567157aa3,173488,/opt/flyt/bin/flyt-shm-worker,554.0,True
evidence-c28-t-s-50-2,1790596968.3943682,GPU-7d708c42-8d4a-16d5-0746-474567157aa3,173488,/opt/flyt/bin/flyt-shm-worker,554.0,True
evidence-c28-t-s-50-2,1790596969.394456,GPU-7d708c42-8d4a-16d5-0746-474567157aa3,173488,/opt/flyt/bin/flyt-shm-worker,554.0,True
evidence-c28-t-s-50-2,1790596970.394542,GPU-7d708c42-8d4a-16d5-0746-474567157aa3,173488,/opt/flyt/bin/flyt-shm-worker,554.0,True
evidence-c28-t-s-50-2,1790596971.3946643,GPU-7d708c42-8d4a-16d5-0746-474567157aa3,173488,/opt/flyt/bin/flyt-shm-worker,554.0,True
evidence-c28-t-s-50-2,1790596972.3947864,GPU-7d708c42-8d4a-16d5-0746-474567157aa3,173488,/opt/flyt/bin/flyt-shm-worker,554.0,True
evidence-c28-t-s-50-2,1790596973.3949106,GPU-7d708c42-8d4a-16d5-0746-474567157aa3,173488,/opt/flyt/bin/flyt-shm-worker,554.0,True
evidence-c28-t-s-50-2,1790596974.3950741,GPU-7d708c42-8d4a-16d5-0746-474567157aa3,173488,/opt/flyt/bin/flyt-shm-worker,554.0,True
evidence-c28-t-s-50-2,1790596975.3951902,GPU-7d708c42-8d4a-16d5-0746-474567157aa3,173488,/opt/flyt/bin/flyt-shm-worker,554.0,True
evidence-c28-t-s-50-2,1790596976.3954446,GPU-7d708c42-8d4a-16d5-0746-474567157aa3,173488,/opt/flyt/bin/flyt-shm-worker,554.0,True
evidence-c28-t-s-50-2,1790596977.3955328,GPU-7d708c42-8d4a-16d5-0746-474567157aa3,173488,/opt/flyt/bin/flyt-shm-worker,554.0,True
evidence-c28-t-s-50-3,1790597769.494824,GPU-7d708c42-8d4a-16d5-0746-474567157aa3,207437,/opt/flyt/bin/flyt-shm-worker,554.0,True
evidence-c28-t-s-50-3,1790597770.494947,GPU-7d708c42-8d4a-16d5-0746-474567157aa3,207437,/opt/flyt/bin/flyt-shm-worker,554.0,True
evidence-c28-t-s-50-3,1790597771.4950728,GPU-7d708c42-8d4a-16d5-0746-474567157aa3,207437,/opt/flyt/bin/flyt-shm-worker,554.0,True
evidence-c28-t-s-50-3,1790597772.4951925,GPU-7d708c42-8d4a-16d5-0746-474567157aa3,207437,/opt/flyt/bin/flyt-shm-worker,554.0,True
evidence-c28-t-s-50-3,1790597773.495314,GPU-7d708c42-8d4a-16d5-0746-474567157aa3,207437,/opt/flyt/bin/flyt-shm-worker,554.0,True
evidence-c28-t-s-50-3,1790597774.4954329,GPU-7d708c42-8d4a-16d5-0746-474567157aa3,207437,/opt/flyt/bin/flyt-shm-worker,554.0,True
evidence-c28-t-s-50-3,1790597775.4955647,GPU-7d708c42-8d4a-16d5-0746-474567157aa3,207437,/opt/flyt/bin/flyt-shm-worker,554.0,True
evidence-c28-t-s-50-3,1790597776.4957244,GPU-7d708c42-8d4a-16d5-0746-474567157aa3,207437,/opt/flyt/bin/flyt-shm-worker,554.0,True
evidence-c28-t-s-50-3,1790597777.495903,GPU-7d708c42-8d4a-16d5-0746-474567157aa3,207437,/opt/flyt/bin/flyt-shm-worker,554.0,True
evidence-c28-t-s-50-3,1790597778.496035,GPU-7d708c42-8d4a-16d5-0746-474567157aa3,207437,/opt/flyt/bin/flyt-shm-worker,554.0,True
evidence-c28-t-s-50-3,1790597779.4961252,GPU-7d708c42-8d4a-16d5-0746-474567157aa3,207437,/opt/flyt/bin/flyt-shm-worker,554.0,True
evidence-c28-t-s-50-3,1790597780.4962742,GPU-7d708c42-8d4a-16d5-0746-474567157aa3,207437,/opt/flyt/bin/flyt-shm-worker,554.0,True
evidence-c28-t-s-50-3,1790597781.4963915,GPU-7d708c42-8d4a-16d5-0746-474567157aa3,207437,/opt/flyt/bin/flyt-shm-worker,554.0,True
evidence-c28-t-s-50-3,1790597782.4965146,GPU-7d708c42-8d4a-16d5-0746-474567157aa3,207437,/opt/flyt/bin/flyt-shm-worker,554.0,True
evidence-c28-t-s-50-3,1790597783.4966383,GPU-7d708c42-8d4a-16d5-0746-474567157aa3,207437,/opt/flyt/bin/flyt-shm-worker,554.0,True
evidence-c28-t-s-50-3,1790597784.4967575,GPU-7d708c42-8d4a-16d5-0746-474567157aa3,207437,/opt/flyt/bin/flyt-shm-worker,554.0,True
evidence-c28-t-s-50-3,1790597785.4968681,GPU-7d708c42-8d4a-16d5-0746-474567157aa3,207437,/opt/flyt/bin/flyt-shm-worker,554.0,True
evidence-c28-t-s-50-3,1790597786.4969702,GPU-7d708c42-8d4a-16d5-0746-474567157aa3,207437,/opt/flyt/bin/flyt-shm-worker,554.0,True
evidence-c28-t-s-50-3,1790597787.497089,GPU-7d708c42-8d4a-16d5-0746-474567157aa3,207437,/opt/flyt/bin/flyt-shm-worker,554.0,True
evidence-c28-t-s-50-3,1790597788.4972086,GPU-7d708c42-8d4a-16d5-0746-474567157aa3,207437,/opt/flyt/bin/flyt-shm-worker,554.0,True
evidence-c28-t-s-50-3,1790597789.497358,GPU-7d708c42-8d4a-16d5-0746-474567157aa3,207437,/opt/flyt/bin/flyt-shm-worker,554.0,True
evidence-c28-t-s-50-3,1790597790.4974647,GPU-7d708c42-8d4a-16d5-0746-474567157aa3,207437,/opt/flyt/bin/flyt-shm-worker,554.0,True
evidence-c28-t-s-50-3,1790597791.4975874,GPU-7d708c42-8d4a-16d5-0746-474567157aa3,207437,/opt/flyt/bin/flyt-shm-worker,554.0,True
evidence-c28-t-s-50-3,1790597792.4977198,GPU-7d708c42-8d4a-16d5-0746-474567157aa3,207437,/opt/flyt/bin/flyt-shm-worker,554.0,True
evidence-c28-t-s-50-3,1790597793.497844,GPU-7d708c42-8d4a-16d5-0746-474567157aa3,207437,/opt/flyt/bin/flyt-shm-worker,554.0,True
evidence-c28-t-s-50-3,1790597794.4979348,GPU-7d708c42-8d4a-16d5-0746-474567157aa3,207437,/opt/flyt/bin/flyt-shm-worker,554.0,True
evidence-c28-t-s-50-3,1790597795.4980593,GPU-7d708c42-8d4a-16d5-0746-474567157aa3,207437,/opt/flyt/bin/flyt-shm-worker,554.0,True
evidence-c28-t-s-50-3,1790597796.4981823,GPU-7d708c42-8d4a-16d5-0746-474567157aa3,207437,/opt/flyt/bin/flyt-shm-worker,554.0,True
evidence-c28-t-s-50-3,1790597797.4983397,GPU-7d708c42-8d4a-16d5-0746-474567157aa3,207437,/opt/flyt/bin/flyt-shm-worker,554.0,True
evidence-c28-t-s-50-3,1790597798.4984643,GPU-7d708c42-8d4a-16d5-0746-474567157aa3,207437,/opt/flyt/bin/flyt-shm-worker,554.0,True
evidence-c28-t-s-50-3,1790597799.498645,GPU-7d708c42-8d4a-16d5-0746-474567157aa3,207437,/opt/flyt/bin/flyt-shm-worker,554.0,True
evidence-c28-t-s-50-3,1790597800.4987702,GPU-7d708c42-8d4a-16d5-0746-474567157aa3,207437,/opt/flyt/bin/flyt-shm-worker,554.0,True
evidence-c28-t-s-50-3,1790597801.4988956,GPU-7d708c42-8d4a-16d5-0746-474567157aa3,207437,/opt/flyt/bin/flyt-shm-worker,554.0,True
evidence-c28-t-s-50-3,1790597802.4990463,GPU-7d708c42-8d4a-16d5-0746-474567157aa3,207437,/opt/flyt/bin/flyt-shm-worker,554.0,True
evidence-c28-t-s-50-3,1790597803.4991841,GPU-7d708c42-8d4a-16d5-0746-474567157aa3,207437,/opt/flyt/bin/flyt-shm-worker,554.0,True
evidence-c28-t-s-50-3,1790597804.4993029,GPU-7d708c42-8d4a-16d5-0746-474567157aa3,207437,/opt/flyt/bin/flyt-shm-worker,554.0,True
evidence-c28-t-s-50-3,1790597805.4994252,GPU-7d708c42-8d4a-16d5-0746-474567157aa3,207437,/opt/flyt/bin/flyt-shm-worker,554.0,True
evidence-c28-t-s-50-3,1790597806.4995537,GPU-7d708c42-8d4a-16d5-0746-474567157aa3,207437,/opt/flyt/bin/flyt-shm-worker,554.0,True
evidence-c28-t-s-50-3,1790597807.4997222,GPU-7d708c42-8d4a-16d5-0746-474567157aa3,207437,/opt/flyt/bin/flyt-shm-worker,554.0,True
evidence-c28-t-s-50-3,1790597808.4998558,GPU-7d708c42-8d4a-16d5-0746-474567157aa3,207437,/opt/flyt/bin/flyt-shm-worker,554.0,True
evidence-c28-t-s-50-3,1790597809.4999762,GPU-7d708c42-8d4a-16d5-0746-474567157aa3,207437,/opt/flyt/bin/flyt-shm-worker,554.0,True
evidence-c28-t-s-50-3,1790597810.5002062,GPU-7d708c42-8d4a-16d5-0746-474567157aa3,207437,/opt/flyt/bin/flyt-shm-worker,554.0,True
evidence-c28-t-s-50-3,1790597811.5003278,GPU-7d708c42-8d4a-16d5-0746-474567157aa3,207437,/opt/flyt/bin/flyt-shm-worker,554.0,True
evidence-c28-t-s-50-3,1790597812.5004873,GPU-7d708c42-8d4a-16d5-0746-474567157aa3,207437,/opt/flyt/bin/flyt-shm-worker,554.0,True
evidence-c28-t-s-50-3,1790597813.5007536,GPU-7d708c42-8d4a-16d5-0746-474567157aa3,207437,/opt/flyt/bin/flyt-shm-worker,554.0,True
evidence-c28-t-s-50-3,1790597814.5009782,GPU-7d708c42-8d4a-16d5-0746-474567157aa3,207437,/opt/flyt/bin/flyt-shm-worker,554.0,True
evidence-c28-t-s-50-3,1790597815.501103,GPU-7d708c42-8d4a-16d5-0746-474567157aa3,207437,/opt/flyt/bin/flyt-shm-worker,554.0,True
evidence-c28-t-s-50-3,1790597816.5012627,GPU-7d708c42-8d4a-16d5-0746-474567157aa3,207437,/opt/flyt/bin/flyt-shm-worker,554.0,True
evidence-c28-t-s-50-3,1790597817.5013871,GPU-7d708c42-8d4a-16d5-0746-474567157aa3,207437,/opt/flyt/bin/flyt-shm-worker,554.0,True
evidence-c28-t-s-50-3,1790597818.5015116,GPU-7d708c42-8d4a-16d5-0746-474567157aa3,207437,/opt/flyt/bin/flyt-shm-worker,554.0,True
evidence-c28-t-s-50-3,1790597819.5016487,GPU-7d708c42-8d4a-16d5-0746-474567157aa3,207437,/opt/flyt/bin/flyt-shm-worker,554.0,True
evidence-c28-t-s-50-3,1790597820.501787,GPU-7d708c42-8d4a-16d5-0746-474567157aa3,207437,/opt/flyt/bin/flyt-shm-worker,554.0,True
evidence-c28-t-s-50-3,1790597821.501911,GPU-7d708c42-8d4a-16d5-0746-474567157aa3,207437,/opt/flyt/bin/flyt-shm-worker,554.0,True
evidence-c28-t-s-50-3,1790597822.504728,GPU-7d708c42-8d4a-16d5-0746-474567157aa3,207437,/opt/flyt/bin/flyt-shm-worker,554.0,True
evidence-c28-t-s-50-3,1790597823.5048268,GPU-7d708c42-8d4a-16d5-0746-474567157aa3,207437,/opt/flyt/bin/flyt-shm-worker,554.0,True
evidence-c28-t-s-50-3,1790597824.5049462,GPU-7d708c42-8d4a-16d5-0746-474567157aa3,207437,/opt/flyt/bin/flyt-shm-worker,554.0,True
evidence-c28-t-s-50-3,1790597825.5050592,GPU-7d708c42-8d4a-16d5-0746-474567157aa3,207437,/opt/flyt/bin/flyt-shm-worker,554.0,True
evidence-c28-t-s-50-3,1790597826.5051837,GPU-7d708c42-8d4a-16d5-0746-474567157aa3,207437,/opt/flyt/bin/flyt-shm-worker,554.0,True
evidence-c28-t-s-50-3,1790597827.505317,GPU-7d708c42-8d4a-16d5-0746-474567157aa3,207437,/opt/flyt/bin/flyt-shm-worker,554.0,True
evidence-c28-t-s-50-3,1790597828.5054426,GPU-7d708c42-8d4a-16d5-0746-474567157aa3,207437,/opt/flyt/bin/flyt-shm-worker,554.0,True
